{"v":"4.8.0","meta":{"g":"LottieFiles AE 3.5.3","a":"","k":"","d":"","tc":""},"fr":29.9700012207031,"ip":0,"op":90.0000036657751,"w":1500,"h":1500,"nm":"쿼카_Base","ddd":0,"assets":[],"layers":[{"ddd":0,"ind":1,"ty":4,"nm":"코 윤곽선","sr":1,"ks":{"o":{"a":0,"k":100,"ix":11},"r":{"a":0,"k":0,"ix":10},"p":{"a":1,"k":[{"i":{"x":0.833,"y":0.833},"o":{"x":0.167,"y":0.167},"t":24,"s":[730.747,605.997,0],"to":[0,0,0],"ti":[0,0,0]},{"i":{"x":0.833,"y":0.833},"o":{"x":0.167,"y":0.167},"t":26,"s":[730.747,599.997,0],"to":[0,0,0],"ti":[0,0,0]},{"i":{"x":0.833,"y":0.833},"o":{"x":0.167,"y":0.167},"t":28,"s":[730.747,605.997,0],"to":[0,0,0],"ti":[0,0,0]},{"i":{"x":0.833,"y":0.833},"o":{"x":0.167,"y":0.167},"t":30,"s":[730.747,599.997,0],"to":[0,0,0],"ti":[0,0,0]},{"i":{"x":0.833,"y":0.833},"o":{"x":0.167,"y":0.167},"t":32,"s":[730.747,605.997,0],"to":[0,0,0],"ti":[0,0,0]},{"i":{"x":0.833,"y":0.833},"o":{"x":0.167,"y":0.167},"t":70,"s":[730.747,605.997,0],"to":[0,0,0],"ti":[0,0,0]},{"i":{"x":0.833,"y":0.833},"o":{"x":0.167,"y":0.167},"t":72,"s":[730.747,599.997,0],"to":[0,0,0],"ti":[0,0,0]},{"i":{"x":0.833,"y":0.833},"o":{"x":0.167,"y":0.167},"t":74,"s":[730.747,605.997,0],"to":[0,0,0],"ti":[0,0,0]},{"i":{"x":0.833,"y":0.833},"o":{"x":0.167,"y":0.167},"t":76,"s":[730.747,599.997,0],"to":[0,0,0],"ti":[0,0,0]},{"t":78.0000031770051,"s":[730.747,605.997,0]}],"ix":2},"a":{"a":0,"k":[730.747,605.997,0],"ix":1},"s":{"a":0,"k":[100,100,100],"ix":6}},"ao":0,"shapes":[{"ty":"gr","it":[{"ind":0,"ty":"sh","ix":1,"ks":{"a":0,"k":{"i":[[0,0],[0.885,2.665],[0.556,5.511],[-0.37,5.558],[-0.229,2.934],[-6.485,8.24],[-4.408,3.703],[-8.214,-2.528],[-3.478,-0.089],[-7.229,-14.991],[-2.067,-9.844],[5.254,-9.872],[1.785,-2.997],[5.395,-3.529],[14.783,2.533],[5.395,4.458],[4.026,4.236],[0.163,1.624]],"o":[[-1.497,-2.462],[-1.761,-5.307],[-0.554,-5.478],[0.195,-2.936],[0.86,-11.036],[3.522,-4.475],[6.279,-5.273],[3.209,0.988],[17.209,0.441],[4.377,9.075],[2.237,10.651],[-1.751,3.29],[-3.606,6.052],[-12.025,7.863],[-6.96,-1.193],[-4.503,-3.721],[-0.888,-0.935],[0,0]],"v":[[-45.338,34.911],[-49.723,27.489],[-53.844,11.226],[-53.125,-5.443],[-52.206,-14.227],[-38.871,-42.207],[-26.28,-54.022],[-4.773,-58.648],[5.616,-58.161],[42.237,-34.054],[52.162,-5.356],[48.384,26.334],[41.506,36.024],[27.646,49.447],[-11.993,58.642],[-30.799,51.592],[-43.547,39.534],[-44.141,34.763]],"c":true},"ix":2},"nm":"패스 1","mn":"ADBE Vector Shape - Group","hd":false},{"ty":"fl","c":{"a":0,"k":[0,0,0,1],"ix":4},"o":{"a":0,"k":100,"ix":5},"r":1,"bm":0,"nm":"칠 1","mn":"ADBE Vector Graphic - Fill","hd":false},{"ty":"tr","p":{"a":0,"k":[731.084,606.17],"ix":2},"a":{"a":0,"k":[0,0],"ix":1},"s":{"a":0,"k":[100,100],"ix":3},"r":{"a":0,"k":0,"ix":6},"o":{"a":0,"k":100,"ix":7},"sk":{"a":0,"k":0,"ix":4},"sa":{"a":0,"k":0,"ix":5},"nm":"변형"}],"nm":"그룹 1","np":2,"cix":2,"bm":0,"ix":1,"mn":"ADBE Vector Group","hd":false}],"ip":0,"op":90.0000036657751,"st":0,"bm":0},{"ddd":0,"ind":2,"ty":4,"nm":"얼굴 윤곽선","sr":1,"ks":{"o":{"a":0,"k":100,"ix":11},"r":{"a":0,"k":0,"ix":10},"p":{"a":0,"k":[750,750,0],"ix":2},"a":{"a":0,"k":[750,750,0],"ix":1},"s":{"a":0,"k":[100,100,100],"ix":6}},"ao":0,"shapes":[{"ty":"gr","it":[{"ind":0,"ty":"sh","ix":1,"ks":{"a":0,"k":{"i":[[-0.017,-8.716],[2.591,-4.17],[3.695,1.463],[0.393,3.266],[-3.97,4.11],[-5.122,-0.133]],"o":[[0.327,6.01],[-3.188,5.128],[-3.887,-1.539],[-0.506,-4.206],[3.239,-3.353],[10.21,0.264]],"v":[[15.549,-1.899],[7.732,10.587],[-4.279,13.083],[-13.843,4.586],[-11.906,-9.408],[-0.112,-15.583]],"c":true},"ix":2},"nm":"패스 1","mn":"ADBE Vector Shape - Group","hd":false},{"ty":"fl","c":{"a":0,"k":[0,0,0,1],"ix":4},"o":{"a":0,"k":100,"ix":5},"r":1,"bm":0,"nm":"칠 1","mn":"ADBE Vector Graphic - Fill","hd":false},{"ty":"tr","p":{"a":0,"k":[675.61,528.595],"ix":2},"a":{"a":0,"k":[0,0],"ix":1},"s":{"a":0,"k":[100,100],"ix":3},"r":{"a":0,"k":0,"ix":6},"o":{"a":0,"k":100,"ix":7},"sk":{"a":0,"k":0,"ix":4},"sa":{"a":0,"k":0,"ix":5},"nm":"변형"}],"nm":"그룹 1","np":2,"cix":2,"bm":0,"ix":1,"mn":"ADBE Vector Group","hd":false},{"ty":"gr","it":[{"ind":0,"ty":"sh","ix":1,"ks":{"a":0,"k":{"i":[[-0.838,-12.983],[6.177,0.208],[1.369,11.053],[-8.442,0.766]],"o":[[0.424,6.564],[-10.369,-0.349],[-0.809,-6.532],[9.865,-0.895]],"v":[[15.072,1.987],[3.997,15.259],[-14.687,-0.599],[0.409,-14.573]],"c":true},"ix":2},"nm":"패스 1","mn":"ADBE Vector Shape - Group","hd":false},{"ty":"fl","c":{"a":0,"k":[0,0,0,1],"ix":4},"o":{"a":0,"k":100,"ix":5},"r":1,"bm":0,"nm":"칠 1","mn":"ADBE Vector Graphic - Fill","hd":false},{"ty":"tr","p":{"a":0,"k":[781.862,522.471],"ix":2},"a":{"a":0,"k":[0,0],"ix":1},"s":{"a":0,"k":[100,100],"ix":3},"r":{"a":0,"k":0,"ix":6},"o":{"a":0,"k":100,"ix":7},"sk":{"a":0,"k":0,"ix":4},"sa":{"a":0,"k":0,"ix":5},"nm":"변형"}],"nm":"그룹 2","np":2,"cix":2,"bm":0,"ix":2,"mn":"ADBE Vector Group","hd":false},{"ty":"gr","it":[{"ind":0,"ty":"sh","ix":1,"ks":{"a":0,"k":{"i":[[0.328,6.01],[10.209,0.264],[3.24,-3.354],[-0.505,-4.206],[-3.887,-1.539],[-3.188,5.128]],"o":[[-0.016,-8.716],[-5.123,-0.132],[-3.97,4.109],[0.393,3.266],[3.695,1.463],[2.592,-4.169]],"v":[[-39.591,-33.919],[-55.251,-47.603],[-67.045,-41.427],[-68.982,-27.434],[-59.419,-18.937],[-47.407,-21.433]],"c":true},"ix":2},"nm":"패스 1","mn":"ADBE Vector Shape - Group","hd":false},{"ind":1,"ty":"sh","ix":2,"ks":{"a":0,"k":{"i":[[0.423,6.564],[9.865,-0.895],[-0.809,-6.533],[-10.369,-0.349]],"o":[[-0.838,-12.983],[-8.441,0.766],[1.369,11.053],[6.177,0.207]],"v":[[66.185,-36.156],[51.522,-52.716],[36.427,-38.742],[55.11,-22.884]],"c":true},"ix":2},"nm":"패스 2","mn":"ADBE Vector Shape - Group","hd":false},{"ind":2,"ty":"sh","ix":3,"ks":{"a":0,"k":{"i":[[0,2.126],[-4.661,13.305],[-8.481,12.153],[-9.191,1.423],[-0.29,0.384],[1.554,2.459],[4.01,12.397],[-13.251,21.028],[-11.45,5.181],[-7.846,-2.091],[-6.816,-6.111],[-8.768,-6.203],[-3.226,-3.224],[-4.743,-3.01],[-0.722,3.864],[-3.81,2.601],[-8.668,1.121],[-6.163,-7.835],[-2.431,-2.139],[-0.381,0.211],[-2.087,7.105],[-7.228,8.144],[-8.205,3.183],[-15.872,-2.485],[-4.587,-10.144],[2.285,-13.371],[1.169,-4.182],[1.996,-3.49],[2.877,-4.231],[-5.198,-3.731],[-0.513,-0.963],[-1.279,-0.491],[-2.607,-5.831],[-2.968,-9.42],[-1.514,-7.42],[-0.398,-5.038],[0.009,-9.713],[1.839,-5.357],[4.076,-3.099],[0.098,-0.76],[4.037,-7.902],[3.572,-4.57],[2.039,-2.036],[5.967,-5.021],[4.949,-3.393],[20.814,-7.469],[6.552,-2.562],[12.717,-1.159],[7.925,0.486],[15.038,2.186],[10.235,1.87],[11.576,5.343],[8.351,6.646],[5.579,10.62],[2.16,13.727]],"o":[[-0.682,-14.228],[4.911,-14.017],[4.349,-6.232],[0.423,-0.066],[1.685,-2.224],[-6.775,-10.719],[-7.522,-23.258],[6.94,-11.014],[7.288,-3.298],[8.547,2.277],[8.042,7.209],[4.327,3.061],[3.935,3.932],[2.24,1.421],[1.058,-5.658],[7.502,-5.121],[10.289,-1.331],[1.977,2.514],[0.447,0.393],[4.635,-2.567],[3.148,-10.71],[6.007,-6.767],[15.335,-5.948],[10.283,1.609],[5.693,12.588],[-0.739,4.325],[-1.068,3.821],[-2.538,4.44],[-2.367,3.482],[0.702,0.504],[0.776,1.458],[6.969,2.678],[4.03,9.015],[2.267,7.194],[1.014,4.973],[0.767,9.691],[-0.005,5.736],[-1.385,4.034],[-0.608,0.462],[-1.222,9.48],[-2.63,5.147],[-1.728,2.211],[-5.55,5.544],[-4.533,3.814],[-18.316,12.558],[-6.64,2.382],[-12.28,4.804],[-7.931,0.722],[-15.182,-0.93],[-10.264,-1.492],[-12.909,-2.358],[-9.522,-4.396],[-9.477,-7.541],[-6.644,-12.648],[-0.326,-2.074]],"v":[[-189.887,63.636],[-182.817,22.515],[-163.266,-17.164],[-146.502,-32.983],[-145.357,-33.899],[-145.585,-49.538],[-163.837,-82.864],[-156.938,-149.064],[-128.771,-172.876],[-105.264,-173.914],[-81.551,-162.604],[-57.039,-141.465],[-48.152,-130.697],[-34.602,-120.682],[-24.096,-127.97],[-14.726,-138.371],[10.432,-144.756],[34.401,-133.939],[41.506,-127.329],[43.287,-126.737],[56.796,-135.186],[74.546,-162.103],[96.457,-175.856],[143.651,-180.119],[167.014,-162.401],[170.793,-123.369],[169.021,-110.335],[163.863,-99.433],[155.656,-86.456],[155.356,-76.037],[156.312,-72.886],[159.142,-68.879],[171.155,-53.976],[181.66,-26.239],[186.605,-4.075],[189.179,10.927],[190.561,40.062],[188.215,57.175],[183.823,69.382],[182.603,71.512],[169.508,94.631],[159.856,109.144],[152.977,114.465],[136.571,131.315],[121.067,140.503],[62.089,169.995],[41.661,175.714],[3.76,181.345],[-20.14,182.119],[-65.58,177.874],[-95.961,170.534],[-132.077,157.042],[-158.186,138.59],[-178.948,110.023],[-189.842,70.005]],"c":true},"ix":2},"nm":"패스 3","mn":"ADBE Vector Shape - Group","hd":false},{"ty":"mm","mm":1,"nm":"패스 병합 1","mn":"ADBE Vector Filter - Merge","hd":false},{"ty":"fl","c":{"a":0,"k":[0.839215746113,0.690196078431,0.498039245605,1],"ix":4},"o":{"a":0,"k":100,"ix":5},"r":1,"bm":0,"nm":"칠 1","mn":"ADBE Vector Graphic - Fill","hd":false},{"ty":"tr","p":{"a":0,"k":[730.75,560.616],"ix":2},"a":{"a":0,"k":[0,0],"ix":1},"s":{"a":0,"k":[100,100],"ix":3},"r":{"a":0,"k":0,"ix":6},"o":{"a":0,"k":100,"ix":7},"sk":{"a":0,"k":0,"ix":4},"sa":{"a":0,"k":0,"ix":5},"nm":"변형"}],"nm":"그룹 3","np":5,"cix":2,"bm":0,"ix":3,"mn":"ADBE Vector Group","hd":false},{"ty":"gr","it":[{"ind":0,"ty":"sh","ix":1,"ks":{"a":0,"k":{"i":[[-0.682,-14.229],[-0.326,-2.074],[-6.643,-12.648],[-9.476,-7.541],[-9.522,-4.395],[-12.908,-2.358],[-10.264,-1.492],[-15.182,-0.93],[-7.931,0.723],[-12.279,4.803],[-6.64,2.383],[-18.316,12.558],[-4.533,3.813],[-5.551,5.544],[-1.728,2.211],[-2.63,5.147],[-1.222,9.481],[-0.607,0.462],[-1.384,4.034],[-0.005,5.736],[0.766,9.691],[1.014,4.972],[2.267,7.194],[4.03,9.015],[6.969,2.678],[0.777,1.458],[0.702,0.504],[-2.367,3.481],[-2.539,4.439],[-1.067,3.82],[-0.738,4.324],[5.693,12.588],[10.283,1.61],[15.335,-5.949],[6.007,-6.767],[3.148,-10.711],[4.635,-2.567],[0.447,0.393],[1.977,2.514],[10.288,-1.33],[7.502,-5.121],[1.057,-5.657],[2.24,1.422],[3.935,3.932],[4.327,3.062],[8.042,7.209],[8.547,2.278],[7.288,-3.298],[6.94,-11.015],[-7.523,-23.258],[-6.775,-10.72],[1.684,-2.224],[0.423,-0.065],[4.35,-6.232],[4.91,-14.016]],"o":[[0,2.125],[2.16,13.727],[5.579,10.62],[8.351,6.646],[11.576,5.344],[10.235,1.87],[15.039,2.186],[7.925,0.486],[12.717,-1.158],[6.552,-2.563],[20.814,-7.468],[4.95,-3.393],[5.968,-5.021],[2.038,-2.036],[3.572,-4.571],[4.038,-7.902],[0.098,-0.76],[4.077,-3.099],[1.839,-5.356],[0.009,-9.714],[-0.399,-5.038],[-1.514,-7.42],[-2.968,-9.42],[-2.606,-5.831],[-1.279,-0.491],[-0.513,-0.964],[-5.198,-3.73],[2.877,-4.231],[1.995,-3.49],[1.169,-4.182],[2.285,-13.372],[-4.587,-10.144],[-15.872,-2.484],[-8.205,3.183],[-7.228,8.143],[-2.087,7.104],[-0.38,0.21],[-2.432,-2.14],[-6.163,-7.836],[-8.669,1.121],[-3.81,2.602],[-0.722,3.865],[-4.743,-3.009],[-3.226,-3.224],[-8.768,-6.203],[-6.815,-6.111],[-7.846,-2.09],[-11.45,5.181],[-13.251,21.028],[4.009,12.396],[1.554,2.459],[-0.291,0.383],[-9.19,1.424],[-8.48,12.153],[-4.662,13.305]],"v":[[-190.175,63.41],[-190.13,69.779],[-179.237,109.798],[-158.474,138.364],[-132.365,156.815],[-96.25,170.308],[-65.869,177.648],[-20.429,181.893],[3.472,181.118],[41.372,175.488],[61.8,169.768],[120.779,140.277],[136.283,131.089],[152.69,114.238],[159.568,108.918],[169.219,94.405],[182.315,71.285],[183.534,69.157],[187.927,56.948],[190.273,39.836],[188.891,10.701],[186.317,-4.301],[181.372,-26.465],[170.867,-54.203],[158.854,-69.105],[156.023,-73.112],[155.068,-76.264],[155.367,-86.682],[163.576,-99.659],[168.732,-110.561],[170.505,-123.595],[166.726,-162.627],[143.362,-180.346],[96.169,-176.082],[74.258,-162.329],[56.508,-135.412],[42.998,-126.963],[41.219,-127.555],[34.112,-134.165],[10.145,-144.983],[-15.015,-138.598],[-24.383,-128.197],[-34.891,-120.909],[-48.44,-130.923],[-57.328,-141.692],[-81.839,-162.83],[-105.552,-174.141],[-129.06,-173.103],[-157.227,-149.29],[-164.125,-83.09],[-145.874,-49.764],[-145.645,-34.125],[-146.791,-33.21],[-163.555,-17.39],[-183.104,22.288]],"c":true},"ix":2},"nm":"패스 1","mn":"ADBE Vector Shape - Group","hd":false},{"ind":1,"ty":"sh","ix":2,"ks":{"a":0,"k":{"i":[[-1.996,-3.042],[-4.094,-3.374],[-28.045,-15.739],[-4.945,4.951],[-5.836,4.18],[-5.06,1.643],[-8.948,1.766],[-4.664,-0.458],[-11.654,-6.926],[-3.921,-7.363],[-1.348,-11.515],[0.453,-8.842],[1.699,-5.076],[2.7,-6.71],[-1.611,-2.475],[-2.443,-10.752],[-2.174,-8.189],[-1.49,-11.053],[0.264,-11.533],[1.502,-6.561],[1.238,-4.897],[0.975,-0.274],[1.097,-3.905],[2.256,-3.514],[2.979,-3.097],[4.939,-5.662],[3.786,-3.094],[8.184,-5.45],[10.726,-5.419],[10.778,-4.341],[6.597,-1.77],[4.211,-0.838],[4.903,-1.302],[1.632,-0.125],[9.446,-0.326],[5.328,0.143],[4.194,0.516],[14.569,2.519],[8.493,2.728],[8.958,4.453],[9.328,5.891],[3.019,3.46],[6.185,8.33],[1.309,2.049],[1.371,2.824],[0.731,1.679],[0.227,14.888],[-5.455,15.537],[-9.603,14.892],[-3.73,4.707],[1.51,2.267],[1.943,4.994],[2.066,8.328],[-1.463,9.965],[-1.669,6.737],[-1.555,3.48],[-0.962,1.74],[-15.394,7.578],[-18.443,-7.863],[-6.015,-3.905],[-5.955,-4.713]],"o":[[6.125,-0.799],[24.837,-15.524],[4.212,-5.271],[5.053,-5.059],[4.405,-3.155],[8.651,-2.808],[4.64,-0.916],[12.542,1.232],[7.348,4.367],[5.165,9.696],[1.066,9.108],[-0.267,5.218],[-2.296,6.859],[-1.047,2.602],[5.827,8.953],[1.872,8.238],[2.87,10.813],[1.542,11.427],[-0.15,6.595],[-1.128,4.926],[-0.4,1.584],[-5.704,1.602],[-1.098,3.908],[-2.344,3.65],[-5.237,5.444],[-3.193,3.66],[-7.642,6.243],[-10.004,6.662],[-10.352,5.23],[-6.342,2.554],[-4.114,1.104],[-4.964,0.988],[-1.6,0.424],[-9.43,0.716],[-5.306,0.182],[-4.263,-0.114],[-14.679,-1.809],[-8.778,-1.518],[-9.562,-3.072],[-9.845,-4.892],[-3.965,-2.504],[-6.815,-7.81],[-1.378,-1.856],[-1.333,-2.842],[-0.801,-1.651],[-6.009,-13.816],[-0.249,-16.273],[5.869,-16.712],[3.253,-5.045],[2.194,-2.768],[-3.02,-4.532],[-3.106,-7.979],[-2.4,-9.678],[1.01,-6.88],[0.899,-3.628],[0.819,-1.832],[8.226,-14.874],[17.628,-8.679],[6.539,2.787],[6.379,4.141],[2.293,1.815]],"v":[[-47.907,-160.55],[-36.503,-150.996],[42.2,-158.383],[55.323,-174.535],[72.044,-188.127],[86.167,-196.211],[112.775,-202.58],[126.981,-203.686],[163.953,-196.034],[182.271,-179.71],[192.807,-148.468],[192.794,-121.758],[188.596,-106.291],[181.106,-85.919],[181.935,-79.247],[195.698,-50.448],[203.513,-26.231],[210.76,6.542],[212.542,41.167],[208.312,60.864],[204.853,75.621],[202.969,80.034],[197.612,90.196],[191.581,101.136],[183.961,111.681],[169.289,128.814],[158.406,138.65],[135.169,156.972],[103.995,175.175],[71.976,188.946],[52.537,195.546],[39.724,197.111],[25.013,200.999],[20.172,202.081],[-8.133,203.962],[-24.102,203.144],[-36.896,203.285],[-80.836,197.104],[-106.797,190.482],[-134.971,179.774],[-163.307,162.701],[-174.552,154.251],[-193.8,129.793],[-196.653,123.131],[-200.661,114.611],[-203.208,109.728],[-212.557,66.397],[-205.227,18.394],[-182.221,-29.135],[-171.638,-43.731],[-172.32,-50.555],[-180.8,-64.491],[-188.275,-89.133],[-190.275,-118.68],[-186.534,-139.202],[-181.802,-149.586],[-179.645,-155.211],[-144.932,-189.818],[-90.547,-192.709],[-72.055,-181.729],[-53.383,-168.621]],"c":true},"ix":2},"nm":"패스 2","mn":"ADBE Vector Shape - Group","hd":false},{"ty":"mm","mm":1,"nm":"패스 병합 1","mn":"ADBE Vector Filter - Merge","hd":false},{"ty":"fl","c":{"a":0,"k":[0,0,0,1],"ix":4},"o":{"a":0,"k":100,"ix":5},"r":1,"bm":0,"nm":"칠 1","mn":"ADBE Vector Graphic - Fill","hd":false},{"ty":"tr","p":{"a":0,"k":[731.037,560.842],"ix":2},"a":{"a":0,"k":[0,0],"ix":1},"s":{"a":0,"k":[100,100],"ix":3},"r":{"a":0,"k":0,"ix":6},"o":{"a":0,"k":100,"ix":7},"sk":{"a":0,"k":0,"ix":4},"sa":{"a":0,"k":0,"ix":5},"nm":"변형"}],"nm":"그룹 4","np":4,"cix":2,"bm":0,"ix":4,"mn":"ADBE Vector Group","hd":false}],"ip":0,"op":90.0000036657751,"st":0,"bm":0},{"ddd":0,"ind":3,"ty":4,"nm":"손 윤곽선","sr":1,"ks":{"o":{"a":0,"k":100,"ix":11},"r":{"a":0,"k":0,"ix":10},"p":{"a":1,"k":[{"i":{"x":0.833,"y":0.833},"o":{"x":0.167,"y":0.167},"t":26,"s":[750,750,0],"to":[0,0,0],"ti":[0,0,0]},{"i":{"x":0.833,"y":0.833},"o":{"x":0.167,"y":0.167},"t":30,"s":[750,742,0],"to":[0,0,0],"ti":[0,0,0]},{"i":{"x":0.833,"y":0.833},"o":{"x":0.167,"y":0.167},"t":34,"s":[750,750,0],"to":[0,0,0],"ti":[0,0,0]},{"i":{"x":0.833,"y":0.833},"o":{"x":0.167,"y":0.167},"t":72,"s":[750,750,0],"to":[0,0,0],"ti":[0,0,0]},{"i":{"x":0.833,"y":0.833},"o":{"x":0.167,"y":0.167},"t":76,"s":[750,742,0],"to":[0,0,0],"ti":[0,0,0]},{"t":80.0000032584668,"s":[750,750,0]}],"ix":2},"a":{"a":0,"k":[750,750,0],"ix":1},"s":{"a":0,"k":[100,100,100],"ix":6}},"ao":0,"shapes":[{"ty":"gr","it":[{"ind":0,"ty":"sh","ix":1,"ks":{"a":0,"k":{"i":[[-2.203,-0.689],[-2.948,-1.209],[-2.987,-1.833],[-1.392,-1.172],[-0.853,-0.901],[-1.386,-7.701],[3.65,-7.045],[6.214,-1.918],[5.032,4.363],[1.184,0.073],[2.216,-0.274],[4.4,5.538],[0.095,1.141],[2.729,2.042],[-3.817,6.073],[-6.341,2.452],[-5.207,1.03]],"o":[[2.453,-1.475],[3.243,1.33],[1.507,0.925],[0.979,0.825],[5.206,5.501],[1.327,7.375],[-3.153,6.085],[-6.156,1.901],[-0.891,-0.773],[-2.223,-0.137],[-8.988,1.11],[-0.948,-1.194],[-0.392,-4.727],[-6.44,-4.819],[3.722,-5.923],[4.922,-1.904],[1.382,-0.274]],"v":[[1.062,-32.157],[9.549,-30.888],[18.935,-26.1],[22.784,-22.213],[26.178,-20.291],[37.362,-1.14],[34.761,20.31],[20.909,32.063],[3.985,28.656],[0.539,27.294],[-6.166,27.559],[-23.195,16.101],[-25.232,11.257],[-32.211,3.503],[-34.872,-17.165],[-19.611,-29.746],[-4.182,-33.69]],"c":true},"ix":2},"nm":"패스 1","mn":"ADBE Vector Shape - Group","hd":false},{"ty":"fl","c":{"a":0,"k":[0,0,0,1],"ix":4},"o":{"a":0,"k":100,"ix":5},"r":1,"bm":0,"nm":"칠 1","mn":"ADBE Vector Graphic - Fill","hd":false},{"ty":"tr","p":{"a":0,"k":[794.867,862.185],"ix":2},"a":{"a":0,"k":[0,0],"ix":1},"s":{"a":0,"k":[100,100],"ix":3},"r":{"a":0,"k":0,"ix":6},"o":{"a":0,"k":100,"ix":7},"sk":{"a":0,"k":0,"ix":4},"sa":{"a":0,"k":0,"ix":5},"nm":"변형"}],"nm":"그룹 1","np":2,"cix":2,"bm":0,"ix":1,"mn":"ADBE Vector Group","hd":false},{"ty":"gr","it":[{"ind":0,"ty":"sh","ix":1,"ks":{"a":0,"k":{"i":[[-1.97,1.203],[-2.853,1.421],[-3.348,1.038],[-1.799,0.275],[-1.24,0.047],[-6.706,-4.033],[-2.892,-7.388],[2.652,-5.938],[6.598,-0.909],[0.835,-0.843],[1.255,-1.847],[7.065,0.34],[0.921,0.681],[3.335,-0.706],[2.052,6.873],[-2.334,6.384],[-2.657,4.595]],"o":[[0.507,-2.817],[3.137,-1.562],[1.689,-0.524],[1.266,-0.193],[7.569,-0.291],[6.421,3.862],[2.499,6.382],[-2.628,5.883],[-1.168,0.161],[-1.568,1.581],[-5.088,7.492],[-1.523,-0.073],[-3.814,-2.82],[-7.869,1.668],[-2.002,-6.703],[1.812,-4.957],[0.705,-1.22]],"v":[[-24.88,-20.461],[-18.332,-26.008],[-8.545,-29.911],[-3.085,-30.245],[0.597,-31.53],[22.372,-27.321],[36.79,-11.229],[36.501,6.936],[22.785,17.418],[19.49,19.113],[15.27,24.33],[-4.571,29.587],[-9.556,27.926],[-19.987,28.065],[-37.286,16.447],[-36.691,-3.323],[-29.488,-17.527]],"c":true},"ix":2},"nm":"패스 1","mn":"ADBE Vector Shape - Group","hd":false},{"ty":"fl","c":{"a":0,"k":[0,0,0,1],"ix":4},"o":{"a":0,"k":100,"ix":5},"r":1,"bm":0,"nm":"칠 1","mn":"ADBE Vector Graphic - Fill","hd":false},{"ty":"tr","p":{"a":0,"k":[668.42,862.827],"ix":2},"a":{"a":0,"k":[0,0],"ix":1},"s":{"a":0,"k":[100,100],"ix":3},"r":{"a":0,"k":0,"ix":6},"o":{"a":0,"k":100,"ix":7},"sk":{"a":0,"k":0,"ix":4},"sa":{"a":0,"k":0,"ix":5},"nm":"변형"}],"nm":"그룹 2","np":2,"cix":2,"bm":0,"ix":2,"mn":"ADBE Vector Group","hd":false}],"ip":0,"op":90.0000036657751,"st":0,"bm":0},{"ddd":0,"ind":4,"ty":4,"nm":"발 윤곽선","sr":1,"ks":{"o":{"a":0,"k":100,"ix":11},"r":{"a":0,"k":0,"ix":10},"p":{"a":0,"k":[750,750,0],"ix":2},"a":{"a":0,"k":[750,750,0],"ix":1},"s":{"a":0,"k":[100,100,100],"ix":6}},"ao":0,"shapes":[{"ty":"gr","it":[{"ind":0,"ty":"sh","ix":1,"ks":{"a":0,"k":{"i":[[3.041,-0.134],[5.178,0.462],[6.858,2.476],[4.665,8.141],[-3.361,8.256],[-4.449,3.384],[-9.289,-2.757],[-2.967,-0.824],[-8.54,-3.676],[-3.15,-9.776],[3.092,-6.524],[8.185,-1.416],[2.626,-0.581]],"o":[[-3.654,3.528],[-7.274,-0.648],[-8.718,-3.147],[-4.082,-7.124],[2.214,-5.44],[6.687,-5.087],[2.937,0.872],[8.993,2.496],[9.144,3.936],[1.852,5.749],[-3.264,6.884],[-2.635,0.455],[-1.905,0.422]],"v":[[15.596,31.742],[0.826,33.156],[-20.711,28.569],[-42.238,12.1],[-45.653,-11.734],[-36.037,-26.625],[-12.024,-32.514],[-2.516,-32.236],[24.126,-23.63],[44.142,-3.384],[45.922,15.021],[30.31,28.966],[22.582,31.367]],"c":true},"ix":2},"nm":"패스 1","mn":"ADBE Vector Shape - Group","hd":false},{"ty":"fl","c":{"a":0,"k":[0,0,0,1],"ix":4},"o":{"a":0,"k":100,"ix":5},"r":1,"bm":0,"nm":"칠 1","mn":"ADBE Vector Graphic - Fill","hd":false},{"ty":"tr","p":{"a":0,"k":[843.87,1201.809],"ix":2},"a":{"a":0,"k":[0,0],"ix":1},"s":{"a":0,"k":[100,100],"ix":3},"r":{"a":0,"k":0,"ix":6},"o":{"a":0,"k":100,"ix":7},"sk":{"a":0,"k":0,"ix":4},"sa":{"a":0,"k":0,"ix":5},"nm":"변형"}],"nm":"그룹 1","np":2,"cix":2,"bm":0,"ix":1,"mn":"ADBE Vector Group","hd":false},{"ty":"gr","it":[{"ind":0,"ty":"sh","ix":1,"ks":{"a":0,"k":{"i":[[-2.809,1.172],[-5.021,1.347],[-7.29,0.034],[-7.181,-6.04],[0.317,-8.909],[3.014,-4.708],[9.67,-0.606],[3.07,-0.247],[9.283,0.515],[6.32,8.097],[-0.66,7.189],[-7.199,4.145],[-2.266,1.449]],"o":[[2.218,-4.57],[7.054,-1.893],[9.269,-0.043],[6.283,5.286],[-0.208,5.869],[-4.529,7.076],[-3.058,0.191],[-9.303,0.749],[-9.94,-0.551],[-3.716,-4.76],[0.697,-7.587],[2.317,-1.334],[1.644,-1.052]],"v":[[-24.698,-22.947],[-11.315,-29.353],[10.484,-32.454],[36.363,-24.393],[47.766,-3.186],[43.857,14.103],[23.336,27.891],[14.311,30.901],[-13.664,31.982],[-39.424,19.853],[-47.424,3.185],[-37.561,-15.28],[-31.13,-20.192]],"c":true},"ix":2},"nm":"패스 1","mn":"ADBE Vector Shape - Group","hd":false},{"ty":"fl","c":{"a":0,"k":[0,0,0,1],"ix":4},"o":{"a":0,"k":100,"ix":5},"r":1,"bm":0,"nm":"칠 1","mn":"ADBE Vector Graphic - Fill","hd":false},{"ty":"tr","p":{"a":0,"k":[604.919,1201.711],"ix":2},"a":{"a":0,"k":[0,0],"ix":1},"s":{"a":0,"k":[100,100],"ix":3},"r":{"a":0,"k":0,"ix":6},"o":{"a":0,"k":100,"ix":7},"sk":{"a":0,"k":0,"ix":4},"sa":{"a":0,"k":0,"ix":5},"nm":"변형"}],"nm":"그룹 2","np":2,"cix":2,"bm":0,"ix":2,"mn":"ADBE Vector Group","hd":false}],"ip":0,"op":90.0000036657751,"st":0,"bm":0},{"ddd":0,"ind":5,"ty":4,"nm":"몸통 윤곽선","sr":1,"ks":{"o":{"a":0,"k":100,"ix":11},"r":{"a":0,"k":0,"ix":10},"p":{"a":0,"k":[750,750,0],"ix":2},"a":{"a":0,"k":[750,750,0],"ix":1},"s":{"a":0,"k":[100,100,100],"ix":6}},"ao":0,"shapes":[{"ty":"gr","it":[{"ind":0,"ty":"sh","ix":1,"ks":{"a":0,"k":{"i":[[2.07,3.498],[0.859,1.663],[3.807,15.815],[1.703,17.934],[0.075,8.593],[-0.426,4.813],[-1.914,16.95],[-3.696,18.14],[-1.711,6.719],[-1.096,3.532],[-3.442,10.965],[-3.669,11.754],[-2.04,6.377],[-1.683,3.798],[-1.727,7.953],[-8.786,3.061],[-17.391,4.003],[-15.87,2.068],[-11.51,-0.452],[-15.368,-1.573],[-6.277,-1.132],[-6.235,-1.803],[-4.96,-1.237],[-2.422,-3.652],[-5.942,-5.383],[-2.924,-4.216],[-2.685,-5.978],[-4.219,-10.765],[-4.198,-12.014],[-1.732,-6.807],[-3.322,-10.239],[-2.49,-11.051],[-0.872,-4.561],[-0.115,-2.838],[-0.193,-15.638],[0.842,-6.509],[2.33,-12.676],[2.607,-7.484],[5.755,-13.76],[3.559,-6.182],[10.893,-9.689],[12.703,-3.06],[5.156,-0.793],[1.81,0.335],[6.962,2.004],[13.544,3.662],[13.171,2.523],[4.355,-0.785],[10.166,-3.775],[7.607,-4.138],[11.783,-2.622],[12.121,9.029],[6.674,6.894]],"o":[[-0.285,-1.322],[-7.555,-14.617],[-4.228,-17.567],[-0.808,-8.512],[-0.043,-4.869],[1.504,-16.995],[2.089,-18.5],[1.389,-6.813],[0.907,-3.559],[3.406,-10.979],[3.688,-11.748],[1.996,-6.395],[1.256,-3.925],[3.342,-7.542],[2.792,-12.858],[16.89,-5.886],[15.602,-3.592],[11.468,-1.494],[15.402,0.606],[6.357,0.651],[6.358,1.147],[4.925,1.423],[4.232,1.056],[4.596,6.928],[4.373,3.961],[3.71,5.348],[4.726,10.523],[4.64,11.838],[2.304,6.596],[2.666,10.477],[3.531,10.88],[1.021,4.532],[0.528,2.765],[0.639,15.632],[0.08,6.512],[-1.658,12.809],[-1.428,7.774],[-4.922,14.131],[-2.722,6.508],[-7.519,13.059],[-9.943,8.844],[-5.085,1.225],[-1.712,0.263],[-7.142,-1.324],[-13.495,-3.884],[-12.953,-3.502],[-4.378,-0.839],[-10.421,1.879],[-7.796,2.895],[-10.623,5.779],[-14.801,3.294],[-8.001,-5.96],[-2.174,-2.246]],"v":[[-184.937,200.244],[-186.109,195.123],[-199.999,148.44],[-206.819,94.843],[-207.022,69.075],[-207.32,54.481],[-202.195,3.556],[-190.621,-50.748],[-186.501,-71.19],[-182.108,-81.402],[-172.326,-114.486],[-160.749,-149.553],[-155.677,-169.052],[-150.268,-180.255],[-140.79,-203.079],[-118.905,-221.079],[-67.338,-235.831],[-19.954,-243.78],[14.682,-245.994],[60.792,-241.494],[79.849,-239.478],[98.689,-234.628],[113.34,-229.898],[122.83,-222.779],[137.401,-202.707],[145.091,-189.284],[154.854,-172.224],[168.008,-140.15],[181.475,-104.445],[186.984,-84.121],[194.978,-52.7],[202.093,-19.444],[205.311,-5.889],[205.946,2.602],[207.666,49.502],[205.558,69.066],[200.26,107.435],[193.404,130.227],[177.969,172.348],[166.543,190.383],[137.597,223.231],[103.307,240.727],[87.947,243.875],[82.553,242.838],[61.153,238.789],[20.929,226.144],[-18.404,217.602],[-31.869,217.277],[-63.247,221.934],[-86.537,230.993],[-120.885,243.153],[-160.573,231.05],[-179.473,209.25]],"c":true},"ix":2},"nm":"패스 1","mn":"ADBE Vector Shape - Group","hd":false},{"ty":"fl","c":{"a":0,"k":[0.839215746113,0.690196078431,0.498039245605,1],"ix":4},"o":{"a":0,"k":100,"ix":5},"r":1,"bm":0,"nm":"칠 1","mn":"ADBE Vector Graphic - Fill","hd":false},{"ty":"tr","p":{"a":0,"k":[731.309,923.996],"ix":2},"a":{"a":0,"k":[0,0],"ix":1},"s":{"a":0,"k":[100,100],"ix":3},"r":{"a":0,"k":0,"ix":6},"o":{"a":0,"k":100,"ix":7},"sk":{"a":0,"k":0,"ix":4},"sa":{"a":0,"k":0,"ix":5},"nm":"변형"}],"nm":"그룹 1","np":2,"cix":2,"bm":0,"ix":1,"mn":"ADBE Vector Group","hd":false},{"ty":"gr","it":[{"ind":0,"ty":"sh","ix":1,"ks":{"a":0,"k":{"i":[[-0.285,-1.322],[-2.174,-2.246],[-8.001,-5.96],[-14.801,3.294],[-10.623,5.779],[-7.796,2.895],[-10.421,1.879],[-4.378,-0.839],[-12.953,-3.502],[-13.495,-3.884],[-7.142,-1.324],[-1.712,0.263],[-5.085,1.225],[-9.943,8.844],[-7.519,13.059],[-2.722,6.508],[-4.922,14.131],[-1.428,7.774],[-1.658,12.809],[0.08,6.512],[0.639,15.632],[0.528,2.765],[1.021,4.532],[3.531,10.88],[2.666,10.477],[2.304,6.596],[4.64,11.838],[4.726,10.523],[3.71,5.348],[4.373,3.961],[4.596,6.928],[4.232,1.056],[4.925,1.423],[6.358,1.147],[6.357,0.651],[15.402,0.606],[11.468,-1.494],[15.602,-3.592],[16.89,-5.886],[2.792,-12.858],[3.342,-7.542],[1.256,-3.925],[1.996,-6.395],[3.688,-11.748],[3.406,-10.979],[0.907,-3.559],[1.389,-6.813],[2.089,-18.5],[1.504,-16.995],[-0.043,-4.869],[-0.808,-8.512],[-4.228,-17.567],[-7.555,-14.617]],"o":[[2.07,3.498],[6.674,6.894],[12.121,9.029],[11.783,-2.622],[7.607,-4.138],[10.166,-3.775],[4.355,-0.785],[13.171,2.523],[13.544,3.662],[6.962,2.004],[1.81,0.335],[5.156,-0.793],[12.703,-3.06],[10.893,-9.689],[3.559,-6.182],[5.755,-13.76],[2.607,-7.484],[2.33,-12.676],[0.842,-6.509],[-0.193,-15.638],[-0.115,-2.838],[-0.872,-4.561],[-2.49,-11.051],[-3.322,-10.239],[-1.732,-6.807],[-4.198,-12.014],[-4.219,-10.765],[-2.685,-5.978],[-2.924,-4.216],[-5.942,-5.383],[-2.422,-3.652],[-4.96,-1.237],[-6.235,-1.803],[-6.277,-1.132],[-15.368,-1.573],[-11.51,-0.452],[-15.87,2.068],[-17.391,4.003],[-8.786,3.061],[-1.727,7.953],[-1.683,3.798],[-2.04,6.377],[-3.669,11.754],[-3.442,10.965],[-1.096,3.532],[-1.711,6.719],[-3.696,18.14],[-1.914,16.95],[-0.426,4.813],[0.075,8.593],[1.703,17.934],[3.807,15.815],[0.859,1.663]],"v":[[-185.284,201.045],[-179.82,210.051],[-160.92,231.851],[-121.232,243.953],[-86.884,231.794],[-63.594,222.734],[-32.216,218.078],[-18.751,218.403],[20.582,226.945],[60.806,239.589],[82.206,243.639],[87.6,244.676],[102.96,241.528],[137.25,224.031],[166.196,191.184],[177.622,173.149],[193.057,131.028],[199.913,108.236],[205.211,69.867],[207.319,50.302],[205.599,3.403],[204.964,-5.089],[201.746,-18.643],[194.631,-51.899],[186.637,-83.32],[181.128,-103.644],[167.661,-139.349],[154.507,-171.423],[144.744,-188.484],[137.054,-201.906],[122.483,-221.979],[112.993,-229.097],[98.342,-233.828],[79.502,-238.677],[60.445,-240.693],[14.335,-245.193],[-20.301,-242.979],[-67.685,-235.031],[-119.252,-220.279],[-141.137,-202.279],[-150.615,-179.454],[-156.024,-168.251],[-161.096,-148.753],[-172.673,-113.685],[-182.455,-80.602],[-186.848,-70.389],[-190.968,-49.948],[-202.542,4.356],[-207.667,55.281],[-207.369,69.875],[-207.166,95.643],[-200.346,149.24],[-186.456,195.924]],"c":true},"ix":2},"nm":"패스 1","mn":"ADBE Vector Shape - Group","hd":false},{"ind":1,"ty":"sh","ix":2,"ks":{"a":0,"k":{"i":[[0.505,1.472],[1.507,2.026],[2.462,5.066],[2.395,8.105],[0.92,3.729],[1.125,24.596],[-0.134,9.041],[-0.355,5.106],[-1.873,13.654],[-2.401,11.166],[-2.863,11.622],[-1.848,6.051],[-0.726,2.214],[-2.495,8.149],[-2.649,9.134],[-2.325,6.883],[-3.729,9.876],[-2.775,8.714],[-7.915,4.327],[-8.583,2.662],[-12.149,2.933],[-11.782,2.282],[-7.196,1.046],[-2.579,0.07],[-3.246,0.207],[-8.485,-0.148],[-7.3,-0.758],[-7.655,-1.171],[-9.119,-2.034],[-8.309,-2.737],[-4.529,-1.689],[-5.816,-7.938],[-5.05,-8.761],[-3.064,-6.558],[-2.156,-5.794],[-5.336,-15.354],[-1.85,-6.624],[-1.125,-4.473],[-0.654,-2.871],[-3.154,-18.436],[-0.802,-15.511],[0.792,-10.081],[1.933,-9.997],[3.35,-15.18],[6.61,-13.794],[3.162,-5.474],[1.372,-1.934],[2.199,-2.365],[0.329,-0.733],[11.263,-8.558],[7.233,-3.287],[8.525,-1.616],[8.126,0.788],[8.902,2.513],[13.985,3.722],[9.887,1.604],[12.911,-2.949],[5.52,-2.137],[4.185,-1.968],[6.991,-1.934],[6.39,0.582],[8.195,3.426],[8.767,10.017],[3,4.273]],"o":[[-1.803,-2.477],[-3.389,-4.558],[-3.621,-7.447],[-1.089,-3.685],[-5.904,-23.928],[-0.412,-9.005],[0.076,-5.14],[0.956,-13.775],[1.55,-11.299],[2.519,-11.713],[1.511,-6.134],[0.683,-2.236],[2.655,-8.098],[2.784,-9.087],[2.026,-6.986],[3.383,-10.016],[3.235,-8.571],[3.211,-10.083],[7.857,-4.296],[11.959,-3.709],[11.667,-2.817],[7.148,-1.385],[2.51,-0.365],[3.246,-0.088],[8.492,-0.544],[7.302,0.128],[7.71,0.801],[9.221,1.41],[8.535,1.904],[4.555,1.5],[10.732,4.003],[5.946,8.116],[3.586,6.219],[2.621,5.611],[5.667,15.22],[2.254,6.489],[1.239,4.432],[0.721,2.864],[4.154,18.241],[2.614,15.273],[0.52,10.037],[-0.801,10.211],[-2.949,15.258],[-3.353,15.192],[-2.725,5.688],[-1.214,2.101],[-1.862,2.622],[-0.546,0.587],[-6.179,13.765],[-6.445,4.897],[-7.921,3.601],[-8.087,1.532],[-9.108,-0.882],[-13.937,-3.934],[-9.684,-2.576],[-13.296,-2.157],[-5.778,1.32],[-4.264,1.65],[-6.639,3.124],[-6.258,1.731],[-8.319,-0.759],[-12.38,-5.174],[-3.426,-3.914],[-1.257,-1.79]],"v":[[-196.446,220.359],[-201.227,213.802],[-208.036,198.399],[-215.507,174.244],[-218.812,163.203],[-228.332,90.227],[-227.663,63.115],[-227.959,47.691],[-224.311,6.438],[-217.432,-27.122],[-209.637,-62.203],[-203.819,-80.258],[-202.533,-87.221],[-194.299,-111.417],[-186.645,-138.912],[-180.096,-159.717],[-169.604,-189.633],[-159.297,-215.086],[-140.607,-234.943],[-115.311,-244.324],[-79.171,-254.493],[-43.874,-261.592],[-22.38,-265.43],[-14.637,-264.958],[-4.914,-265.841],[20.567,-267.18],[42.444,-264.811],[65.584,-262.547],[93.085,-257.182],[118.501,-250.621],[131.419,-243.602],[149.486,-220.161],[165.96,-194.735],[175.099,-175.049],[183.064,-158.279],[199.358,-112.329],[205.644,-92.685],[208.426,-79.102],[211.492,-70.763],[223.464,-15.93],[228.224,30.44],[226.652,60.724],[223.483,91.268],[212.88,136.671],[196.848,179.698],[187.065,195.922],[184.195,202.703],[177.618,209.797],[176.209,211.784],[147.612,242.922],[127.312,256.115],[102.269,263.705],[77.585,265.401],[50.588,259.178],[8.93,246.792],[-20.559,240.889],[-59.758,244.523],[-76.918,249.215],[-89.008,256.178],[-109.327,264.526],[-128.759,266.745],[-153.502,261.354],[-184.63,238.384],[-194.361,226.132]],"c":true},"ix":2},"nm":"패스 2","mn":"ADBE Vector Shape - Group","hd":false},{"ty":"mm","mm":1,"nm":"패스 병합 1","mn":"ADBE Vector Filter - Merge","hd":false},{"ty":"fl","c":{"a":0,"k":[0,0,0,1],"ix":4},"o":{"a":0,"k":100,"ix":5},"r":1,"bm":0,"nm":"칠 1","mn":"ADBE Vector Graphic - Fill","hd":false},{"ty":"tr","p":{"a":0,"k":[731.656,923.195],"ix":2},"a":{"a":0,"k":[0,0],"ix":1},"s":{"a":0,"k":[100,100],"ix":3},"r":{"a":0,"k":0,"ix":6},"o":{"a":0,"k":100,"ix":7},"sk":{"a":0,"k":0,"ix":4},"sa":{"a":0,"k":0,"ix":5},"nm":"변형"}],"nm":"그룹 2","np":4,"cix":2,"bm":0,"ix":2,"mn":"ADBE Vector Group","hd":false}],"ip":0,"op":90.0000036657751,"st":0,"bm":0}],"markers":[]}