{"v":"4.8.0","meta":{"g":"LottieFiles AE 3.5.3","a":"","k":"","d":"","tc":""},"fr":29.9700012207031,"ip":0,"op":90.0000036657751,"w":1500,"h":1500,"nm":"고양이_Base","ddd":0,"assets":[],"layers":[{"ddd":0,"ind":1,"ty":4,"nm":"머리 윤곽선","sr":1,"ks":{"o":{"a":0,"k":100,"ix":11},"r":{"a":0,"k":0,"ix":10},"p":{"a":0,"k":[750,750,0],"ix":2},"a":{"a":0,"k":[750,750,0],"ix":1},"s":{"a":0,"k":[100,100,100],"ix":6}},"ao":0,"shapes":[{"ty":"gr","it":[{"ind":0,"ty":"sh","ix":1,"ks":{"a":0,"k":{"i":[[-0.709,-8.654],[6.163,-0.527],[0.224,6.697],[-12.124,1.051]],"o":[[0.639,7.801],[-9.002,0.769],[-0.358,-10.676],[9.127,-0.791]],"v":[[14.712,-1.883],[3.742,14.656],[-14.992,3.244],[-1.202,-14.635]],"c":true},"ix":2},"nm":"패스 1","mn":"ADBE Vector Shape - Group","hd":false},{"ty":"fl","c":{"a":0,"k":[0,0,0,1],"ix":4},"o":{"a":0,"k":100,"ix":5},"r":1,"bm":0,"nm":"칠 1","mn":"ADBE Vector Graphic - Fill","hd":false},{"ty":"tr","p":{"a":0,"k":[584.454,672.596],"ix":2},"a":{"a":0,"k":[0,0],"ix":1},"s":{"a":0,"k":[100,100],"ix":3},"r":{"a":0,"k":0,"ix":6},"o":{"a":0,"k":100,"ix":7},"sk":{"a":0,"k":0,"ix":4},"sa":{"a":0,"k":0,"ix":5},"nm":"변형"}],"nm":"그룹 1","np":2,"cix":2,"bm":0,"ix":1,"mn":"ADBE Vector Group","hd":false},{"ty":"gr","it":[{"ind":0,"ty":"sh","ix":1,"ks":{"a":0,"k":{"i":[[-0.866,-8.486],[9.572,-0.019],[-0.476,8.502],[-4.982,-0.365]],"o":[[-0.018,11.615],[-9.772,0.02],[0.375,-6.725],[10.082,0.739]],"v":[[16.806,-1.699],[1.65,16.688],[-16.329,0.49],[-0.349,-16.344]],"c":true},"ix":2},"nm":"패스 1","mn":"ADBE Vector Shape - Group","hd":false},{"ty":"fl","c":{"a":0,"k":[0,0,0,1],"ix":4},"o":{"a":0,"k":100,"ix":5},"r":1,"bm":0,"nm":"칠 1","mn":"ADBE Vector Graphic - Fill","hd":false},{"ty":"tr","p":{"a":0,"k":[486.072,675.057],"ix":2},"a":{"a":0,"k":[0,0],"ix":1},"s":{"a":0,"k":[100,100],"ix":3},"r":{"a":0,"k":0,"ix":6},"o":{"a":0,"k":100,"ix":7},"sk":{"a":0,"k":0,"ix":4},"sa":{"a":0,"k":0,"ix":5},"nm":"변형"}],"nm":"그룹 2","np":2,"cix":2,"bm":0,"ix":2,"mn":"ADBE Vector Group","hd":false},{"ty":"gr","it":[{"ind":0,"ty":"sh","ix":1,"ks":{"a":0,"k":{"i":[[0.218,0.554],[6.751,-2.849],[2.31,-1.514],[0.859,0.126],[0.179,0.802],[-3.107,8.67],[-6.255,2.89],[-6.352,1.259],[-5.33,-0.586],[1.325,-3.535],[-0.019,-1.518],[5.37,0.565],[2.22,-0.612]],"o":[[-6.861,2.591],[-2.486,1.048],[-0.805,0.527],[-1.47,-0.216],[-1.05,-4.697],[2.773,-7.737],[5.915,-2.733],[5.173,-1.025],[3.75,0.411],[-0.493,1.316],[0.04,3.153],[-2.133,-0.224],[-0.218,-0.554]],"v":[[15.803,3.724],[-4.741,11.586],[-11.561,16.26],[-14.311,17.226],[-18.422,15.701],[-25.839,4.119],[-11.455,-9.878],[7.041,-16.326],[23.147,-16.235],[27.62,-6.857],[27.661,-2.336],[23.104,3.69],[16.457,5.387]],"c":true},"ix":2},"nm":"패스 1","mn":"ADBE Vector Shape - Group","hd":false},{"ty":"fl","c":{"a":0,"k":[0,0,0,1],"ix":4},"o":{"a":0,"k":100,"ix":5},"r":1,"bm":0,"nm":"칠 1","mn":"ADBE Vector Graphic - Fill","hd":false},{"ty":"tr","p":{"a":0,"k":[403.781,740.132],"ix":2},"a":{"a":0,"k":[0,0],"ix":1},"s":{"a":0,"k":[100,100],"ix":3},"r":{"a":0,"k":0,"ix":6},"o":{"a":0,"k":100,"ix":7},"sk":{"a":0,"k":0,"ix":4},"sa":{"a":0,"k":0,"ix":5},"nm":"변형"}],"nm":"그룹 3","np":2,"cix":2,"bm":0,"ix":3,"mn":"ADBE Vector Group","hd":false},{"ty":"gr","it":[{"ind":0,"ty":"sh","ix":1,"ks":{"a":0,"k":{"i":[[-2.652,0.373],[-8.255,-3.123],[-7.585,-4.253],[2.865,-4.207],[2.982,0.1],[3.258,2.112],[9.601,3.152],[3.168,0.033],[1.769,5.676],[-3.308,0.82]],"o":[[8.313,2.289],[8.107,3.068],[4.777,2.678],[-1.587,2.331],[-3.809,-0.127],[-8.731,-5.658],[-3.105,-1.019],[-7.895,-0.082],[-0.696,-2.234],[2.372,-0.588]],"v":[[-20.237,-19.479],[5.104,-12.315],[28.543,-0.83],[33.47,15.449],[24.647,19.38],[13.414,15.569],[-14.915,4.775],[-24.388,2.334],[-35.639,-9.171],[-27.744,-18.374]],"c":true},"ix":2},"nm":"패스 1","mn":"ADBE Vector Shape - Group","hd":false},{"ty":"fl","c":{"a":0,"k":[0,0,0,1],"ix":4},"o":{"a":0,"k":100,"ix":5},"r":1,"bm":0,"nm":"칠 1","mn":"ADBE Vector Graphic - Fill","hd":false},{"ty":"tr","p":{"a":0,"k":[664.178,726.635],"ix":2},"a":{"a":0,"k":[0,0],"ix":1},"s":{"a":0,"k":[100,100],"ix":3},"r":{"a":0,"k":0,"ix":6},"o":{"a":0,"k":100,"ix":7},"sk":{"a":0,"k":0,"ix":4},"sa":{"a":0,"k":0,"ix":5},"nm":"변형"}],"nm":"그룹 4","np":2,"cix":2,"bm":0,"ix":4,"mn":"ADBE Vector Group","hd":false},{"ty":"gr","it":[{"ind":0,"ty":"sh","ix":1,"ks":{"a":0,"k":{"i":[[-1.505,-1.659],[0.695,-3.37],[4.039,2.284],[9.22,3.659],[11.006,1.939],[3.478,4.261],[-2.632,2.362],[-4.442,-1.062],[-11.901,-4.445],[-7.062,-4.276]],"o":[[-0.263,4.493],[-0.936,4.541],[-8.706,-4.921],[-10.383,-4.12],[-6.932,-1.221],[-1.18,-1.445],[3.915,-3.513],[12.35,2.953],[7.689,2.872],[2.918,1.768]],"v":[[42.321,7.176],[41.554,18.593],[31.158,22.675],[4.822,8.37],[-27.567,-0.705],[-41.141,-11.147],[-36.861,-21.446],[-22.495,-22.256],[13.975,-11.074],[35.946,0.387]],"c":true},"ix":2},"nm":"패스 1","mn":"ADBE Vector Shape - Group","hd":false},{"ty":"fl","c":{"a":0,"k":[0,0,0,1],"ix":4},"o":{"a":0,"k":100,"ix":5},"r":1,"bm":0,"nm":"칠 1","mn":"ADBE Vector Graphic - Fill","hd":false},{"ty":"tr","p":{"a":0,"k":[394.181,694.812],"ix":2},"a":{"a":0,"k":[0,0],"ix":1},"s":{"a":0,"k":[100,100],"ix":3},"r":{"a":0,"k":0,"ix":6},"o":{"a":0,"k":100,"ix":7},"sk":{"a":0,"k":0,"ix":4},"sa":{"a":0,"k":0,"ix":5},"nm":"변형"}],"nm":"그룹 5","np":2,"cix":2,"bm":0,"ix":5,"mn":"ADBE Vector Group","hd":false},{"ty":"gr","it":[{"ind":0,"ty":"sh","ix":1,"ks":{"a":0,"k":{"i":[[-0.807,-3.306],[0.537,-0.332],[3.868,-0.986],[9.806,-4.951],[8.415,-4.363],[3.258,-2.323],[1.853,0.604],[1.565,2.126],[0.449,0.778],[-0.545,1.143],[-3.114,2.057],[-8.04,3.919],[-8.968,2.772],[-9.569,1.714],[-0.549,-4.055]],"o":[[-0.298,0.812],[-3.523,2.175],[-10.437,2.659],[-8.467,4.274],[-3.463,1.795],[-1.95,1.39],[-2.158,-0.703],[-0.502,-0.683],[-1.251,-2.168],[1.628,-3.414],[7.464,-4.929],[8.46,-4.125],[9.256,-2.86],[2.998,-0.537],[0.442,3.268]],"v":[[47.233,-12.697],[46.345,-10.438],[35.557,-4.369],[4.657,4.863],[-21.177,16.821],[-30.333,24.618],[-37.153,26.986],[-42.396,21.241],[-42.82,18.386],[-46.688,12.274],[-39.427,3.273],[-16.12,-10.098],[9.997,-20.895],[38.499,-27.053],[44.923,-22.455]],"c":true},"ix":2},"nm":"패스 1","mn":"ADBE Vector Shape - Group","hd":false},{"ty":"fl","c":{"a":0,"k":[0,0,0,1],"ix":4},"o":{"a":0,"k":100,"ix":5},"r":1,"bm":0,"nm":"칠 1","mn":"ADBE Vector Graphic - Fill","hd":false},{"ty":"tr","p":{"a":0,"k":[673.342,675.757],"ix":2},"a":{"a":0,"k":[0,0],"ix":1},"s":{"a":0,"k":[100,100],"ix":3},"r":{"a":0,"k":0,"ix":6},"o":{"a":0,"k":100,"ix":7},"sk":{"a":0,"k":0,"ix":4},"sa":{"a":0,"k":0,"ix":5},"nm":"변형"}],"nm":"그룹 6","np":2,"cix":2,"bm":0,"ix":6,"mn":"ADBE Vector Group","hd":false},{"ty":"gr","it":[{"ind":0,"ty":"sh","ix":1,"ks":{"a":0,"k":{"i":[[3.934,2.674],[6.915,-2.982],[5.418,-0.186],[0.889,1.306],[1.281,1.633],[-6.114,1.231],[-4.103,2.355],[-2.132,3.8],[-1.773,3.108],[-2.345,1.729],[-2.592,-0.833],[-4.482,-5.256],[-10.467,2.517],[-1.091,-0.567],[-2.28,-1.317],[3.747,-2.963],[10.318,8.389]],"o":[[-4.571,6.297],[-5.594,2.412],[-1.104,0.038],[-1.18,-1.733],[-3.897,-4.968],[4.859,-0.978],[3.54,-2.032],[1.754,-3.125],[1.364,-2.392],[2.918,-2.15],[8.898,2.86],[5.397,6.329],[1.122,-0.269],[2.332,1.211],[3.282,1.897],[-9.745,7.706],[-3.312,-2.693]],"v":[[-1.98,11.087],[-18.992,24.711],[-35.311,25.037],[-38.688,21.777],[-41.711,16.23],[-37.71,4.837],[-23.356,1.349],[-15.188,-8.854],[-11.643,-19.193],[-5.143,-24.973],[2.216,-23.721],[13.966,-6.598],[31.859,1.683],[35.562,2.454],[42.326,6.532],[41.589,18.852],[9.003,18.625]],"c":true},"ix":2},"nm":"패스 1","mn":"ADBE Vector Shape - Group","hd":false},{"ty":"fl","c":{"a":0,"k":[0,0,0,1],"ix":4},"o":{"a":0,"k":100,"ix":5},"r":1,"bm":0,"nm":"칠 1","mn":"ADBE Vector Graphic - Fill","hd":false},{"ty":"tr","p":{"a":0,"k":[532.886,708.538],"ix":2},"a":{"a":0,"k":[0,0],"ix":1},"s":{"a":0,"k":[100,100],"ix":3},"r":{"a":0,"k":0,"ix":6},"o":{"a":0,"k":100,"ix":7},"sk":{"a":0,"k":0,"ix":4},"sa":{"a":0,"k":0,"ix":5},"nm":"변형"}],"nm":"그룹 7","np":2,"cix":2,"bm":0,"ix":7,"mn":"ADBE Vector Group","hd":false},{"ty":"gr","it":[{"ind":0,"ty":"sh","ix":1,"ks":{"a":0,"k":{"i":[[0.639,7.801],[9.127,-0.791],[-0.358,-10.676],[-9.002,0.769]],"o":[[-0.709,-8.654],[-12.124,1.051],[0.224,6.697],[6.163,-0.527]],"v":[[56.88,-50.26],[40.966,-63.012],[27.175,-45.133],[45.909,-33.721]],"c":true},"ix":2},"nm":"패스 1","mn":"ADBE Vector Shape - Group","hd":false},{"ind":1,"ty":"sh","ix":2,"ks":{"a":0,"k":{"i":[[-0.018,11.615],[10.082,0.74],[0.376,-6.725],[-9.772,0.02]],"o":[[-0.866,-8.486],[-4.981,-0.365],[-0.475,8.502],[9.571,-0.019]],"v":[[-39.409,-47.615],[-56.564,-62.26],[-72.544,-45.427],[-54.564,-29.228]],"c":true},"ix":2},"nm":"패스 2","mn":"ADBE Vector Shape - Group","hd":false},{"ind":2,"ty":"sh","ix":3,"ks":{"a":0,"k":{"i":[[-6.86,2.59],[-0.218,-0.554],[-2.133,-0.224],[0.04,3.153],[-0.493,1.316],[3.75,0.412],[5.173,-1.026],[5.915,-2.734],[2.773,-7.737],[-1.05,-4.696],[-1.47,-0.216],[-0.805,0.528],[-2.486,1.049]],"o":[[0.218,0.554],[2.221,-0.611],[5.37,0.564],[-0.02,-1.518],[1.326,-3.535],[-5.331,-0.585],[-6.352,1.259],[-6.254,2.89],[-3.107,8.67],[0.179,0.802],[0.859,0.126],[2.309,-1.513],[6.752,-2.848]],"v":[[-122.702,22.883],[-122.048,24.544],[-115.4,22.848],[-110.844,16.822],[-110.885,12.302],[-115.357,2.922],[-131.464,2.832],[-149.96,9.28],[-164.344,23.277],[-156.926,34.858],[-152.816,36.383],[-150.065,35.418],[-143.246,30.743]],"c":true},"ix":2},"nm":"패스 3","mn":"ADBE Vector Shape - Group","hd":false},{"ind":3,"ty":"sh","ix":4,"ks":{"a":0,"k":{"i":[[8.313,2.289],[2.373,-0.588],[-0.696,-2.234],[-7.895,-0.082],[-3.104,-1.019],[-8.731,-5.658],[-3.809,-0.127],[-1.588,2.331],[4.777,2.678],[8.108,3.068]],"o":[[-2.652,0.373],[-3.308,0.82],[1.768,5.676],[3.169,0.033],[9.601,3.152],[3.259,2.112],[2.982,0.1],[2.864,-4.207],[-7.585,-4.253],[-8.254,-3.123]],"v":[[101.654,-13.818],[94.147,-12.713],[86.253,-3.51],[97.503,7.995],[106.977,10.436],[135.305,21.23],[146.539,25.041],[155.362,21.11],[150.435,4.831],[126.995,-6.654]],"c":true},"ix":2},"nm":"패스 4","mn":"ADBE Vector Shape - Group","hd":false},{"ind":4,"ty":"sh","ix":5,"ks":{"a":0,"k":{"i":[[-0.263,4.493],[2.918,1.767],[7.689,2.872],[12.35,2.953],[3.915,-3.513],[-1.179,-1.444],[-6.932,-1.222],[-10.383,-4.12],[-8.706,-4.921],[-0.936,4.541]],"o":[[-1.505,-1.66],[-7.061,-4.277],[-11.901,-4.445],[-4.442,-1.062],[-2.632,2.362],[3.479,4.262],[11.006,1.939],[9.221,3.658],[4.039,2.283],[0.694,-3.371]],"v":[[-105.784,-18.985],[-112.159,-25.774],[-134.13,-37.235],[-170.6,-48.417],[-184.966,-47.607],[-189.246,-37.309],[-175.672,-26.866],[-143.283,-17.791],[-116.947,-3.486],[-106.55,-7.568]],"c":true},"ix":2},"nm":"패스 5","mn":"ADBE Vector Shape - Group","hd":false},{"ind":5,"ty":"sh","ix":6,"ks":{"a":0,"k":{"i":[[-0.299,0.812],[0.442,3.268],[2.998,-0.537],[9.256,-2.86],[8.461,-4.125],[7.464,-4.929],[1.628,-3.414],[-1.251,-2.168],[-0.502,-0.683],[-2.159,-0.703],[-1.95,1.39],[-3.462,1.795],[-8.466,4.274],[-10.437,2.658],[-3.523,2.175]],"o":[[-0.808,-3.306],[-0.548,-4.055],[-9.569,1.714],[-8.968,2.772],[-8.04,3.919],[-3.114,2.057],[-0.545,1.143],[0.448,0.778],[1.564,2.126],[1.853,0.604],[3.259,-2.323],[8.416,-4.363],[9.807,-4.951],[3.867,-0.986],[0.537,-0.332]],"v":[[178.289,-57.913],[175.977,-67.671],[169.553,-72.269],[141.052,-66.111],[114.935,-55.314],[91.628,-41.943],[84.367,-32.942],[88.235,-26.83],[88.659,-23.975],[93.902,-18.23],[100.721,-20.598],[109.878,-28.395],[135.711,-40.353],[166.612,-49.585],[177.401,-55.654]],"c":true},"ix":2},"nm":"패스 6","mn":"ADBE Vector Shape - Group","hd":false},{"ind":6,"ty":"sh","ix":7,"ks":{"a":0,"k":{"i":[[-4.571,6.296],[-3.313,-2.693],[-9.745,7.706],[3.283,1.897],[2.331,1.211],[1.121,-0.269],[5.396,6.329],[8.898,2.861],[2.917,-2.15],[1.363,-2.391],[1.753,-3.126],[3.54,-2.032],[4.86,-0.978],[-3.897,-4.968],[-1.18,-1.734],[-1.105,0.038],[-5.594,2.412]],"o":[[3.933,2.674],[10.317,8.389],[3.747,-2.963],[-2.279,-1.317],[-1.092,-0.567],[-10.467,2.516],[-4.483,-5.256],[-2.591,-0.832],[-2.345,1.729],[-1.773,3.109],[-2.132,3.8],[-4.103,2.355],[-6.114,1.23],[1.281,1.633],[0.889,1.306],[5.418,-0.186],[6.915,-2.982]],"v":[[-11.38,-1.348],[-0.396,6.189],[32.188,6.417],[32.925,-5.903],[26.162,-9.981],[22.458,-10.752],[4.566,-19.033],[-7.185,-36.158],[-14.544,-37.408],[-21.044,-31.629],[-24.588,-21.29],[-32.757,-11.087],[-47.111,-7.598],[-51.111,3.795],[-48.089,9.342],[-44.711,12.602],[-28.392,12.274]],"c":true},"ix":2},"nm":"패스 7","mn":"ADBE Vector Shape - Group","hd":false},{"ind":7,"ty":"sh","ix":8,"ks":{"a":0,"k":{"i":[[1.009,0.879],[5.03,16.602],[-3.787,1.25],[-2.691,0.56],[-1.572,1.361],[-0.814,0.454],[2.127,2.463],[-0.108,0.69],[5.01,-1.121],[2.597,-0.1],[2.334,-0.82],[0.066,8.02],[-6.282,0.925],[-2.92,0.523],[-0.071,-0.076],[-4.658,-0.726],[-0.012,0.632],[1.391,2.896],[2.837,0.351],[6.836,0],[-0.384,1.226],[-3.456,9.516],[-4.104,8.401],[-2.628,4.332],[-8.027,8.272],[-12.411,9.414],[-11.003,6.256],[-7.854,2.938],[-13.043,4.28],[-4.919,0.883],[-0.216,-6.293],[-0.44,-9.721],[-5.941,0.497],[-0.547,0.349],[-2.271,2.293],[0.118,2.107],[0.52,8.171],[0.332,7.005],[-4.218,-0.302],[-4.497,0.541],[-0.637,-16.582],[-0.051,-8.57],[0.119,-2.457],[-5.863,2.816],[-1.415,2.476],[-0.017,2.763],[0.18,8.656],[0.173,8.982],[0,9.469],[0,0],[-0.156,-12.934],[-1.597,-4.399],[-3.4,-1.521],[-3.372,0.932],[-0.077,0.871],[-0.03,5.678],[0.116,11.845],[0.101,1.649],[-6.337,-0.883],[-9.536,-2.181],[-9.857,-2.93],[-6.355,-1.879],[-0.75,-0.503],[-1.415,-0.718],[-2.744,-1.359],[-4.81,-2.424],[-2.439,-1.682],[-8.872,-6.772],[-5.708,-6.147],[-4.949,-7.405],[-3.66,-8.093],[-2.253,-8.022],[-1.903,-7.782],[4.006,-0.233],[6.766,-3.419],[0.989,-3.082],[-4.54,-0.501],[-0.703,-0.474],[-1.506,0.064],[-10.612,0.672],[0.219,-2.826],[1.409,-0.275],[5.049,-1.133],[2.67,-2.829],[0.355,-3.93],[-1.042,-1.234],[-7.177,-0.411],[-3.209,0.459],[2.006,-8.642],[0.167,-2.055],[0.266,-0.539],[7.292,-11.961],[7.917,-9.286],[7.061,-5.605],[13.762,-7.072],[9.786,-4.423],[9.548,-3.312],[6.801,-2.149],[2.816,-0.696],[5.383,0.769],[5.119,-1.212],[6.828,-1.014],[3.143,-0.535],[8.958,0.688],[12.056,1.039],[5.137,0.68],[1.771,0.432],[8.121,2.459],[10.558,3.72],[4.33,2.086],[7.702,3.942],[2.962,1.319],[0.247,0.204],[4.939,4.704],[7.431,8.273],[3.356,5.546],[4.517,7.77]],"o":[[-5.413,-17.868],[4.961,-2.641],[2.525,-0.834],[1.874,-0.39],[0.774,-0.67],[3.007,-1.675],[-0.478,-0.554],[0.76,-4.869],[-2.359,0.528],[-2.329,0.089],[-7.797,2.74],[-0.05,-5.992],[2.934,-0.432],[0.314,-0.056],[5.954,6.293],[0.407,0.064],[0.065,-3.521],[-1.175,-2.446],[-6.147,-0.763],[-0.055,-0.548],[3.029,-9.665],[3.198,-8.804],[2.19,-4.484],[6.114,-10.078],[10.816,-11.146],[10.065,-7.633],[7.259,-4.128],[12.856,-4.81],[4.108,-1.347],[0.46,6.796],[0.333,9.728],[0.277,6.118],[0.617,-0.051],[2.781,-1.777],[1.446,-1.46],[-0.454,-8.172],[-0.446,-6.995],[-0.18,-3.807],[4.691,0.337],[0.8,17.467],[0.329,8.561],[0.015,2.453],[-0.337,6.953],[2.67,-1.283],[1.238,-2.165],[0.054,-8.659],[-0.186,-8.983],[-0.17,-8.871],[0,0],[0,13.527],[0.058,4.842],[1.293,3.559],[2.59,1.159],[0.884,-0.244],[0.498,-5.661],[0.062,-11.843],[-0.012,-1.148],[6.433,0.75],[9.717,1.353],[10.002,2.286],[6.353,1.889],[0.821,0.242],[1.327,0.889],[2.729,1.385],[4.827,2.39],[2.674,1.346],[9.191,6.341],[6.703,5.117],[6.036,6.501],[4.957,7.418],[3.408,7.536],[1.954,6.958],[-4.767,0.506],[-7.481,0.437],[-2.583,1.306],[-0.826,2.577],[0.571,0.063],[1.418,0.955],[10.47,-0.443],[0.491,3.381],[-0.106,1.376],[-5.092,0.992],[-4.161,0.934],[-2.329,2.468],[-0.079,0.877],[6.604,7.826],[1.604,0.092],[-2.283,9.323],[-0.461,1.985],[-0.052,0.637],[-6.226,12.607],[-6.321,10.366],[-5.868,6.882],[-12.016,9.54],[-9.579,4.923],[-9.169,4.145],[-6.742,2.339],[-2.744,0.867],[-4.866,1.204],[-4.743,-0.678],[-6.722,1.591],[-3.168,0.47],[-8.768,1.49],[-12.066,-0.927],[-5.168,-0.446],[-1.761,-0.234],[-8.263,-2.015],[-10.705,-3.241],[-4.553,-1.605],[-7.791,-3.752],[-2.883,-1.475],[-0.304,-0.136],[-5.278,-4.346],[-8.057,-7.676],[-4.304,-4.793],[-4.652,-7.687],[-0.759,-1.305]],"v":[[-244.222,84.668],[-259.928,32.825],[-247.767,26.552],[-239.398,26.4],[-234.294,22.885],[-232.571,20.207],[-231.574,14.209],[-232.322,12.006],[-238.142,6.871],[-245.969,5.248],[-252.871,7.832],[-262.361,1.432],[-255.249,-6.424],[-246.478,-7.934],[-245.608,-8.314],[-232.979,-11.406],[-231.522,-13.183],[-232.008,-23.605],[-239.728,-28.706],[-259.019,-28.941],[-259.282,-32.247],[-249.812,-61.119],[-239.164,-87.127],[-229.982,-99.313],[-207.899,-126.397],[-172.387,-156.818],[-140.371,-177.28],[-117.335,-187.423],[-78.444,-200.979],[-64.961,-203.495],[-63.689,-184.125],[-63.03,-154.93],[-51.878,-145.326],[-50.085,-146.11],[-41.913,-151.637],[-39.678,-157.965],[-41.806,-182.439],[-42.398,-203.472],[-37.417,-208.131],[-23.424,-209.607],[-21.141,-158.985],[-20.757,-133.279],[-21.237,-125.915],[-6.997,-114.791],[-0.096,-120.62],[0.673,-128.781],[0.604,-154.759],[-0.348,-181.698],[-0.385,-208.914],[14.773,-208.914],[14.826,-169.516],[16.224,-155.106],[24.261,-146.252],[34.362,-148.122],[36.475,-150.485],[37.482,-167.508],[37.212,-203.042],[36.979,-206.986],[56.122,-204.727],[85.198,-200.231],[114.761,-191.445],[133.872,-185.961],[136.104,-184.448],[140.117,-181.836],[148.432,-177.93],[162.852,-170.639],[170.862,-166.599],[198.139,-147.156],[217.305,-130.628],[233.432,-109.309],[246.977,-86.211],[254.523,-62.4],[259.912,-40.584],[247.152,-39.263],[225.165,-35.681],[219.776,-27.418],[223.417,-20.729],[224.937,-18.517],[229.519,-16.264],[261.059,-18.145],[262.193,-9.028],[258.72,-5.295],[243.273,-3.216],[231.492,1.615],[228.907,12.999],[232.609,16.023],[254.135,17.816],[260.586,16.939],[254.127,43.509],[253.602,49.665],[253.368,51.559],[234.38,89.199],[212.081,118.237],[192.802,137.408],[154.608,163.096],[126.24,178.564],[97.657,188.62],[77.438,195.651],[68.824,197.049],[54.068,198.454],[38.961,202.416],[18.631,206.46],[8.881,206.192],[-17.554,208.919],[-53.725,205.83],[-69.219,204.409],[-74.318,202.266],[-99.138,196.385],[-130.878,185.429],[-144.434,180.353],[-167.475,168.405],[-176.348,164.422],[-177.254,164.007],[-193.004,150.877],[-216.45,127.103],[-227.571,111.135],[-240.871,87.679]],"c":true},"ix":2},"nm":"패스 8","mn":"ADBE Vector Shape - Group","hd":false},{"ty":"mm","mm":1,"nm":"패스 병합 1","mn":"ADBE Vector Filter - Merge","hd":false},{"ty":"fl","c":{"a":0,"k":[0.686274509804,0.678431372549,0.678431372549,1],"ix":4},"o":{"a":0,"k":100,"ix":5},"r":1,"bm":0,"nm":"칠 1","mn":"ADBE Vector Graphic - Fill","hd":false},{"ty":"tr","p":{"a":0,"k":[542.286,720.974],"ix":2},"a":{"a":0,"k":[0,0],"ix":1},"s":{"a":0,"k":[100,100],"ix":3},"r":{"a":0,"k":0,"ix":6},"o":{"a":0,"k":100,"ix":7},"sk":{"a":0,"k":0,"ix":4},"sa":{"a":0,"k":0,"ix":5},"nm":"변형"}],"nm":"그룹 8","np":10,"cix":2,"bm":0,"ix":8,"mn":"ADBE Vector Group","hd":false},{"ty":"gr","it":[{"ind":0,"ty":"sh","ix":1,"ks":{"a":0,"k":{"i":[[-5.413,-17.868],[-0.759,-1.305],[-4.651,-7.686],[-4.305,-4.793],[-8.057,-7.676],[-5.277,-4.347],[-0.304,-0.136],[-2.882,-1.475],[-7.791,-3.752],[-4.553,-1.604],[-10.705,-3.24],[-8.262,-2.015],[-1.761,-0.233],[-5.168,-0.446],[-12.065,-0.927],[-8.768,1.49],[-3.167,0.47],[-6.722,1.591],[-4.743,-0.677],[-4.866,1.204],[-2.744,0.867],[-6.742,2.339],[-9.169,4.145],[-9.579,4.923],[-12.016,9.54],[-5.867,6.883],[-6.32,10.367],[-6.226,12.607],[-0.052,0.637],[-0.461,1.985],[-2.283,9.323],[1.604,0.092],[6.604,7.826],[-0.079,0.878],[-2.329,2.468],[-4.161,0.934],[-5.092,0.992],[-0.106,1.377],[0.491,3.381],[10.471,-0.443],[1.418,0.955],[0.571,0.063],[-0.826,2.577],[-2.584,1.306],[-7.481,0.437],[-4.767,0.507],[1.954,6.958],[3.408,7.536],[4.958,7.418],[6.037,6.5],[6.703,5.117],[9.191,6.341],[2.674,1.347],[4.827,2.39],[2.729,1.386],[1.327,0.889],[0.821,0.243],[6.352,1.888],[10.001,2.287],[9.717,1.353],[6.434,0.75],[-0.011,-1.149],[0.063,-11.843],[0.499,-5.661],[0.884,-0.245],[2.59,1.159],[1.292,3.559],[0.059,4.842],[0,13.527],[0,0],[-0.17,-8.871],[-0.186,-8.982],[0.054,-8.659],[1.237,-2.165],[2.67,-1.283],[-0.337,6.952],[0.015,2.454],[0.33,8.561],[0.8,17.467],[4.691,0.337],[-0.181,-3.808],[-0.446,-6.995],[-0.455,-8.172],[1.446,-1.46],[2.782,-1.777],[0.617,-0.051],[0.277,6.118],[0.333,9.728],[0.459,6.797],[4.107,-1.348],[12.856,-4.81],[7.259,-4.128],[10.065,-7.633],[10.816,-11.147],[6.114,-10.078],[2.191,-4.484],[3.198,-8.804],[3.029,-9.665],[-0.055,-0.548],[-6.147,-0.763],[-1.175,-2.446],[0.065,-3.521],[0.407,0.063],[5.953,6.293],[0.314,-0.056],[2.935,-0.432],[-0.05,-5.992],[-7.797,2.74],[-2.328,0.089],[-2.359,0.528],[0.76,-4.868],[-0.478,-0.554],[3.007,-1.675],[0.775,-0.67],[1.874,-0.39],[2.525,-0.834],[4.961,-2.64]],"o":[[1.009,0.879],[4.517,7.77],[3.356,5.546],[7.43,8.274],[4.939,4.704],[0.248,0.204],[2.962,1.319],[7.702,3.942],[4.33,2.086],[10.558,3.72],[8.122,2.459],[1.771,0.432],[5.137,0.68],[12.056,1.039],[8.958,0.688],[3.143,-0.535],[6.828,-1.014],[5.119,-1.212],[5.383,0.77],[2.816,-0.696],[6.801,-2.149],[9.548,-3.312],[9.786,-4.423],[13.762,-7.072],[7.061,-5.605],[7.917,-9.286],[7.292,-11.961],[0.266,-0.539],[0.167,-2.055],[2.007,-8.642],[-3.209,0.459],[-7.177,-0.411],[-1.042,-1.234],[0.355,-3.93],[2.67,-2.829],[5.049,-1.133],[1.409,-0.275],[0.219,-2.826],[-10.612,0.672],[-1.506,0.064],[-0.703,-0.473],[-4.54,-0.501],[0.989,-3.082],[6.765,-3.419],[4.006,-0.233],[-1.903,-7.782],[-2.253,-8.022],[-3.66,-8.092],[-4.949,-7.405],[-5.708,-6.148],[-8.871,-6.772],[-2.439,-1.682],[-4.81,-2.424],[-2.744,-1.358],[-1.415,-0.718],[-0.749,-0.503],[-6.355,-1.879],[-9.858,-2.931],[-9.537,-2.181],[-6.337,-0.883],[0.101,1.649],[0.117,11.844],[-0.03,5.679],[-0.077,0.871],[-3.372,0.931],[-3.4,-1.521],[-1.598,-4.399],[-0.156,-12.934],[0,0],[0,9.469],[0.173,8.982],[0.18,8.656],[-0.017,2.763],[-1.415,2.476],[-5.863,2.817],[0.119,-2.458],[-0.051,-8.57],[-0.637,-16.581],[-4.496,0.541],[-4.218,-0.302],[0.331,7.004],[0.52,8.171],[0.117,2.107],[-2.271,2.293],[-0.546,0.349],[-5.94,0.497],[-0.44,-9.721],[-0.216,-6.294],[-4.92,0.884],[-13.044,4.279],[-7.854,2.938],[-11.003,6.257],[-12.411,9.414],[-8.026,8.271],[-2.628,4.332],[-4.104,8.401],[-3.457,9.516],[-0.384,1.226],[6.836,0],[2.837,0.351],[1.391,2.896],[-0.012,0.632],[-4.657,-0.727],[-0.072,-0.076],[-2.92,0.523],[-6.281,0.926],[0.066,8.02],[2.334,-0.82],[2.597,-0.1],[5.011,-1.121],[-0.108,0.69],[2.128,2.463],[-0.814,0.454],[-1.572,1.361],[-2.69,0.56],[-3.787,1.25],[5.03,16.602]],"v":[[-244.24,85.003],[-240.889,88.014],[-227.589,111.47],[-216.467,127.438],[-193.022,151.212],[-177.272,164.343],[-176.366,164.757],[-167.493,168.74],[-144.452,180.688],[-130.896,185.764],[-99.156,196.721],[-74.335,202.601],[-69.237,204.744],[-53.743,206.165],[-17.571,209.255],[8.864,206.527],[18.614,206.795],[38.943,202.751],[54.05,198.789],[68.807,197.385],[77.421,195.986],[97.64,188.955],[126.223,178.899],[154.591,163.432],[192.785,137.743],[212.063,118.572],[234.362,89.534],[253.351,51.894],[253.585,50],[254.11,43.844],[260.569,17.275],[254.117,18.151],[232.591,16.359],[228.89,13.334],[231.475,1.95],[243.255,-2.881],[258.702,-4.96],[262.175,-8.693],[261.041,-17.81],[229.502,-15.929],[224.919,-18.182],[223.399,-20.393],[219.759,-27.083],[225.149,-35.346],[247.135,-38.928],[259.894,-40.249],[254.506,-62.065],[246.96,-85.876],[233.415,-108.974],[217.287,-130.292],[198.122,-146.821],[170.845,-166.264],[162.834,-170.305],[148.414,-177.595],[140.099,-181.501],[136.087,-184.113],[133.855,-185.626],[114.745,-191.109],[85.181,-199.896],[56.105,-204.392],[36.962,-206.651],[37.195,-202.706],[37.464,-167.173],[36.458,-150.15],[34.345,-147.786],[24.244,-145.917],[16.207,-154.771],[14.809,-169.181],[14.756,-208.579],[-0.402,-208.579],[-0.365,-181.363],[0.587,-154.424],[0.656,-128.446],[-0.113,-120.285],[-7.015,-114.456],[-21.254,-125.579],[-20.774,-132.944],[-21.158,-158.65],[-23.441,-209.272],[-37.435,-207.797],[-42.415,-203.136],[-41.824,-182.104],[-39.695,-157.63],[-41.931,-151.302],[-50.103,-145.775],[-51.895,-144.991],[-63.048,-154.595],[-63.707,-183.789],[-64.978,-203.16],[-78.461,-200.643],[-117.353,-187.089],[-140.389,-176.945],[-172.405,-156.483],[-207.917,-126.061],[-230,-98.978],[-239.182,-86.792],[-249.829,-60.784],[-259.3,-31.912],[-259.037,-28.606],[-239.746,-28.371],[-232.026,-23.27],[-231.54,-12.848],[-232.997,-11.07],[-245.625,-7.979],[-246.496,-7.599],[-255.267,-6.089],[-262.379,1.767],[-252.889,8.167],[-245.987,5.583],[-238.16,7.206],[-232.34,12.341],[-231.592,14.544],[-232.589,20.542],[-234.312,23.22],[-239.416,26.735],[-247.785,26.887],[-259.946,33.16]],"c":true},"ix":2},"nm":"패스 1","mn":"ADBE Vector Shape - Group","hd":false},{"ind":1,"ty":"sh","ix":2,"ks":{"a":0,"k":{"i":[[0.534,3.751],[1.816,6.3],[0.843,5.468],[0.547,5.549],[0.007,5.415],[-0.489,5.019],[0.091,0.74],[-3.611,12.155],[-4.612,11.351],[-1.446,2.596],[-2.198,3.547],[-1.929,2.049],[-0.241,0.562],[-7.188,5.073],[-3.943,4.292],[-5.286,4.195],[-7.734,5.481],[-6.545,3.997],[-6.03,3.057],[-6.577,3.121],[-1.889,0.794],[-3.102,0.922],[-10.95,2.802],[-7.718,1.486],[-2.203,-0.156],[-0.19,0.179],[-6.334,0.935],[-7.276,-0.286],[-18.294,-1.635],[-12.911,-2.87],[-12.738,-3.834],[-5.161,-4.215],[-4.692,-4.654],[-3.103,-1.923],[-13.544,-14.465],[-5.285,-6.42],[-3.649,-9.218],[-2.493,-4.915],[-1.911,-4.847],[-1.148,-4.034],[-1.696,-8.054],[-0.58,-7.343],[0.241,-8.999],[1.039,-6.86],[2.957,-9.34],[5.793,-13.348],[3.874,-5.545],[7.813,-8.471],[13.575,-7.722],[10.092,-6.432],[4.835,-2.221],[5.495,-2.607],[6.5,-2.22],[13.421,-3.621],[9.673,-2.116],[5.163,-0.695],[11.701,-0.201],[13.188,1.145],[8.663,2.48],[9.533,3.217],[11.403,4.232],[7.12,3.177],[4.065,1.901],[5.39,3.222],[1.147,1.292],[0.543,-0.065],[3.494,2.695],[2.676,2.245],[2.109,2.442],[6.742,8.082],[2.86,4.327],[3.144,6.323],[3.43,8.341]],"o":[[-5.79,-3.62],[-1.529,-5.302],[-0.85,-5.507],[-0.532,-5.407],[-0.006,-5.02],[0.075,-0.771],[-1.618,-13.075],[3.478,-11.71],[1.096,-2.7],[2.038,-3.658],[1.452,-2.343],[0.438,-0.465],[3.274,-7.618],[4.567,-3.223],[4.575,-4.978],[7.415,-5.886],[6.268,-4.442],[5.753,-3.513],[6.495,-3.293],[1.835,-0.871],[3.026,-1.272],[10.833,-3.223],[7.613,-1.949],[2.099,-0.404],[0.436,0.031],[5.595,-5.298],[7.136,-1.053],[18.367,0.721],[13.158,1.176],[12.968,2.883],[6.742,2.03],[5.144,4.201],[2.42,2.4],[16.484,10.214],[5.716,6.104],[6.037,7.332],[1.997,5.043],[2.336,4.606],[1.556,3.948],[2.249,7.908],[1.526,7.247],[0.708,8.954],[-0.187,6.946],[-1.475,9.746],[-4.389,13.863],[-2.652,6.11],[-6.652,9.522],[-10.264,11.127],[-10.369,5.9],[-4.431,2.824],[-5.527,2.539],[-6.243,2.962],[-13.156,4.494],[-9.542,2.575],[-5.125,1.121],[-11.636,1.567],[-13.212,0.228],[-9.029,-0.784],[-9.666,-2.766],[-11.536,-3.893],[-7.276,-2.7],[-4.107,-1.833],[-5.678,-2.654],[-1.411,-0.843],[-0.618,-0.697],[-5.585,0.668],[-2.769,-2.136],[-2.481,-2.082],[-6.878,-7.966],[-3.338,-4.002],[-3.895,-5.895],[-4.012,-8.072],[-0.968,-2.355]],"v":[[-270.233,70.301],[-277.362,52.926],[-280.642,36.65],[-282.523,20.028],[-283.823,3.787],[-282.488,-11.274],[-282.172,-13.57],[-276.355,-51.156],[-263.265,-85.49],[-258.308,-92.92],[-252.632,-104.133],[-246.912,-110.318],[-245.697,-111.792],[-231.234,-131.193],[-220.259,-144.761],[-205.542,-158.758],[-182.49,-175.399],[-163.538,-188.508],[-145.523,-197.808],[-125.991,-207.589],[-119.958,-209.097],[-111.118,-213.456],[-78.429,-222.477],[-55.392,-227.527],[-48.797,-227.178],[-47.529,-226.987],[-28.468,-230.256],[-6.642,-230.522],[48.427,-227.755],[87.62,-221.319],[126.064,-210.625],[145.637,-203.032],[162.206,-194.789],[172.334,-190.451],[219.835,-156.977],[237.789,-139.439],[253.991,-115.815],[262.994,-101.866],[268.235,-87.147],[273.533,-75.565],[279.156,-51.524],[283.121,-29.676],[283.325,-2.671],[281.711,18.127],[276.011,47.136],[260.451,87.946],[249.39,104.924],[228.981,133.126],[194.724,163.108],[164.996,183.246],[150.426,189.72],[133.971,197.606],[115.163,206.288],[75.281,218.534],[46.211,224.622],[30.961,228.513],[-4.078,232.057],[-43.747,230.07],[-70.62,225.792],[-99.873,219.096],[-134.616,207.834],[-155.677,197.652],[-168.512,193.31],[-184.995,184.188],[-188.452,180.359],[-190.335,178.402],[-201.66,171.65],[-210.005,165.293],[-217.065,158.607],[-237.42,134.469],[-247.189,122.275],[-257.881,103.946],[-268.866,79.215]],"c":true},"ix":2},"nm":"패스 2","mn":"ADBE Vector Shape - Group","hd":false},{"ty":"mm","mm":1,"nm":"패스 병합 1","mn":"ADBE Vector Filter - Merge","hd":false},{"ty":"fl","c":{"a":0,"k":[0,0,0,1],"ix":4},"o":{"a":0,"k":100,"ix":5},"r":1,"bm":0,"nm":"칠 1","mn":"ADBE Vector Graphic - Fill","hd":false},{"ty":"tr","p":{"a":0,"k":[542.304,720.639],"ix":2},"a":{"a":0,"k":[0,0],"ix":1},"s":{"a":0,"k":[100,100],"ix":3},"r":{"a":0,"k":0,"ix":6},"o":{"a":0,"k":100,"ix":7},"sk":{"a":0,"k":0,"ix":4},"sa":{"a":0,"k":0,"ix":5},"nm":"변형"}],"nm":"그룹 9","np":4,"cix":2,"bm":0,"ix":9,"mn":"ADBE Vector Group","hd":false}],"ip":0,"op":90.0000036657751,"st":0,"bm":0},{"ddd":0,"ind":2,"ty":4,"nm":"왼쪽귀 윤곽선","sr":1,"ks":{"o":{"a":0,"k":100,"ix":11},"r":{"a":0,"k":0,"ix":10},"p":{"a":1,"k":[{"i":{"x":0.833,"y":0.833},"o":{"x":0.167,"y":0.167},"t":10,"s":[750,750,0],"to":[0,0,0],"ti":[0,0,0]},{"i":{"x":0.833,"y":0.833},"o":{"x":0.167,"y":0.167},"t":14,"s":[760,762,0],"to":[0,0,0],"ti":[0,0,0]},{"t":18.000000733155,"s":[750,750,0]}],"ix":2},"a":{"a":0,"k":[750,750,0],"ix":1},"s":{"a":0,"k":[100,100,100],"ix":6}},"ao":0,"shapes":[{"ty":"gr","it":[{"ind":0,"ty":"sh","ix":1,"ks":{"a":0,"k":{"i":[[4.386,-11.603],[9.043,4.087],[3.546,1.284],[-0.472,3.658],[-1.726,6.199],[-2.056,6.839],[-2.75,9.489],[-5.111,-3.602],[-6.33,-4.14],[-1.341,-1.099],[1.928,-4.821],[3.557,-9.473]],"o":[[-7.787,-6.797],[-2.606,-2.102],[-6.164,-2.232],[0.819,-6.355],[1.914,-6.876],[2.585,-8.598],[5.442,4.083],[6.182,4.356],[1.486,0.972],[3.845,3.15],[-3.756,9.393],[-3.949,10.52]],"v":[[7.161,50.022],[-17.021,33.411],[-25.915,26.522],[-29.744,15.98],[-25.485,-2.846],[-19.085,-23.291],[-11.317,-50.022],[4.154,-38.462],[22.98,-25.794],[27.838,-23.506],[30.151,-11.026],[19.488,17.395]],"c":true},"ix":2},"nm":"패스 1","mn":"ADBE Vector Shape - Group","hd":false},{"ty":"fl","c":{"a":0,"k":[1,0.800000059838,0.839215746113,1],"ix":4},"o":{"a":0,"k":100,"ix":5},"r":1,"bm":0,"nm":"칠 1","mn":"ADBE Vector Graphic - Fill","hd":false},{"ty":"tr","p":{"a":0,"k":[376.826,544.381],"ix":2},"a":{"a":0,"k":[0,0],"ix":1},"s":{"a":0,"k":[100,100],"ix":3},"r":{"a":0,"k":0,"ix":6},"o":{"a":0,"k":100,"ix":7},"sk":{"a":0,"k":0,"ix":4},"sa":{"a":0,"k":0,"ix":5},"nm":"변형"}],"nm":"그룹 1","np":2,"cix":2,"bm":0,"ix":1,"mn":"ADBE Vector Group","hd":false},{"ty":"gr","it":[{"ind":0,"ty":"sh","ix":1,"ks":{"a":0,"k":{"i":[[-7.787,-6.797],[-3.949,10.52],[-3.756,9.393],[3.845,3.15],[1.486,0.972],[6.182,4.356],[5.442,4.083],[2.585,-8.598],[1.914,-6.876],[0.819,-6.355],[-6.164,-2.232],[-2.606,-2.102]],"o":[[4.386,-11.603],[3.557,-9.473],[1.928,-4.821],[-1.341,-1.099],[-6.33,-4.14],[-5.111,-3.602],[-2.75,9.489],[-2.056,6.839],[-1.726,6.199],[-0.472,3.658],[3.546,1.284],[9.043,4.087]],"v":[[5.807,50.779],[18.134,18.152],[28.797,-10.269],[26.483,-22.749],[21.626,-25.037],[2.799,-37.705],[-12.672,-49.265],[-20.439,-22.534],[-26.84,-2.089],[-31.098,16.737],[-27.27,27.279],[-18.375,34.168]],"c":true},"ix":2},"nm":"패스 1","mn":"ADBE Vector Shape - Group","hd":false},{"ind":1,"ty":"sh","ix":2,"ks":{"a":0,"k":{"i":[[-0.429,-0.231],[1.379,-3.226],[0.998,-6.761],[1.88,-4.897],[4.558,-8.724],[5.084,-4.751],[3.33,-2.018],[2.166,1.499],[3.829,3.307],[2.725,1.926],[7.726,4.897],[2.09,-0.582],[1.648,6.731],[-1.268,5.73],[-2.606,7.849],[-4.207,12.56],[-2.948,10.587],[-9.487,-2.848],[-3.08,-2.518],[-10.637,-7.696],[-6.865,-6.023],[-1.003,-4.426],[0,-1.166]],"o":[[-1.658,3.107],[-2.525,5.909],[-0.751,5.081],[-3.549,9.244],[-2.801,5.362],[-2.274,2.126],[-3.779,2.289],[-4.125,-2.853],[-2.524,-2.179],[-7.476,-5.286],[-1.562,-0.991],[-6.589,1.834],[-1.431,-5.839],[1.796,-8.112],[4.172,-12.563],[3.482,-10.395],[2.634,-9.461],[4.327,1.299],[10.164,8.307],[7.465,5.402],[2.802,2.459],[0.252,1.109],[0.429,0.232]],"v":[[56.078,-14.445],[51.155,-5.103],[43.57,12.683],[38.359,27.488],[27.322,55.035],[19.578,71.622],[12.678,78.797],[4.155,77.929],[-7.203,67.893],[-15.129,61.768],[-37.751,46.203],[-44.331,46.331],[-54.646,41.051],[-54.68,23.824],[-48.997,-0.432],[-38.267,-38.584],[-29.913,-70.473],[-12.332,-78.237],[-2.887,-71.011],[28.371,-47.039],[51.225,-31.532],[54.753,-18.628],[54.79,-15.139]],"c":true},"ix":2},"nm":"패스 2","mn":"ADBE Vector Shape - Group","hd":false},{"ty":"mm","mm":1,"nm":"패스 병합 1","mn":"ADBE Vector Filter - Merge","hd":false},{"ty":"fl","c":{"a":0,"k":[0,0,0,1],"ix":4},"o":{"a":0,"k":100,"ix":5},"r":1,"bm":0,"nm":"칠 1","mn":"ADBE Vector Graphic - Fill","hd":false},{"ty":"tr","p":{"a":0,"k":[378.181,543.624],"ix":2},"a":{"a":0,"k":[0,0],"ix":1},"s":{"a":0,"k":[100,100],"ix":3},"r":{"a":0,"k":0,"ix":6},"o":{"a":0,"k":100,"ix":7},"sk":{"a":0,"k":0,"ix":4},"sa":{"a":0,"k":0,"ix":5},"nm":"변형"}],"nm":"그룹 2","np":4,"cix":2,"bm":0,"ix":2,"mn":"ADBE Vector Group","hd":false}],"ip":0,"op":90.0000036657751,"st":0,"bm":0},{"ddd":0,"ind":3,"ty":4,"nm":"오른쪽귀 윤곽선","sr":1,"ks":{"o":{"a":0,"k":100,"ix":11},"r":{"a":0,"k":0,"ix":10},"p":{"a":1,"k":[{"i":{"x":0.833,"y":0.833},"o":{"x":0.167,"y":0.167},"t":12,"s":[750,750,0],"to":[0,0,0],"ti":[0,0,0]},{"i":{"x":0.833,"y":0.833},"o":{"x":0.167,"y":0.167},"t":16,"s":[730,761,0],"to":[0,0,0],"ti":[0,0,0]},{"t":20.0000008146167,"s":[750,750,0]}],"ix":2},"a":{"a":0,"k":[750,750,0],"ix":1},"s":{"a":0,"k":[100,100,100],"ix":6}},"ao":0,"shapes":[{"ty":"gr","it":[{"ind":0,"ty":"sh","ix":1,"ks":{"a":0,"k":{"i":[[0.625,0.222],[3.655,17.601],[-2.254,2.478],[-9.722,10.043],[-6.006,5.6],[2.146,-6.24],[-0.328,-2.926],[-0.822,-6.662],[-1.076,-6.468],[-1.027,-1.89],[15.197,-12.369]],"o":[[-4.239,-17.48],[-0.516,-2.485],[9.405,-10.34],[4.555,-4.704],[-1.489,6.775],[-0.859,2.498],[0.748,6.671],[0.803,6.51],[0.244,1.47],[-15.116,12.303],[-0.625,-0.221]],"v":[[-17.231,52.846],[-29.638,0.342],[-24.672,-8.379],[4.056,-38.929],[19.613,-53.511],[21.826,-36.397],[22.734,-27.702],[24.935,-7.684],[27.696,11.797],[30.154,16.47],[-15.356,53.511]],"c":true},"ix":2},"nm":"패스 1","mn":"ADBE Vector Shape - Group","hd":false},{"ty":"fl","c":{"a":0,"k":[1,0.800000059838,0.839215746113,1],"ix":4},"o":{"a":0,"k":100,"ix":5},"r":1,"bm":0,"nm":"칠 1","mn":"ADBE Vector Graphic - Fill","hd":false},{"ty":"tr","p":{"a":0,"k":[675.181,510.974],"ix":2},"a":{"a":0,"k":[0,0],"ix":1},"s":{"a":0,"k":[100,100],"ix":3},"r":{"a":0,"k":0,"ix":6},"o":{"a":0,"k":100,"ix":7},"sk":{"a":0,"k":0,"ix":4},"sa":{"a":0,"k":0,"ix":5},"nm":"변형"}],"nm":"그룹 1","np":2,"cix":2,"bm":0,"ix":1,"mn":"ADBE Vector Group","hd":false},{"ty":"gr","it":[{"ind":0,"ty":"sh","ix":1,"ks":{"a":0,"k":{"i":[[-4.239,-17.48],[-0.625,-0.221],[-15.116,12.303],[0.244,1.47],[0.803,6.51],[0.748,6.671],[-0.859,2.498],[-1.489,6.775],[4.555,-4.704],[9.405,-10.34],[-0.516,-2.485]],"o":[[0.625,0.222],[15.197,-12.369],[-1.027,-1.89],[-1.076,-6.468],[-0.822,-6.662],[-0.328,-2.926],[2.146,-6.24],[-6.006,5.6],[-9.722,10.043],[-2.254,2.478],[3.655,17.601]],"v":[[-14.078,52.946],[-12.203,53.611],[33.307,16.57],[30.849,11.897],[28.088,-7.584],[25.887,-27.602],[24.979,-36.297],[22.766,-53.411],[7.209,-38.829],[-21.519,-8.279],[-26.485,0.442]],"c":true},"ix":2},"nm":"패스 1","mn":"ADBE Vector Shape - Group","hd":false},{"ind":1,"ty":"sh","ix":2,"ks":{"a":0,"k":{"i":[[0.249,-0.057],[-0.373,-2.538],[-1.412,-11.251],[-0.842,-8.458],[-2.151,-4.806],[1.489,-3.164],[0.991,-0.785],[5.148,-4.281],[4.728,-3.991],[9.479,-7.851],[5.071,-1.276],[1.352,5.177],[5.277,20.529],[4.513,4.091],[-3.342,3.664],[-7.043,6.927],[-1.703,1.81],[-8.962,9.35],[-5,6.148],[-3.329,-0.323],[-0.451,-6.355],[-0.916,-3.3]],"o":[[0.441,2.529],[1.648,11.221],[1.058,8.43],[0.548,5.499],[1.48,3.306],[-0.586,1.248],[-5.251,4.164],[-4.755,3.955],[-9.405,7.938],[-3.39,2.808],[-5.37,1.351],[-5.352,-20.51],[-1.185,-4.607],[-4.721,-4.278],[6.643,-7.283],[1.765,-1.736],[8.875,-9.433],[5.506,-5.744],[3.235,-3.977],[4.601,0.446],[0.238,3.348],[-0.249,0.058]],"v":[[42.568,-66.609],[43.881,-59.022],[48.713,-25.345],[51.153,0.037],[53.392,16.338],[54.353,25.135],[52.373,28.735],[36.401,40.948],[22.72,53.514],[-5.79,76.979],[-15.955,85.516],[-30.85,78.482],[-46.766,16.916],[-51.122,3.25],[-49.621,-10.308],[-28.432,-31.013],[-23.722,-36.818],[3.033,-64.995],[19.568,-82.191],[30.919,-86.544],[40.686,-76.689],[43.315,-66.782]],"c":true},"ix":2},"nm":"패스 2","mn":"ADBE Vector Shape - Group","hd":false},{"ty":"mm","mm":1,"nm":"패스 병합 1","mn":"ADBE Vector Filter - Merge","hd":false},{"ty":"fl","c":{"a":0,"k":[0,0,0,1],"ix":4},"o":{"a":0,"k":100,"ix":5},"r":1,"bm":0,"nm":"칠 1","mn":"ADBE Vector Graphic - Fill","hd":false},{"ty":"tr","p":{"a":0,"k":[672.027,510.874],"ix":2},"a":{"a":0,"k":[0,0],"ix":1},"s":{"a":0,"k":[100,100],"ix":3},"r":{"a":0,"k":0,"ix":6},"o":{"a":0,"k":100,"ix":7},"sk":{"a":0,"k":0,"ix":4},"sa":{"a":0,"k":0,"ix":5},"nm":"변형"}],"nm":"그룹 2","np":4,"cix":2,"bm":0,"ix":2,"mn":"ADBE Vector Group","hd":false}],"ip":0,"op":90.0000036657751,"st":0,"bm":0},{"ddd":0,"ind":4,"ty":4,"nm":"몸통 윤곽선","sr":1,"ks":{"o":{"a":0,"k":100,"ix":11},"r":{"a":0,"k":0,"ix":10},"p":{"a":0,"k":[750,750,0],"ix":2},"a":{"a":0,"k":[750,750,0],"ix":1},"s":{"a":0,"k":[100,100,100],"ix":6}},"ao":0,"shapes":[{"ty":"gr","it":[{"ind":0,"ty":"sh","ix":1,"ks":{"a":0,"k":{"i":[[-14.279,-42.877],[5.279,10.186],[2.068,13.175],[0.789,9.663],[0.703,6.94],[0.012,1.054],[0.117,3.193],[-0.026,1.549],[-0.013,1.307],[-7.257,1.219],[-6.632,0.951]],"o":[[-9.955,7.36],[-6.291,-12.138],[-1.497,-9.54],[-0.568,-6.95],[-0.105,-1.033],[-0.035,-3.195],[-0.057,-1.552],[0.023,-1.309],[0.081,-7.93],[6.033,-1.013],[-0.363,43.664]],"v":[[18.078,61.637],[-4.594,53.094],[-13.522,14.089],[-15.636,-14.907],[-17.861,-35.715],[-17.534,-38.88],[-17.806,-48.462],[-18.052,-53.115],[-17.624,-57.034],[-10.323,-66.279],[8.418,-68.997]],"c":true},"ix":2},"nm":"패스 1","mn":"ADBE Vector Shape - Group","hd":false},{"ty":"fl","c":{"a":0,"k":[0.686274509804,0.678431372549,0.678431372549,1],"ix":4},"o":{"a":0,"k":100,"ix":5},"r":1,"bm":0,"nm":"칠 1","mn":"ADBE Vector Graphic - Fill","hd":false},{"ty":"tr","p":{"a":0,"k":[982.5,1034.59],"ix":2},"a":{"a":0,"k":[0,0],"ix":1},"s":{"a":0,"k":[100,100],"ix":3},"r":{"a":0,"k":0,"ix":6},"o":{"a":0,"k":100,"ix":7},"sk":{"a":0,"k":0,"ix":4},"sa":{"a":0,"k":0,"ix":5},"nm":"변형"}],"nm":"그룹 1","np":2,"cix":2,"bm":0,"ix":1,"mn":"ADBE Vector Group","hd":false},{"ty":"gr","it":[{"ind":0,"ty":"sh","ix":1,"ks":{"a":0,"k":{"i":[[-0.535,6.729],[-3.524,0.016],[-4.433,0.339],[0.186,-3.427],[0.085,-7.706],[0.299,-5.353],[0.514,-5.633],[0.282,-1.734],[1.003,-4.695],[5.397,-6.644],[8.206,4.867],[-0.845,3.429],[-0.673,7.939],[-0.554,11.277],[-0.321,7.725]],"o":[[2.872,0.218],[4.44,-0.021],[3.167,-0.241],[-0.416,7.695],[-0.059,5.375],[-0.315,5.636],[-0.183,2.006],[-1.208,4.651],[-1.753,8.21],[-6.085,7.492],[-3.114,-1.847],[1.925,-7.812],[0.956,-11.285],[0.379,-7.721],[0.251,-6.013]],"v":[[-7.444,-55.62],[2.479,-54.923],[15.794,-55.659],[20.162,-51.408],[19.443,-28.297],[19.721,-12.172],[17.689,4.679],[17.925,10.505],[14.339,24.465],[4.82,47.246],[-16.507,51.034],[-19.503,43.281],[-14.286,19.743],[-9.385,-13.688],[-8.888,-36.882]],"c":true},"ix":2},"nm":"패스 1","mn":"ADBE Vector Shape - Group","hd":false},{"ty":"fl","c":{"a":0,"k":[0.686274509804,0.678431372549,0.678431372549,1],"ix":4},"o":{"a":0,"k":100,"ix":5},"r":1,"bm":0,"nm":"칠 1","mn":"ADBE Vector Graphic - Fill","hd":false},{"ty":"tr","p":{"a":0,"k":[741.78,1039.641],"ix":2},"a":{"a":0,"k":[0,0],"ix":1},"s":{"a":0,"k":[100,100],"ix":3},"r":{"a":0,"k":0,"ix":6},"o":{"a":0,"k":100,"ix":7},"sk":{"a":0,"k":0,"ix":4},"sa":{"a":0,"k":0,"ix":5},"nm":"변형"}],"nm":"그룹 2","np":2,"cix":2,"bm":0,"ix":2,"mn":"ADBE Vector Group","hd":false},{"ty":"gr","it":[{"ind":0,"ty":"sh","ix":1,"ks":{"a":0,"k":{"i":[[1.203,7.379],[-4.193,-0.257],[-2.346,3.403],[0.01,1.671],[0.547,2.998],[0.752,0.102],[6.022,-0.41],[-0.165,4.044],[0,2.474],[-4.852,-2.598],[-3.693,0.272],[-0.149,1.426],[4.589,2.826],[0.063,0.344],[6.722,0.827],[6.406,0.926],[0.303,10.244],[0,13.318],[-0.379,14.24],[-0.241,13.479],[-1.868,4.52],[-0.897,6.761],[-1.176,4.462],[-1.706,4.701],[-5.289,9.958],[-13.35,8.695],[-11.68,1.714],[-12.182,2.098],[-5.564,0.606],[-6.912,-0.5],[-3.605,1.703],[-4.182,0.291],[-5.755,0.363],[-4.401,0.033],[-6.836,0],[0.41,-6.708],[0.151,-7.278],[-0.503,-3.385],[-2.256,-2.8],[-3.345,-0.207],[0.236,3.867],[0.576,4.851],[-0.031,0.774],[-0.622,5.723],[-1.278,6.152],[-1.039,0.061],[-3.97,0],[0.766,-10.194],[-0.787,-6.586],[-2.814,-1.116],[-3.286,1.985],[0.298,3.434],[-1.351,13.209],[-0.362,3.099],[0,0],[0.178,-3.887],[0.267,-7.097],[0.101,-1.928],[-1.518,-2.989],[-4.143,-4.199],[-1.224,1.631],[-0.246,3.645],[-0.397,10.808],[-0.526,4.662],[-3.187,-0.238],[-10.969,-0.756],[-15.897,-16.435],[-6.502,-10.396],[-1.73,-5.708],[-0.825,-4.992],[-0.457,-3.959],[-0.732,-5.021],[-0.59,-7.028],[-1.695,-20.941],[-0.093,-7.547],[0.313,-10.82],[-0.331,-2.256],[0.162,-1.06],[0.325,-4.652],[0.792,-10.419],[2.37,-11.968],[9.095,-16.319],[2.609,-1.616],[3.988,-0.601],[3.269,0.611],[3.199,1.881],[2.039,3.799],[1.072,15.773],[-5.968,0.991],[-0.44,1.169],[-0.925,3.784],[2.175,1.556],[7.674,0.777],[-11.375,-0.195],[-2.661,0.057],[-0.771,0.903],[-3.587,-0.037],[-0.549,1.333],[3.259,2.569],[3.426,0.255],[6.583,0.295],[-0.599,9.838],[4.057,5.034],[0.487,-0.122],[4.391,-0.378],[4.579,-0.677],[12.027,-1.705],[10.749,-1.224],[8.576,-0.595],[11.977,-0.491],[10.302,-0.133],[10.635,-0.41],[6.912,-0.359],[14.207,-0.759],[1.497,-0.907],[1.273,-0.432],[-1.268,-5.919],[-0.014,-1.85],[0.207,-6.186],[0.654,-5.94],[1.78,-8.337],[4.504,-12.631],[10.428,-0.742],[8.59,12.013],[2.375,7.003]],"o":[[5.403,0],[3.748,0.23],[0.947,-1.374],[-0.02,-3.036],[-0.212,-1.165],[-6.056,-0.822],[-4.134,0.283],[0.08,-1.953],[5.937,0.923],[4.536,2.429],[1.416,-0.104],[0.295,-2.838],[-0.423,-0.26],[-1.703,-9.33],[-5.638,-0.694],[-0.355,-9.603],[-0.394,-13.317],[0,-14.241],[0.358,-13.477],[0.089,-4.974],[2.492,-6.031],[0.606,-4.568],[1.276,-4.836],[3.878,-10.689],[7.408,-13.949],[10.017,-6.524],[12.233,-1.795],[5.556,-0.957],[6.876,-0.748],[3.923,0.285],[3.486,-1.647],[5.753,-0.4],[4.389,-0.276],[6.443,-0.048],[-0.707,6.985],[-0.445,7.261],[-0.072,3.457],[0.573,3.861],[1.847,2.293],[3.596,0.222],[-0.298,-4.864],[-0.088,-0.742],[0.235,-5.768],[0.678,-6.239],[0.175,-0.842],[3.894,-0.23],[-1.106,11.106],[-0.502,6.673],[0.408,3.418],[3.601,1.428],[2.526,-1.525],[-1.165,-13.448],[0.285,-2.78],[0,0],[-0.642,4.316],[-0.326,7.093],[-0.073,1.922],[-0.192,3.698],[2.654,5.226],[0.978,0.991],[2.187,-2.916],[0.727,-10.781],[0.172,-4.681],[0.353,-3.131],[10.965,0.819],[23.99,1.652],[8.76,9.056],[3.092,4.943],[1.468,4.844],[0.648,3.916],[0.583,5.036],[1.018,6.989],[1.757,20.935],[0.612,7.557],[0.132,10.809],[-0.065,2.24],[0.16,1.097],[-0.71,4.633],[-0.727,10.426],[-0.93,12.218],[-3.497,17.654],[-2.153,3.863],[-3.406,2.11],[-3.167,0.477],[-3.819,-0.714],[-3.82,-2.245],[-7.347,-13.684],[6.279,-0.811],[1.382,-0.229],[1.365,-3.63],[0.577,-2.358],[-7.676,-5.494],[-2.246,-11.118],[2.667,0.046],[1.428,-0.031],[2.157,-2.53],[0.852,0.009],[2.111,-5.125],[-2.35,-1.853],[-5.785,-0.431],[0.41,-10.55],[0.366,-6.006],[-0.575,-0.713],[-4.798,1.207],[-4.596,0.397],[-12.016,1.776],[-10.714,1.52],[-8.535,0.973],[-11.962,0.829],[-10.288,0.423],[-10.644,0.139],[-6.913,0.267],[-14.209,0.737],[-1.647,0.087],[-1.226,0.743],[-7.801,2.648],[0.359,1.675],[0.046,6.202],[-0.2,5.954],[-0.938,8.518],[-2.808,13.151],[-3.099,8.692],[-13.293,0.945],[-4.846,-6.778],[-1.863,-5.495]],"v":[[-229.122,151.84],[-215.305,151.899],[-205.595,148.762],[-204.081,143.79],[-205.1,134.7],[-206.906,131.549],[-225.138,129.926],[-230.592,125.589],[-230.578,119.203],[-213.319,122.301],[-201.902,122.182],[-198.109,118.445],[-198.086,109.713],[-199.273,108.866],[-215.246,99.443],[-232.901,96.914],[-233.999,66.827],[-234.939,26.872],[-234.051,-15.852],[-232.853,-56.28],[-229.036,-69.793],[-226.589,-89.98],[-223.75,-103.541],[-219.302,-117.882],[-207.103,-149.7],[-175.018,-183.187],[-142.363,-194.904],[-105.697,-200.497],[-89.239,-204.529],[-68.413,-204.698],[-57.914,-206.795],[-45.495,-207.608],[-28.254,-209.065],[-15.055,-209.383],[4.668,-209.395],[2.664,-189.023],[2.038,-167.195],[2.141,-156.834],[5.399,-145.674],[14.982,-142.238],[24.789,-153.805],[22.987,-168.345],[23.37,-170.651],[24.094,-187.948],[27.319,-206.522],[30.219,-208.463],[42,-208.555],[38.932,-177.094],[38.667,-157.034],[44.485,-147.732],[56.951,-148.669],[60.828,-158.956],[63.469,-198.706],[64.474,-207.357],[74.203,-207.357],[72.482,-195.301],[72.105,-173.994],[70.545,-168.277],[71.001,-157.274],[81.719,-143.111],[89.016,-144.869],[93.031,-155.413],[94.008,-187.839],[95.306,-201.852],[100.701,-206.127],[133.602,-203.771],[190.324,-171.847],[211.766,-141.857],[217.885,-125.074],[221.356,-110.271],[222.196,-98.338],[224.441,-83.286],[227.36,-62.301],[232.203,0.542],[234.594,23.159],[233.458,55.607],[234.453,62.364],[234.776,65.666],[232.48,79.532],[230.931,110.852],[227.126,147.402],[212.873,199.574],[204.901,204.886],[193.365,208.954],[183.49,207.823],[172.24,205.02],[162.391,195.768],[151.152,151.297],[169.424,148.842],[173.144,146.326],[176.271,135.076],[173.664,130.149],[150.578,128.873],[159.707,117.931],[167.701,118.28],[171.861,117.201],[179.776,112.963],[182.319,109.514],[177.953,97.871],[167.934,96.12],[149.759,95.259],[150.992,65.01],[147.582,48.123],[145.591,46.322],[132.983,43.333],[119.285,45.585],[83.216,50.769],[51.057,55.204],[25.346,57.194],[-10.551,59.507],[-41.455,59.84],[-73.384,60.449],[-94.091,62.087],[-136.729,64.044],[-141.544,66.148],[-144.87,68.93],[-149.967,83.111],[-151.18,88.642],[-150.624,107.24],[-152.516,125.06],[-155.466,150.582],[-165.804,189.585],[-185.963,205.491],[-219.058,192.023],[-225.843,170.768]],"c":true},"ix":2},"nm":"패스 1","mn":"ADBE Vector Shape - Group","hd":false},{"ty":"fl","c":{"a":0,"k":[0.686274509804,0.678431372549,0.678431372549,1],"ix":4},"o":{"a":0,"k":100,"ix":5},"r":1,"bm":0,"nm":"칠 1","mn":"ADBE Vector Graphic - Fill","hd":false},{"ty":"tr","p":{"a":0,"k":[862.648,898.694],"ix":2},"a":{"a":0,"k":[0,0],"ix":1},"s":{"a":0,"k":[100,100],"ix":3},"r":{"a":0,"k":0,"ix":6},"o":{"a":0,"k":100,"ix":7},"sk":{"a":0,"k":0,"ix":4},"sa":{"a":0,"k":0,"ix":5},"nm":"변형"}],"nm":"그룹 3","np":2,"cix":2,"bm":0,"ix":3,"mn":"ADBE Vector Group","hd":false},{"ty":"gr","it":[{"ind":0,"ty":"sh","ix":1,"ks":{"a":0,"k":{"i":[[-9.955,7.36],[-0.363,43.664],[6.033,-1.013],[0.081,-7.93],[0.023,-1.309],[-0.057,-1.552],[-0.035,-3.195],[-0.105,-1.033],[-0.568,-6.95],[-1.497,-9.54],[-6.291,-12.138]],"o":[[-14.279,-42.877],[-6.632,0.951],[-7.257,1.219],[-0.013,1.307],[-0.026,1.549],[0.117,3.193],[0.012,1.054],[0.703,6.94],[0.789,9.663],[2.068,13.175],[5.279,10.186]],"v":[[138.373,198.374],[128.713,67.739],[109.972,70.457],[102.671,79.702],[102.243,83.621],[102.489,88.274],[102.761,97.856],[102.434,101.021],[104.659,121.829],[106.773,150.825],[115.701,189.831]],"c":true},"ix":2},"nm":"패스 1","mn":"ADBE Vector Shape - Group","hd":false},{"ind":1,"ty":"sh","ix":2,"ks":{"a":0,"k":{"i":[[2.872,0.219],[0.25,-6.013],[0.379,-7.72],[0.956,-11.286],[1.925,-7.812],[-3.114,-1.847],[-6.086,7.492],[-1.754,8.209],[-1.208,4.651],[-0.183,2.006],[-0.316,5.636],[-0.06,5.374],[-0.416,7.694],[3.166,-0.242],[4.44,-0.02]],"o":[[-0.535,6.729],[-0.322,7.725],[-0.554,11.277],[-0.673,7.938],[-0.845,3.43],[8.206,4.867],[5.396,-6.644],[1.003,-4.695],[0.281,-1.733],[0.514,-5.633],[0.299,-5.352],[0.085,-7.706],[0.186,-3.428],[-4.433,0.338],[-3.524,0.016]],"v":[[-127.868,86.167],[-129.312,104.906],[-129.81,128.099],[-134.711,161.531],[-139.927,185.069],[-136.931,192.821],[-115.604,189.035],[-106.085,166.254],[-102.499,152.292],[-102.735,146.466],[-100.703,129.615],[-100.981,113.491],[-100.262,90.38],[-104.63,86.129],[-117.945,86.864]],"c":true},"ix":2},"nm":"패스 2","mn":"ADBE Vector Shape - Group","hd":false},{"ind":2,"ty":"sh","ix":3,"ks":{"a":0,"k":{"i":[[5.403,0],[-1.863,-5.495],[-4.847,-6.777],[-13.293,0.946],[-3.1,8.691],[-2.808,13.151],[-0.938,8.517],[-0.2,5.955],[0.047,6.202],[0.359,1.675],[-7.801,2.647],[-1.227,0.743],[-1.646,0.088],[-14.208,0.738],[-6.913,0.266],[-10.645,0.138],[-10.289,0.422],[-11.962,0.83],[-8.536,0.972],[-10.715,1.519],[-12.016,1.776],[-4.596,0.396],[-4.798,1.206],[-0.574,-0.712],[0.366,-6.006],[0.409,-10.55],[-5.785,-0.431],[-2.35,-1.853],[2.11,-5.126],[0.853,0.009],[2.157,-2.53],[1.428,-0.03],[2.667,0.046],[-2.246,-11.118],[-7.676,-5.493],[0.576,-2.357],[1.365,-3.629],[1.382,-0.229],[6.28,-0.811],[-7.347,-13.684],[-3.82,-2.246],[-3.819,-0.713],[-3.167,0.478],[-3.407,2.11],[-2.153,3.862],[-3.497,17.655],[-0.929,12.218],[-0.727,10.426],[-0.709,4.632],[0.161,1.097],[-0.064,2.241],[0.133,10.809],[0.611,7.557],[1.757,20.936],[1.019,6.99],[0.583,5.037],[0.647,3.917],[1.468,4.843],[3.092,4.943],[8.76,9.056],[23.991,1.653],[10.965,0.819],[0.354,-3.131],[0.171,-4.681],[0.727,-10.782],[2.187,-2.915],[0.977,0.991],[2.654,5.226],[-0.192,3.698],[-0.072,1.923],[-0.326,7.093],[-0.642,4.316],[0,0],[0.284,-2.78],[-1.165,-13.447],[2.526,-1.526],[3.601,1.428],[0.409,3.418],[-0.502,6.674],[-1.106,11.107],[3.894,-0.229],[0.175,-0.842],[0.678,-6.238],[0.235,-5.768],[-0.089,-0.742],[-0.297,-4.865],[3.597,0.222],[1.847,2.293],[0.573,3.86],[-0.072,3.458],[-0.444,7.262],[-0.707,6.985],[6.443,-0.049],[4.39,-0.276],[5.753,-0.399],[3.486,-1.647],[3.924,0.284],[6.876,-0.748],[5.556,-0.957],[12.233,-1.795],[10.018,-6.525],[7.408,-13.948],[3.877,-10.688],[1.276,-4.837],[0.606,-4.567],[2.492,-6.03],[0.088,-4.974],[0.358,-13.478],[-0.001,-14.241],[-0.394,-13.317],[-0.355,-9.603],[-5.637,-0.693],[-1.703,-9.329],[-0.422,-0.261],[0.296,-2.837],[1.416,-0.104],[4.536,2.428],[5.936,0.922],[0.08,-1.954],[-4.134,0.282],[-6.057,-0.821],[-0.213,-1.166],[-0.019,-3.035],[0.947,-1.374],[3.747,0.23]],"o":[[1.203,7.379],[2.375,7.002],[8.589,12.013],[10.428,-0.742],[4.504,-12.632],[1.78,-8.337],[0.654,-5.941],[0.207,-6.185],[-0.014,-1.849],[-1.268,-5.919],[1.272,-0.432],[1.496,-0.907],[14.207,-0.759],[6.913,-0.358],[10.635,-0.41],[10.301,-0.134],[11.977,-0.491],[8.576,-0.595],[10.748,-1.225],[12.026,-1.706],[4.579,-0.677],[4.39,-0.379],[0.487,-0.123],[4.058,5.034],[-0.599,9.838],[6.583,0.295],[3.425,0.255],[3.259,2.57],[-0.549,1.333],[-3.586,-0.037],[-0.771,0.904],[-2.661,0.057],[-11.374,-0.195],[7.674,0.777],[2.174,1.556],[-0.926,3.785],[-0.439,1.169],[-5.969,0.991],[1.073,15.774],[2.04,3.798],[3.199,1.88],[3.268,0.611],[3.988,-0.601],[2.608,-1.616],[9.096,-16.319],[2.37,-11.968],[0.793,-10.418],[0.324,-4.651],[0.163,-1.061],[-0.33,-2.256],[0.314,-10.82],[-0.092,-7.546],[-1.695,-20.942],[-0.59,-7.027],[-0.731,-5.02],[-0.458,-3.958],[-0.825,-4.992],[-1.73,-5.709],[-6.502,-10.395],[-15.897,-16.435],[-10.969,-0.755],[-3.188,-0.238],[-0.526,4.662],[-0.397,10.808],[-0.246,3.644],[-1.224,1.632],[-4.143,-4.2],[-1.518,-2.989],[0.1,-1.927],[0.268,-7.097],[0.179,-3.887],[0,0],[-0.362,3.099],[-1.352,13.21],[0.297,3.435],[-3.287,1.984],[-2.814,-1.116],[-0.787,-6.586],[0.766,-10.193],[-3.97,0],[-1.039,0.062],[-1.278,6.152],[-0.622,5.724],[-0.031,0.774],[0.576,4.852],[0.237,3.866],[-3.345,-0.206],[-2.256,-2.801],[-0.502,-3.386],[0.151,-7.278],[0.411,-6.708],[-6.835,0],[-4.401,0.033],[-5.754,0.362],[-4.181,0.291],[-3.605,1.704],[-6.911,-0.501],[-5.565,0.605],[-12.182,2.099],[-11.679,1.714],[-13.35,8.694],[-5.289,9.959],[-1.706,4.701],[-1.177,4.462],[-0.897,6.761],[-1.867,4.52],[-0.241,13.479],[-0.379,14.239],[0,13.319],[0.303,10.243],[6.405,0.927],[6.722,0.827],[0.063,0.344],[4.59,2.826],[-0.148,1.427],[-3.693,0.271],[-4.853,-2.598],[0,2.473],[-0.165,4.043],[6.021,-0.411],[0.752,0.103],[0.547,2.997],[0.011,1.671],[-2.346,3.404],[-4.194,-0.257]],"v":[[-228.679,152.681],[-225.399,171.61],[-218.614,192.864],[-185.519,206.332],[-165.36,190.427],[-155.022,151.423],[-152.072,125.902],[-150.18,108.081],[-150.737,89.483],[-149.524,83.952],[-144.426,69.772],[-141.101,66.989],[-136.286,64.885],[-93.648,62.928],[-72.94,61.291],[-41.011,60.682],[-10.107,60.349],[25.79,58.035],[51.501,56.046],[83.66,51.611],[119.729,46.426],[133.427,44.175],[146.035,47.164],[148.025,48.964],[151.435,65.852],[150.203,96.1],[168.378,96.961],[178.394,98.712],[182.763,110.356],[180.217,113.804],[172.305,118.042],[168.144,119.121],[160.15,118.772],[151.021,129.714],[174.107,130.99],[176.715,135.917],[173.586,147.167],[169.867,149.683],[151.595,152.138],[162.834,196.61],[172.684,205.862],[183.934,208.664],[193.809,209.795],[205.345,205.727],[213.315,200.416],[227.57,148.243],[231.373,111.693],[232.924,80.373],[235.218,66.508],[234.895,63.205],[233.9,56.448],[235.037,24],[232.647,1.384],[227.804,-61.46],[224.883,-82.445],[222.639,-97.497],[221.799,-109.43],[218.329,-124.232],[212.21,-141.016],[190.767,-171.006],[134.045,-202.93],[101.144,-205.285],[95.749,-201.011],[94.452,-186.998],[93.474,-154.571],[89.459,-144.028],[82.163,-142.269],[71.445,-156.433],[70.989,-167.436],[72.548,-173.153],[72.925,-194.46],[74.646,-206.516],[64.918,-206.516],[63.913,-197.865],[61.272,-158.115],[57.394,-147.827],[44.928,-146.891],[39.11,-156.193],[39.376,-176.253],[42.443,-207.714],[30.663,-207.622],[27.763,-205.681],[24.537,-187.107],[23.814,-169.81],[23.431,-167.504],[25.232,-152.963],[15.425,-141.397],[5.843,-144.832],[2.584,-155.992],[2.481,-166.354],[3.106,-188.182],[5.111,-208.554],[-14.611,-208.541],[-27.811,-208.223],[-45.052,-206.767],[-57.47,-205.954],[-67.97,-203.856],[-88.795,-203.687],[-105.253,-199.656],[-141.92,-194.062],[-174.575,-182.345],[-206.659,-148.859],[-218.858,-117.041],[-223.306,-102.699],[-226.145,-89.139],[-228.593,-68.952],[-232.409,-55.439],[-233.607,-15.01],[-234.495,27.713],[-233.555,67.669],[-232.457,97.755],[-214.803,100.284],[-198.83,109.707],[-197.643,110.555],[-197.667,119.286],[-201.458,123.024],[-212.875,123.143],[-230.134,120.045],[-230.148,126.431],[-224.694,130.768],[-206.462,132.39],[-204.656,135.542],[-203.638,144.631],[-205.151,149.603],[-214.861,152.74]],"c":true},"ix":2},"nm":"패스 3","mn":"ADBE Vector Shape - Group","hd":false},{"ind":3,"ty":"sh","ix":4,"ks":{"a":0,"k":{"i":[[26.906,-0.462],[0.033,-4.144],[0.339,-10.005],[1.203,-8.412],[6.459,-12.338],[8.087,-4.691],[9.75,2.144],[3.446,2.6],[1.891,-2.315],[2.884,-2.021],[3.159,-0.962],[6.604,3.37],[5.129,1.198],[7.152,11.942],[1.948,5.085],[0.378,2.615],[1.854,16.097],[0.482,8.37],[0.221,9.174],[0.132,7.146],[-0.488,4.935],[-0.434,14.948],[-0.854,15.37],[-1.835,11.517],[-2.805,9.181],[-5.048,11.818],[-5.726,9.138],[-4.865,4.361],[-6.041,3.765],[-20.477,2.329],[-12.196,1.829],[-7.69,0.618],[-10.309,0.661],[-8.553,0.243],[-3.206,-0.174],[-2.457,0.003],[-9.528,-0.204],[-13.104,-0.575],[-9.81,-0.519],[-5.726,-0.329],[-4.053,-0.712],[-0.592,0.125],[-7.752,-2.152],[-12.043,-13.992],[-4.506,-6.203],[-3.674,-7.769],[-2.099,-9.229],[-1.7,-15.963],[-1.603,-21.183],[-0.568,-9.799],[0.057,-7.621],[0.124,-6.165],[0.6,-10.989],[0.39,-4.989],[0.453,-4.647],[0.888,-7.789],[0.666,-3.233],[1.638,-7.305],[2.298,-6.985],[4.349,-5.043],[14.212,0.201],[7.882,1.957],[3.169,1.626],[3.872,1.626],[0.98,-0.776],[8.976,1.762],[4.401,8.149],[2.222,8.66],[1.452,10.637],[0.705,9.028],[0.333,7.809],[0.611,8.925],[26.475,-1.494]],"o":[[0,5.349],[-0.081,10.013],[-0.288,8.513],[-1.94,13.556],[-4.123,7.875],[-8.56,4.965],[-4.214,-0.926],[-3.057,-2.307],[-2.227,2.727],[-1.766,1.238],[-2.796,4.722],[-5.172,4.178],[-13.234,-3.09],[-2.748,-4.589],[-0.98,-2.559],[-2.319,-16.038],[-0.958,-8.318],[-0.529,-9.165],[-0.172,-7.143],[-0.093,-5.036],[1.483,-14.992],[0.446,-15.397],[0.645,-11.634],[1.513,-9.492],[3.757,-12.299],[4.232,-9.91],[3.431,-5.475],[5.3,-4.752],[17.686,-11.022],[12.238,-1.391],[7.628,-1.143],[10.296,-0.828],[8.546,-0.548],[3.162,-0.09],[2.427,0.131],[9.529,-0.015],[13.117,0.28],[9.812,0.431],[5.729,0.303],[4.081,0.234],[0.654,0.115],[8.605,-1.812],[17.696,4.915],[5.031,5.845],[5.053,6.956],[4.072,8.611],[3.561,15.661],[2.247,21.108],[0.742,9.794],[0.44,7.587],[-0.046,6.168],[-0.222,11.006],[-0.273,4.987],[-0.364,4.663],[-0.759,7.798],[-0.38,3.325],[-1.509,7.327],[-1.622,7.231],[-2.123,6.455],[-8.652,10.033],[-8.167,-0.116],[-3.358,-0.834],[-3.746,-1.922],[-1.182,-0.496],[-7.809,6.178],[-9.206,-1.807],[-4.278,-7.919],[-2.653,-10.336],[-1.226,-8.983],[-0.606,-7.779],[-0.359,-8.408],[-26.987,2.554],[-26.033,1.469]],"v":[[-78.977,83.503],[-78.982,97.14],[-79.327,127.176],[-81.074,152.672],[-91.393,192.283],[-108.558,212.232],[-135.929,217.684],[-147.866,212.114],[-153.655,213.152],[-161.461,220.367],[-168.887,222.759],[-188.892,226.73],[-204.808,227.171],[-236.545,205.563],[-242.319,190.312],[-245.531,182.763],[-251.896,134.566],[-253.548,109.473],[-254.95,81.97],[-254.637,60.52],[-255.806,45.446],[-256.277,0.614],[-255.225,-45.582],[-251.223,-80.358],[-244.938,-108.535],[-231.922,-144.878],[-216.74,-173.51],[-203.551,-188.074],[-186.459,-200.977],[-128.545,-218.753],[-92.025,-224.657],[-69.018,-227.246],[-38.089,-229.201],[-12.454,-230.818],[-2.906,-229.171],[4.458,-230.28],[33.046,-229.906],[72.39,-228.872],[101.791,-226.774],[119.023,-226.718],[131.189,-224.696],[133.129,-224.298],[157.464,-220.326],[201.842,-190.982],[217.268,-173.754],[230.514,-151.535],[240.587,-124.747],[248.747,-77.214],[253.305,-13.654],[256.272,15.67],[255.982,38.524],[256.091,57.03],[255.034,90.037],[252.928,104.929],[252.824,118.994],[249.742,142.311],[249.513,152.38],[244.106,174.182],[239.645,195.943],[230.402,214.244],[196.65,230.322],[172.517,228.173],[163.012,223.364],[151.701,217.76],[147.427,218.247],[121.926,222.178],[100.751,207.517],[90.278,182.561],[85.475,150.744],[82.107,123.758],[81.643,100.313],[79.931,74.588],[0.096,81.921]],"c":true},"ix":2},"nm":"패스 4","mn":"ADBE Vector Shape - Group","hd":false},{"ty":"mm","mm":1,"nm":"패스 병합 1","mn":"ADBE Vector Filter - Merge","hd":false},{"ty":"fl","c":{"a":0,"k":[0,0,0,1],"ix":4},"o":{"a":0,"k":100,"ix":5},"r":1,"bm":0,"nm":"칠 1","mn":"ADBE Vector Graphic - Fill","hd":false},{"ty":"tr","p":{"a":0,"k":[862.205,897.853],"ix":2},"a":{"a":0,"k":[0,0],"ix":1},"s":{"a":0,"k":[100,100],"ix":3},"r":{"a":0,"k":0,"ix":6},"o":{"a":0,"k":100,"ix":7},"sk":{"a":0,"k":0,"ix":4},"sa":{"a":0,"k":0,"ix":5},"nm":"변형"}],"nm":"그룹 4","np":6,"cix":2,"bm":0,"ix":4,"mn":"ADBE Vector Group","hd":false}],"ip":0,"op":90.0000036657751,"st":0,"bm":0},{"ddd":0,"ind":5,"ty":4,"nm":"꼬리 윤곽선","sr":1,"ks":{"o":{"a":0,"k":100,"ix":11},"r":{"a":1,"k":[{"i":{"x":[0.53],"y":[1]},"o":{"x":[0.6],"y":[0]},"t":6,"s":[101]},{"i":{"x":[0.53],"y":[1]},"o":{"x":[0.11],"y":[0]},"t":58,"s":[-26]},{"t":61.0000024845809,"s":[101]}],"ix":10},"p":{"a":0,"k":[1041.95,713.764,0],"ix":2},"a":{"a":0,"k":[1041.95,713.764,0],"ix":1},"s":{"a":0,"k":[100,100,100],"ix":6}},"ao":0,"shapes":[{"ty":"gr","it":[{"ind":0,"ty":"sh","ix":1,"ks":{"a":0,"k":{"i":[[-1.149,3.884],[-4.282,-1.539],[1.222,-10.036],[0.31,-0.975],[8.816,3.39]],"o":[[5.642,1.455],[11.032,3.965],[-0.115,0.952],[-8.314,-3.197],[1.051,-3.551]],"v":[[-11.097,-10.446],[3.372,-6.644],[11.735,7.609],[10.858,10.446],[-14.404,0.732]],"c":true},"ix":2},"nm":"패스 1","mn":"ADBE Vector Shape - Group","hd":false},{"ty":"fl","c":{"a":0,"k":[0.686274509804,0.678431372549,0.678431372549,1],"ix":4},"o":{"a":0,"k":100,"ix":5},"r":1,"bm":0,"nm":"칠 1","mn":"ADBE Vector Graphic - Fill","hd":false},{"ty":"tr","p":{"a":0,"k":[1225.14,513.313],"ix":2},"a":{"a":0,"k":[0,0],"ix":1},"s":{"a":0,"k":[100,100],"ix":3},"r":{"a":0,"k":0,"ix":6},"o":{"a":0,"k":100,"ix":7},"sk":{"a":0,"k":0,"ix":4},"sa":{"a":0,"k":0,"ix":5},"nm":"변형"}],"nm":"그룹 1","np":2,"cix":2,"bm":0,"ix":1,"mn":"ADBE Vector Group","hd":false},{"ty":"gr","it":[{"ind":0,"ty":"sh","ix":1,"ks":{"a":0,"k":{"i":[[-0.142,-1.077],[4.607,-3.483],[1.768,-8.758],[1.71,0.508],[6.849,2.481],[-4.235,7.826],[-7.771,3.954],[-4.257,-1.565],[0.299,-7.834]],"o":[[-5.312,2.841],[-6.129,4.634],[-0.145,0.715],[-5.843,-1.736],[4.23,-7.567],[4.589,-8.481],[4.219,-2.147],[7,2.574],[-0.042,1.108]],"v":[[27.323,-3.345],[11.809,5.155],[-3.34,22.521],[-8.954,23.48],[-27.323,16.971],[-14.432,-6.145],[6.568,-21.841],[19.635,-18.446],[26.912,-6.652]],"c":true},"ix":2},"nm":"패스 1","mn":"ADBE Vector Shape - Group","hd":false},{"ty":"fl","c":{"a":0,"k":[0.686274509804,0.678431372549,0.678431372549,1],"ix":4},"o":{"a":0,"k":100,"ix":5},"r":1,"bm":0,"nm":"칠 1","mn":"ADBE Vector Graphic - Fill","hd":false},{"ty":"tr","p":{"a":0,"k":[1247.02,463.791],"ix":2},"a":{"a":0,"k":[0,0],"ix":1},"s":{"a":0,"k":[100,100],"ix":3},"r":{"a":0,"k":0,"ix":6},"o":{"a":0,"k":100,"ix":7},"sk":{"a":0,"k":0,"ix":4},"sa":{"a":0,"k":0,"ix":5},"nm":"변형"}],"nm":"그룹 2","np":2,"cix":2,"bm":0,"ix":2,"mn":"ADBE Vector Group","hd":false},{"ty":"gr","it":[{"ind":0,"ty":"sh","ix":1,"ks":{"a":0,"k":{"i":[[2.987,-6.903],[4.045,-0.455],[6.874,-0.506],[-3.125,8.34],[-10.66,10.07],[-10.981,7.368],[-14.084,9.952],[-6.053,5.654],[-2.996,3.44],[-6.027,7.498],[-1.133,2.454],[-2.926,-1.039],[-6.205,-3.208],[3.689,-5.229],[6.754,-7.804],[6.643,-4.306],[8.556,-4.802],[12.044,-7.548],[4.379,-3.625],[4.028,-3.918],[6.785,-17.62]],"o":[[-3.38,0.381],[-1.113,-3.645],[0.494,-9.196],[5.264,-14.051],[9.517,-8.991],[14.329,-9.616],[6.697,-4.731],[3.356,-3.136],[6.315,-7.25],[1.716,-2.135],[1.653,-3.579],[6.605,2.347],[4.264,2.204],[-5.974,8.469],[-5.174,5.978],[-8.202,5.315],[-12.401,6.959],[-4.754,2.979],[-4.355,3.605],[-13.105,12.749],[-2.481,6.444]],"v":[[-76.866,89.815],[-88.154,91.086],[-93.645,82.562],[-88.013,56.586],[-64.244,19.775],[-32.05,-3.327],[11.199,-31.774],[29.387,-48.665],[39.528,-57.983],[57.827,-80.297],[62.481,-87.071],[69.91,-90.047],[89.381,-82.104],[89.811,-70.835],[71.538,-45.705],[53.431,-30.091],[27.472,-16.227],[-9.348,5.314],[-22.216,16.484],[-35.565,26.943],[-68.431,70.211]],"c":true},"ix":2},"nm":"패스 1","mn":"ADBE Vector Shape - Group","hd":false},{"ty":"fl","c":{"a":0,"k":[0.686274509804,0.678431372549,0.678431372549,1],"ix":4},"o":{"a":0,"k":100,"ix":5},"r":1,"bm":0,"nm":"칠 1","mn":"ADBE Vector Graphic - Fill","hd":false},{"ty":"tr","p":{"a":0,"k":[1136.056,626.243],"ix":2},"a":{"a":0,"k":[0,0],"ix":1},"s":{"a":0,"k":[100,100],"ix":3},"r":{"a":0,"k":0,"ix":6},"o":{"a":0,"k":100,"ix":7},"sk":{"a":0,"k":0,"ix":4},"sa":{"a":0,"k":0,"ix":5},"nm":"변형"}],"nm":"그룹 3","np":2,"cix":2,"bm":0,"ix":3,"mn":"ADBE Vector Group","hd":false},{"ty":"gr","it":[{"ind":0,"ty":"sh","ix":1,"ks":{"a":0,"k":{"i":[[5.642,1.455],[1.051,-3.551],[-8.314,-3.197],[-0.115,0.952],[11.032,3.965]],"o":[[-1.149,3.884],[8.816,3.39],[0.31,-0.975],[1.222,-10.036],[-4.282,-1.539]],"v":[[47.164,-75.101],[43.857,-63.922],[69.119,-54.208],[69.996,-57.045],[61.633,-71.299]],"c":true},"ix":2},"nm":"패스 1","mn":"ADBE Vector Shape - Group","hd":false},{"ind":1,"ty":"sh","ix":2,"ks":{"a":0,"k":{"i":[[-5.311,2.841],[-0.042,1.108],[7,2.574],[4.22,-2.147],[4.59,-8.481],[4.229,-7.567],[-5.842,-1.736],[-0.144,0.715],[-6.13,4.634]],"o":[[-0.142,-1.077],[0.299,-7.834],[-4.257,-1.565],[-7.771,3.954],[-4.235,7.826],[6.848,2.481],[1.71,0.508],[1.768,-8.758],[4.606,-3.483]],"v":[[107.464,-117.521],[107.053,-120.828],[99.776,-132.622],[86.709,-136.018],[65.709,-120.321],[52.819,-97.206],[71.187,-90.696],[76.801,-91.656],[91.951,-109.021]],"c":true},"ix":2},"nm":"패스 2","mn":"ADBE Vector Shape - Group","hd":false},{"ind":2,"ty":"sh","ix":3,"ks":{"a":0,"k":{"i":[[-3.38,0.38],[-2.482,6.444],[-13.104,12.748],[-4.355,3.605],[-4.753,2.979],[-12.4,6.959],[-8.202,5.315],[-5.173,5.977],[-5.974,8.469],[4.264,2.204],[6.605,2.347],[1.652,-3.578],[1.716,-2.135],[6.316,-7.251],[3.357,-3.136],[6.696,-4.732],[14.329,-9.616],[9.517,-8.991],[5.264,-14.051],[0.494,-9.195],[-1.113,-3.646]],"o":[[2.988,-6.903],[6.784,-17.62],[4.028,-3.919],[4.38,-3.625],[12.044,-7.548],[8.557,-4.802],[6.644,-4.306],[6.754,-7.804],[3.688,-5.228],[-6.206,-3.207],[-2.926,-1.04],[-1.134,2.454],[-6.027,7.498],[-2.996,3.44],[-6.053,5.654],[-14.084,9.951],[-10.98,7.369],[-10.659,10.07],[-3.125,8.341],[6.874,-0.506],[4.045,-0.456]],"v":[[-107.689,138.091],[-99.253,118.487],[-66.388,75.219],[-53.039,64.76],[-40.171,53.589],[-3.351,32.049],[22.608,18.185],[40.715,2.571],[58.989,-22.56],[58.559,-33.828],[39.088,-41.771],[31.659,-38.795],[27.004,-32.021],[8.705,-9.706],[-1.436,-0.388],[-19.623,16.503],[-62.873,44.948],[-95.067,68.05],[-118.836,104.862],[-124.468,130.838],[-118.977,139.362]],"c":true},"ix":2},"nm":"패스 3","mn":"ADBE Vector Shape - Group","hd":false},{"ind":3,"ty":"sh","ix":4,"ks":{"a":0,"k":{"i":[[4.567,-0.903],[5.752,10.364],[-0.058,5.766],[-4.039,7.263],[-1.683,4.161],[-1.862,3.395],[-0.824,1.6],[-8.886,7.432],[-11.703,8.26],[-5.433,3.766],[-11.649,9.637],[-6.447,6.739],[-2.15,3.997],[-3.91,6.886],[-1.376,4.798],[-2.325,7.441],[-2.601,5.713],[-2.257,3.454],[-16.347,3.451],[-3.805,0.33],[-11.814,-7.675],[-1.539,-7.994],[-0.304,-4.334],[5.555,-6.593],[9.995,-2.766],[0.932,-6.387],[1.785,-8.131],[2.973,-8.658],[3.315,-6.662],[12.049,-9.665],[7.878,-3.663],[5.139,-2.382],[7.266,-3.804],[4.649,-2.706],[1.644,-1.462],[2.71,-2.649],[9.036,-11.429],[4.577,-8.897],[3.877,-4.585],[3.066,-0.846]],"o":[[-12.818,0.875],[-2.672,-4.816],[0.08,-7.912],[2.131,-3.833],[1.434,-3.545],[0.862,-1.57],[5.4,-10.488],[10.97,-9.173],[5.398,-3.809],[12.453,-8.632],[7.097,-5.871],[2.983,-3.118],[3.747,-6.964],[2.473,-4.355],[2.153,-7.506],[1.857,-5.945],[1.73,-3.798],[8.542,-13.07],[3.809,-0.804],[13.009,-1.127],[5.024,3.264],[0.66,3.423],[0.656,9.353],[-7.125,8.457],[-6.219,1.721],[-1.206,8.262],[-1.962,8.934],[-2.416,7.031],[-6.992,14.053],[-6.824,5.473],[-5.206,2.421],[-7.426,3.442],[-4.779,2.503],[-1.778,1.035],[-2.847,2.531],[-10.489,10.251],[-6.044,7.644],[-2.76,5.364],[-1.864,2.205],[-4.475,1.236]],"v":[[-116.291,161.716],[-143.997,145.985],[-146.923,128.821],[-141.403,105.864],[-137.633,92.888],[-131.723,82.898],[-129.949,77.742],[-108.033,50.899],[-73.506,25.326],[-56.51,15.036],[-19.706,-11.62],[-1.061,-32.456],[7.262,-42.211],[19.732,-62.443],[25.745,-76.271],[31.116,-99.097],[38.77,-116.282],[44.04,-127.624],[78.941,-155.503],[90.16,-158.827],[128.504,-154.915],[141.735,-141.602],[146.325,-130.659],[136.355,-108.036],[109.233,-94.062],[95.554,-78.958],[91.922,-54.185],[84.333,-27.771],[75.59,-7.203],[45.715,27.495],[23.677,41.833],[9.213,50.433],[-12.454,62.083],[-26.984,69.206],[-31.057,74.515],[-40.136,81.495],[-70.919,112.867],[-84.07,139.763],[-93.946,154.971],[-102.614,158.92]],"c":true},"ix":2},"nm":"패스 4","mn":"ADBE Vector Shape - Group","hd":false},{"ty":"mm","mm":1,"nm":"패스 병합 1","mn":"ADBE Vector Filter - Merge","hd":false},{"ty":"fl","c":{"a":0,"k":[0,0,0,1],"ix":4},"o":{"a":0,"k":100,"ix":5},"r":1,"bm":0,"nm":"칠 1","mn":"ADBE Vector Graphic - Fill","hd":false},{"ty":"tr","p":{"a":0,"k":[1166.879,577.967],"ix":2},"a":{"a":0,"k":[0,0],"ix":1},"s":{"a":0,"k":[100,100],"ix":3},"r":{"a":0,"k":0,"ix":6},"o":{"a":0,"k":100,"ix":7},"sk":{"a":0,"k":0,"ix":4},"sa":{"a":0,"k":0,"ix":5},"nm":"변형"}],"nm":"그룹 4","np":6,"cix":2,"bm":0,"ix":4,"mn":"ADBE Vector Group","hd":false}],"ip":0,"op":90.0000036657751,"st":0,"bm":0}],"markers":[]}