{"v":"4.8.0","meta":{"g":"LottieFiles AE 3.5.3","a":"","k":"","d":"","tc":""},"fr":29.9700012207031,"ip":0,"op":90.0000036657751,"w":1500,"h":1500,"nm":"올빼미_Base","ddd":0,"assets":[],"layers":[{"ddd":0,"ind":1,"ty":4,"nm":"날개 윤곽선","sr":1,"ks":{"o":{"a":0,"k":100,"ix":11},"r":{"a":1,"k":[{"i":{"x":[0.833],"y":[0.833]},"o":{"x":[0.167],"y":[0.167]},"t":20,"s":[0]},{"i":{"x":[0.833],"y":[0.833]},"o":{"x":[0.167],"y":[0.167]},"t":21,"s":[-4]},{"i":{"x":[0.833],"y":[0.833]},"o":{"x":[0.167],"y":[0.167]},"t":22,"s":[4]},{"i":{"x":[0.833],"y":[0.833]},"o":{"x":[0.167],"y":[0.167]},"t":23,"s":[-4]},{"i":{"x":[0.833],"y":[0.833]},"o":{"x":[0.167],"y":[0.167]},"t":24,"s":[4]},{"i":{"x":[0.833],"y":[0.833]},"o":{"x":[0.167],"y":[0.167]},"t":25,"s":[-4]},{"i":{"x":[0.833],"y":[0.833]},"o":{"x":[0.167],"y":[0.167]},"t":26,"s":[4]},{"i":{"x":[0.833],"y":[0.833]},"o":{"x":[0.167],"y":[0.167]},"t":27,"s":[0]},{"i":{"x":[0.833],"y":[0.833]},"o":{"x":[0.167],"y":[0.167]},"t":68,"s":[0]},{"i":{"x":[0.833],"y":[0.833]},"o":{"x":[0.167],"y":[0.167]},"t":69,"s":[-4]},{"i":{"x":[0.833],"y":[0.833]},"o":{"x":[0.167],"y":[0.167]},"t":70,"s":[4]},{"i":{"x":[0.833],"y":[0.833]},"o":{"x":[0.167],"y":[0.167]},"t":71,"s":[-4]},{"i":{"x":[0.833],"y":[0.833]},"o":{"x":[0.167],"y":[0.167]},"t":72,"s":[4]},{"i":{"x":[0.833],"y":[0.833]},"o":{"x":[0.167],"y":[0.167]},"t":73,"s":[-4]},{"i":{"x":[0.833],"y":[0.833]},"o":{"x":[0.167],"y":[0.167]},"t":74,"s":[4]},{"t":75.0000030548126,"s":[0]}],"ix":10},"p":{"a":0,"k":[764,812,0],"ix":2},"a":{"a":0,"k":[764,812,0],"ix":1},"s":{"a":0,"k":[100,100,100],"ix":6}},"ao":0,"shapes":[{"ty":"gr","it":[{"ind":0,"ty":"sh","ix":1,"ks":{"a":0,"k":{"i":[[-7.272,-0.271],[0.179,4.59],[-9.986,-3.775],[-0.24,-0.678],[1.092,-9.844],[4.936,-4.482],[4.335,0.648],[6.531,7.434],[0.062,1.277],[-0.153,1.93],[-2.776,0.928]],"o":[[-0.342,-4.695],[-0.287,-7.357],[0.688,0.26],[3.204,9.063],[-0.732,6.605],[-3.63,3.295],[-9.068,-1.356],[-0.817,-0.93],[-0.093,-1.913],[0.204,-2.569],[6.727,-2.25]],"v":[[0.755,3.071],[-0.226,-10.793],[16.602,-23.398],[18.296,-21.742],[22.728,6.298],[14.925,22.951],[2.331,26.525],[-22.42,15.901],[-23.726,12.166],[-23.252,6.387],[-19.219,1.744]],"c":true},"ix":2},"nm":"패스 1","mn":"ADBE Vector Shape - Group","hd":false},{"ty":"fl","c":{"a":0,"k":[0,0,0,1],"ix":4},"o":{"a":0,"k":100,"ix":5},"r":1,"bm":0,"nm":"칠 1","mn":"ADBE Vector Graphic - Fill","hd":false},{"ty":"tr","p":{"a":0,"k":[858.383,834.312],"ix":2},"a":{"a":0,"k":[0,0],"ix":1},"s":{"a":0,"k":[100,100],"ix":3},"r":{"a":0,"k":0,"ix":6},"o":{"a":0,"k":100,"ix":7},"sk":{"a":0,"k":0,"ix":4},"sa":{"a":0,"k":0,"ix":5},"nm":"변형"}],"nm":"그룹 1","np":2,"cix":2,"bm":0,"ix":1,"mn":"ADBE Vector Group","hd":false},{"ty":"gr","it":[{"ind":0,"ty":"sh","ix":1,"ks":{"a":0,"k":{"i":[[3.675,2.519],[4.82,0.362],[4.54,0.609],[-1.359,5.738],[-0.244,0.009],[-7.345,-2.556],[-3.91,0.046],[-0.414,1.293],[-2.072,6.095],[-1.925,1.438],[-3.102,0.053],[-0.835,-2.464],[0.339,-3.907],[0.055,-0.983],[7.738,-8.434]],"o":[[-4.045,5.899],[-4.55,-0.343],[-5.954,-0.8],[0.109,-0.46],[6.352,-0.222],[3.612,1.256],[1.249,-0.015],[1.966,-6.136],[0.75,-2.207],[2.795,-2.088],[2.635,-0.045],[1.165,3.435],[-0.086,0.988],[-0.652,11.53],[-2.491,2.716]],"v":[[7.111,22.484],[-7.182,25.655],[-20.742,23.4],[-30.286,8.689],[-29.612,7.445],[-11.542,2.669],[0.148,3.818],[3.74,0.851],[9.085,-17.733],[13.687,-23.485],[22.841,-28.338],[30.481,-23.079],[30.049,-11.458],[29.14,-8.551],[16.236,21.265]],"c":true},"ix":2},"nm":"패스 1","mn":"ADBE Vector Shape - Group","hd":false},{"ty":"fl","c":{"a":0,"k":[0,0,0,1],"ix":4},"o":{"a":0,"k":100,"ix":5},"r":1,"bm":0,"nm":"칠 1","mn":"ADBE Vector Graphic - Fill","hd":false},{"ty":"tr","p":{"a":0,"k":[790.193,819.905],"ix":2},"a":{"a":0,"k":[0,0],"ix":1},"s":{"a":0,"k":[100,100],"ix":3},"r":{"a":0,"k":0,"ix":6},"o":{"a":0,"k":100,"ix":7},"sk":{"a":0,"k":0,"ix":4},"sa":{"a":0,"k":0,"ix":5},"nm":"변형"}],"nm":"그룹 2","np":2,"cix":2,"bm":0,"ix":2,"mn":"ADBE Vector Group","hd":false},{"ty":"gr","it":[{"ind":0,"ty":"sh","ix":1,"ks":{"a":0,"k":{"i":[[0.319,0.07],[-1.581,6.515],[-3.565,-0.737],[-0.271,0.318],[-2.871,-2.524],[1.577,-7.154],[2.326,-9.558],[3.358,-3.925],[5.294,-1.172],[7.697,0.725],[0.439,6.188],[0.184,0.147],[-2.088,3.738],[-2.937,-0.069],[-4.652,-0.737],[-0.949,3.232],[-0.75,3.313]],"o":[[1.542,-6.525],[0.676,-2.784],[0.405,0.084],[1.652,-1.94],[3.732,3.283],[-2.122,9.616],[-1.253,5.152],[-2.817,3.295],[-8.1,1.792],[-6.108,-0.575],[-0.023,-0.326],[-4.464,-3.576],[2.283,-4.09],[4.691,0.11],[3.621,0.572],[0.955,-3.254],[-0.319,-0.07]],"v":[[4.052,-3.883],[8.691,-23.454],[14.109,-27.759],[15.443,-28.23],[21.548,-31.294],[29.476,-18.59],[23.982,10.448],[17.304,25.025],[5.15,32.026],[-18.003,31.305],[-26.449,22.991],[-26.589,22.04],[-26.044,12.595],[-18.042,8.853],[-4.007,10.471],[2.715,6.253],[5.01,-3.674]],"c":true},"ix":2},"nm":"패스 1","mn":"ADBE Vector Shape - Group","hd":false},{"ty":"fl","c":{"a":0,"k":[0,0,0,1],"ix":4},"o":{"a":0,"k":100,"ix":5},"r":1,"bm":0,"nm":"칠 1","mn":"ADBE Vector Graphic - Fill","hd":false},{"ty":"tr","p":{"a":0,"k":[802.302,879.782],"ix":2},"a":{"a":0,"k":[0,0],"ix":1},"s":{"a":0,"k":[100,100],"ix":3},"r":{"a":0,"k":0,"ix":6},"o":{"a":0,"k":100,"ix":7},"sk":{"a":0,"k":0,"ix":4},"sa":{"a":0,"k":0,"ix":5},"nm":"변형"}],"nm":"그룹 3","np":2,"cix":2,"bm":0,"ix":3,"mn":"ADBE Vector Group","hd":false},{"ty":"gr","it":[{"ind":0,"ty":"sh","ix":1,"ks":{"a":0,"k":{"i":[[-0.342,-4.695],[6.727,-2.25],[0.204,-2.569],[-0.093,-1.913],[-0.817,-0.93],[-9.068,-1.356],[-3.63,3.295],[-0.732,6.605],[3.204,9.063],[0.688,0.26],[-0.287,-7.357]],"o":[[-7.272,-0.271],[-2.776,0.928],[-0.153,1.93],[0.062,1.277],[6.531,7.434],[4.335,0.648],[4.936,-4.482],[1.092,-9.844],[-0.24,-0.678],[-9.986,-3.775],[0.179,4.59]],"v":[[9.149,-45.744],[-10.825,-47.07],[-14.858,-42.427],[-15.332,-36.648],[-14.026,-32.914],[10.725,-22.289],[23.319,-25.864],[31.122,-42.516],[26.69,-70.557],[24.996,-72.213],[8.168,-59.607]],"c":true},"ix":2},"nm":"패스 1","mn":"ADBE Vector Shape - Group","hd":false},{"ind":1,"ty":"sh","ix":2,"ks":{"a":0,"k":{"i":[[-4.045,5.899],[-2.492,2.716],[-0.652,11.53],[-0.086,0.988],[1.165,3.435],[2.636,-0.045],[2.795,-2.087],[0.751,-2.207],[1.966,-6.136],[1.249,-0.015],[3.612,1.256],[6.351,-0.222],[0.109,-0.46],[-5.954,-0.8],[-4.55,-0.342]],"o":[[3.674,2.519],[7.738,-8.434],[0.055,-0.983],[0.339,-3.907],[-0.835,-2.464],[-3.101,0.053],[-1.925,1.438],[-2.071,6.095],[-0.414,1.293],[-3.91,0.046],[-7.345,-2.556],[-0.245,0.009],[-1.358,5.738],[4.541,0.609],[4.82,0.362]],"v":[[-52.685,-40.737],[-43.56,-41.956],[-30.656,-71.773],[-29.747,-74.68],[-29.315,-86.3],[-36.956,-91.56],[-46.109,-86.706],[-50.712,-80.955],[-56.055,-62.37],[-59.648,-59.404],[-71.338,-60.552],[-89.408,-55.776],[-90.083,-54.532],[-80.538,-39.821],[-66.978,-37.567]],"c":true},"ix":2},"nm":"패스 2","mn":"ADBE Vector Shape - Group","hd":false},{"ind":2,"ty":"sh","ix":3,"ks":{"a":0,"k":{"i":[[1.542,-6.525],[-0.319,-0.07],[0.955,-3.254],[3.621,0.572],[4.69,0.11],[2.284,-4.09],[-4.464,-3.576],[-0.023,-0.326],[-6.108,-0.575],[-8.099,1.792],[-2.818,3.295],[-1.253,5.152],[-2.121,9.616],[3.732,3.283],[1.651,-1.94],[0.405,0.084],[0.675,-2.784]],"o":[[0.32,0.07],[-0.75,3.313],[-0.949,3.232],[-4.652,-0.737],[-2.938,-0.069],[-2.087,3.738],[0.183,0.147],[0.439,6.188],[7.697,0.725],[5.294,-1.172],[3.357,-3.925],[2.326,-9.558],[1.578,-7.154],[-2.871,-2.524],[-0.272,0.318],[-3.565,-0.737],[-1.582,6.515]],"v":[[-43.635,-7.227],[-42.677,-7.018],[-44.972,2.909],[-51.694,7.127],[-65.728,5.508],[-73.731,9.25],[-74.275,18.695],[-74.135,19.646],[-65.69,27.961],[-42.537,28.682],[-30.382,21.68],[-23.705,7.104],[-18.211,-21.935],[-26.139,-34.638],[-32.243,-31.575],[-33.578,-31.104],[-38.995,-26.799]],"c":true},"ix":2},"nm":"패스 3","mn":"ADBE Vector Shape - Group","hd":false},{"ind":3,"ty":"sh","ix":4,"ks":{"a":0,"k":{"i":[[1.411,1.759],[0.777,1.93],[2.504,14.053],[-3.033,12.967],[-8.497,7.336],[-4.497,2.395],[-5.526,1.707],[-5.439,0.925],[-6.961,1.576],[-8.163,0.962],[-8.294,-2.136],[-14.921,-5.947],[-5.964,-3.296],[-3.258,-1.746],[-9.202,-11.723],[-1.537,-3.303],[-2.555,-9.796],[1.046,-13.604],[1.23,-6.408],[2.328,-6.613],[2.895,-6.935],[7.015,-5.786],[6.609,-2.569],[16.087,-0.943],[7.137,3.857],[7.186,0.118],[3.828,2.555],[2.871,2.592],[10.713,10.728],[6.906,9.619],[6.478,10.604]],"o":[[-0.623,-2.13],[-5.285,-13.126],[-2.307,-12.95],[2.653,-11.346],[3.916,-3.381],[5.055,-2.692],[5.285,-1.634],[7.067,-1.201],[8.513,-1.928],[9.341,-1.101],[15.456,3.98],[6.329,2.522],[3.243,1.792],[13.269,7.112],[2.151,2.74],[4.27,9.174],[3.549,13.603],[-0.499,6.493],[-1.329,6.928],[-2.484,7.058],[-3.594,8.613],[-5.567,4.591],[-14.929,5.805],[-7.166,0.42],[-5.92,-3.199],[-4.065,-0.066],[-3.201,-2.136],[-11.266,-10.171],[-8.376,-8.387],[-7.223,-10.061],[-1.13,-1.849]],"v":[[-112.857,10.141],[-114.678,4.008],[-127.367,-36.362],[-127.228,-74.953],[-109.727,-102.205],[-97.473,-111.695],[-81.192,-117.654],[-65.109,-121.773],[-43.766,-124.494],[-18.879,-123.906],[7.274,-119.472],[52.39,-102.701],[70.864,-93.883],[79.723,-86.935],[113.166,-58.333],[117.185,-48.19],[126.712,-19.622],[128.433,21.089],[125.518,40.453],[120.719,61.055],[111.31,81.545],[95.042,103.008],[76.89,114.894],[30.291,125.751],[8.847,122.564],[-11.54,118.732],[-23.586,112.293],[-32.531,104.902],[-66.11,74.159],[-89.303,47.115],[-108.745,15.328]],"c":true},"ix":2},"nm":"패스 4","mn":"ADBE Vector Shape - Group","hd":false},{"ty":"mm","mm":1,"nm":"패스 병합 1","mn":"ADBE Vector Filter - Merge","hd":false},{"ty":"fl","c":{"a":0,"k":[1,1,1,1],"ix":4},"o":{"a":0,"k":100,"ix":5},"r":1,"bm":0,"nm":"칠 1","mn":"ADBE Vector Graphic - Fill","hd":false},{"ty":"tr","p":{"a":0,"k":[849.989,883.126],"ix":2},"a":{"a":0,"k":[0,0],"ix":1},"s":{"a":0,"k":[100,100],"ix":3},"r":{"a":0,"k":0,"ix":6},"o":{"a":0,"k":100,"ix":7},"sk":{"a":0,"k":0,"ix":4},"sa":{"a":0,"k":0,"ix":5},"nm":"변형"}],"nm":"그룹 4","np":6,"cix":2,"bm":0,"ix":4,"mn":"ADBE Vector Group","hd":false},{"ty":"gr","it":[{"ind":0,"ty":"sh","ix":1,"ks":{"a":0,"k":{"i":[[-0.622,-2.131],[-1.129,-1.85],[-7.224,-10.062],[-8.376,-8.388],[-11.267,-10.172],[-3.201,-2.136],[-4.064,-0.067],[-5.92,-3.199],[-7.166,0.42],[-14.929,5.804],[-5.567,4.592],[-3.595,8.613],[-2.485,7.059],[-1.329,6.927],[-0.499,6.493],[3.548,13.603],[4.27,9.175],[2.151,2.74],[13.269,7.112],[3.243,1.792],[6.33,2.523],[15.457,3.98],[9.34,-1.1],[8.514,-1.927],[7.067,-1.202],[5.284,-1.633],[5.056,-2.692],[3.916,-3.381],[2.654,-11.346],[-2.307,-12.95],[-5.285,-13.126]],"o":[[1.411,1.758],[6.479,10.603],[6.906,9.618],[10.713,10.728],[2.871,2.592],[3.829,2.555],[7.186,0.117],[7.138,3.857],[16.088,-0.943],[6.61,-2.57],[7.016,-5.786],[2.894,-6.935],[2.328,-6.613],[1.23,-6.409],[1.046,-13.605],[-2.555,-9.796],[-1.537,-3.303],[-9.201,-11.723],[-3.258,-1.746],[-5.965,-3.296],[-14.921,-5.946],[-8.293,-2.136],[-8.164,0.962],[-6.961,1.576],[-5.44,0.924],[-5.526,1.708],[-4.497,2.395],[-8.498,7.337],[-3.033,12.967],[2.504,14.054],[0.777,1.93]],"v":[[-145.562,-9.189],[-141.45,-4.002],[-122.007,27.785],[-98.815,54.829],[-65.235,85.573],[-56.291,92.964],[-44.245,99.403],[-23.858,103.235],[-2.414,106.422],[44.185,95.565],[62.337,83.678],[78.606,62.216],[88.015,41.724],[92.813,21.125],[95.728,1.76],[94.008,-38.953],[84.48,-67.52],[80.461,-77.663],[47.018,-106.265],[38.16,-113.213],[19.685,-122.031],[-25.431,-138.802],[-51.583,-143.237],[-76.471,-143.823],[-97.813,-141.102],[-113.896,-136.984],[-130.178,-131.026],[-142.431,-121.534],[-159.933,-94.284],[-160.072,-55.692],[-147.383,-15.323]],"c":true},"ix":2},"nm":"패스 1","mn":"ADBE Vector Shape - Group","hd":false},{"ind":1,"ty":"sh","ix":2,"ks":{"a":0,"k":{"i":[[-7.726,1.728],[-5.525,0.077],[-9.289,-0.817],[-8.365,-2.045],[-6.715,-2.299],[-6.633,-3.32],[-11.575,-7.042],[-5.87,-4.354],[-3.696,-3.25],[-6.909,-6.859],[-5.747,-6.581],[-2.58,-3.447],[-1.829,-2.912],[-5.807,-11.575],[-3.92,-11.126],[-3.413,-9.644],[1.325,-9.372],[4.264,-13.711],[5.102,-7.686],[9.629,-0.887],[3.018,-1.5],[7.438,0.11],[10.841,0.655],[18.964,5.795],[6.617,2.925],[12.232,5.707],[2.08,1.473],[3.867,2.514],[5.213,3.876],[4.878,3.344],[8.149,10.322],[3.889,5.028],[6.556,10.034],[3.736,7.534],[3.325,8.232],[0.178,11.524],[-0.049,4.285],[-1.626,9.873],[-6.438,7.806],[-10.195,5.343],[-4.258,1.785],[-3.379,1.435],[-1.225,0.284]],"o":[[6.873,-0.512],[9.35,-0.13],[8.56,0.753],[6.868,1.678],[7.079,2.424],[12.112,6.061],[6.207,3.776],[3.979,2.951],[7.308,6.426],[6.203,6.159],[2.808,3.216],[2.086,2.786],[6.91,10.995],[5.27,10.505],[3.399,9.65],[3.38,9.553],[-2.006,14.191],[-2.733,8.786],[-4.908,7.394],[-3.278,0.302],[-6.765,3.363],[-10.884,-0.161],[-19.823,-1.199],[-6.89,-2.105],[-12.346,-5.457],[-2.258,-1.053],[-3.765,-2.667],[-5.463,-3.551],[-4.766,-3.545],[-10.878,-7.459],[-3.942,-4.993],[-7.336,-9.486],[-4.584,-7.017],[-3.946,-7.96],[-4.199,-10.397],[-0.067,-4.308],[0.117,-10.051],[1.628,-9.883],[7.135,-8.651],[4.076,-2.136],[3.386,-1.418],[1.186,-0.503],[9.003,-2.091]],"v":[[-92.941,-164.245],[-75.027,-165.518],[-46.983,-165.138],[-21.522,-160.604],[-1.334,-153.869],[19.812,-146.404],[55.319,-126.591],[72.778,-113.348],[84.96,-104.839],[106.216,-84.804],[124.237,-65.747],[131.373,-54.966],[138.367,-47.171],[158.355,-13.745],[171.383,19.156],[180.478,48.493],[182.045,77.323],[172.19,119.311],[159.993,144.345],[138.207,157.812],[128.622,161.137],[107.328,165.191],[74.676,165.299],[16.517,154.097],[-3.571,145.891],[-40.455,129.176],[-46.583,124.621],[-57.98,116.766],[-74.446,106.246],[-87.912,94.5],[-116.184,67.742],[-129.21,53.708],[-150.252,24.516],[-162.219,2.307],[-173.366,-21.909],[-181.564,-54.359],[-183.809,-67.247],[-181.984,-97.346],[-169.944,-124.577],[-145.091,-147.12],[-132.356,-152.559],[-122.188,-156.789],[-118.697,-158.44]],"c":true},"ix":2},"nm":"패스 2","mn":"ADBE Vector Shape - Group","hd":false},{"ty":"mm","mm":1,"nm":"패스 병합 1","mn":"ADBE Vector Filter - Merge","hd":false},{"ty":"fl","c":{"a":0,"k":[0,0,0,1],"ix":4},"o":{"a":0,"k":100,"ix":5},"r":1,"bm":0,"nm":"칠 1","mn":"ADBE Vector Graphic - Fill","hd":false},{"ty":"tr","p":{"a":0,"k":[882.694,902.456],"ix":2},"a":{"a":0,"k":[0,0],"ix":1},"s":{"a":0,"k":[100,100],"ix":3},"r":{"a":0,"k":0,"ix":6},"o":{"a":0,"k":100,"ix":7},"sk":{"a":0,"k":0,"ix":4},"sa":{"a":0,"k":0,"ix":5},"nm":"변형"}],"nm":"그룹 5","np":4,"cix":2,"bm":0,"ix":5,"mn":"ADBE Vector Group","hd":false}],"ip":0,"op":90.0000036657751,"st":0,"bm":0},{"ddd":0,"ind":2,"ty":4,"nm":"몸 윤곽선","sr":1,"ks":{"o":{"a":0,"k":100,"ix":11},"r":{"a":0,"k":0,"ix":10},"p":{"a":0,"k":[750,750,0],"ix":2},"a":{"a":0,"k":[750,750,0],"ix":1},"s":{"a":0,"k":[100,100,100],"ix":6}},"ao":0,"shapes":[{"ty":"gr","it":[{"ind":0,"ty":"sh","ix":1,"ks":{"a":0,"k":{"i":[[-0.285,-0.374],[-0.612,0.486],[-2.874,-1.477],[0.638,-5.333],[1.671,-3.015],[2.322,1.278],[-1.925,5.907],[-0.09,1.953],[-1.114,2.967],[-1.764,1.615]],"o":[[0.964,-0.043],[2.994,-2.375],[9.038,4.644],[-0.386,3.226],[-1.855,3.348],[-7.115,-3.916],[0.557,-1.71],[0.15,-3.257],[0.749,-1.996],[0.284,0.374]],"v":[[-5.165,-14.629],[-2.325,-14.82],[4.718,-13.766],[7.492,2.346],[3.057,11.618],[-6.105,15.917],[-11.831,4.701],[-12.357,-1.161],[-11.117,-10.831],[-6.019,-15.75]],"c":true},"ix":2},"nm":"패스 1","mn":"ADBE Vector Shape - Group","hd":false},{"ty":"fl","c":{"a":0,"k":[0,0,0,1],"ix":4},"o":{"a":0,"k":100,"ix":5},"r":1,"bm":0,"nm":"칠 1","mn":"ADBE Vector Graphic - Fill","hd":false},{"ty":"tr","p":{"a":0,"k":[696.115,552.676],"ix":2},"a":{"a":0,"k":[0,0],"ix":1},"s":{"a":0,"k":[100,100],"ix":3},"r":{"a":0,"k":0,"ix":6},"o":{"a":0,"k":100,"ix":7},"sk":{"a":0,"k":0,"ix":4},"sa":{"a":0,"k":0,"ix":5},"nm":"변형"}],"nm":"그룹 1","np":2,"cix":2,"bm":0,"ix":1,"mn":"ADBE Vector Group","hd":false},{"ty":"gr","it":[{"ind":0,"ty":"sh","ix":1,"ks":{"a":0,"k":{"i":[[-2.748,1.947],[-3.294,0.474],[-5.174,0.423],[-0.79,-0.927],[-1.529,-2.132],[-0.078,-0.748],[3.102,-0.489],[6.25,-1.006],[0.775,0.422],[2.04,4.293]],"o":[[-0.301,-2.994],[5.144,-0.739],[0.964,-0.079],[1.698,1.992],[0.468,0.652],[0.319,3.026],[-6.253,0.984],[-0.878,0.142],[-5.044,-2.747],[-0.18,-0.378]],"v":[[-11.997,-5.821],[-6.042,-10.284],[9.429,-12.185],[12.467,-10.093],[17.19,-3.803],[18.295,-1.659],[9.16,8.947],[-9.565,12.121],[-12.312,11.681],[-18.435,-1.194]],"c":true},"ix":2},"nm":"패스 1","mn":"ADBE Vector Shape - Group","hd":false},{"ty":"fl","c":{"a":0,"k":[0,0,0,1],"ix":4},"o":{"a":0,"k":100,"ix":5},"r":1,"bm":0,"nm":"칠 1","mn":"ADBE Vector Graphic - Fill","hd":false},{"ty":"tr","p":{"a":0,"k":[751.749,527.318],"ix":2},"a":{"a":0,"k":[0,0],"ix":1},"s":{"a":0,"k":[100,100],"ix":3},"r":{"a":0,"k":0,"ix":6},"o":{"a":0,"k":100,"ix":7},"sk":{"a":0,"k":0,"ix":4},"sa":{"a":0,"k":0,"ix":5},"nm":"변형"}],"nm":"그룹 2","np":2,"cix":2,"bm":0,"ix":2,"mn":"ADBE Vector Group","hd":false},{"ty":"gr","it":[{"ind":0,"ty":"sh","ix":1,"ks":{"a":0,"k":{"i":[[0.74,2.538],[-1.842,3.052],[-2.309,-0.003],[-2.266,-0.291],[-0.426,-2.634],[-0.921,-5.141],[0.472,-2.707],[2.922,0.493],[0.834,-0.06],[1.484,0.621],[-0.36,6.231]],"o":[[1.187,-4.098],[0.931,-1.541],[2.209,0.002],[3.584,0.462],[0.832,5.146],[0.455,2.543],[-0.642,3.678],[-0.706,-0.12],[-1.679,0.12],[-5.864,-2.454],[0.157,-2.732]],"v":[[-12.359,-4.439],[-8.878,-15.481],[-2.19,-17.592],[4.445,-15.62],[7.876,-10.357],[11.903,4.836],[10.669,12.932],[4.642,16.096],[2.238,17.324],[-2.813,16.974],[-10.157,3.665]],"c":true},"ix":2},"nm":"패스 1","mn":"ADBE Vector Shape - Group","hd":false},{"ty":"fl","c":{"a":0,"k":[0,0,0,1],"ix":4},"o":{"a":0,"k":100,"ix":5},"r":1,"bm":0,"nm":"칠 1","mn":"ADBE Vector Graphic - Fill","hd":false},{"ty":"tr","p":{"a":0,"k":[642.696,492.749],"ix":2},"a":{"a":0,"k":[0,0],"ix":1},"s":{"a":0,"k":[100,100],"ix":3},"r":{"a":0,"k":0,"ix":6},"o":{"a":0,"k":100,"ix":7},"sk":{"a":0,"k":0,"ix":4},"sa":{"a":0,"k":0,"ix":5},"nm":"변형"}],"nm":"그룹 3","np":2,"cix":2,"bm":0,"ix":3,"mn":"ADBE Vector Group","hd":false},{"ty":"gr","it":[{"ind":0,"ty":"sh","ix":1,"ks":{"a":0,"k":{"i":[[1.018,2.076],[-6.909,-0.805],[-0.679,0.111],[-1.237,-0.936],[-5.241,-5.002],[3.013,-3.398],[1.418,-1.691],[3.558,4.085],[3.564,4.451]],"o":[[3.237,-2.065],[0.547,0.064],[2.034,-0.332],[5.774,4.369],[2.401,2.291],[-1.453,1.637],[-3.36,4.005],[-3.748,-4.302],[-1.177,-1.471]],"v":[[-17.499,-6.084],[-10.661,-14.217],[-8.818,-15.611],[-2.761,-15.982],[13.786,-1.873],[14.557,6.843],[11.5,12.913],[-3.65,12.461],[-14.729,-0.584]],"c":true},"ix":2},"nm":"패스 1","mn":"ADBE Vector Shape - Group","hd":false},{"ty":"fl","c":{"a":0,"k":[0,0,0,1],"ix":4},"o":{"a":0,"k":100,"ix":5},"r":1,"bm":0,"nm":"칠 1","mn":"ADBE Vector Graphic - Fill","hd":false},{"ty":"tr","p":{"a":0,"k":[601.837,507.781],"ix":2},"a":{"a":0,"k":[0,0],"ix":1},"s":{"a":0,"k":[100,100],"ix":3},"r":{"a":0,"k":0,"ix":6},"o":{"a":0,"k":100,"ix":7},"sk":{"a":0,"k":0,"ix":4},"sa":{"a":0,"k":0,"ix":5},"nm":"변형"}],"nm":"그룹 4","np":2,"cix":2,"bm":0,"ix":4,"mn":"ADBE Vector Group","hd":false},{"ty":"gr","it":[{"ind":0,"ty":"sh","ix":1,"ks":{"a":0,"k":{"i":[[0.646,2.963],[-3.705,0.25],[-0.081,0.176],[-3.896,-1.378],[-0.038,-4.538],[-0.399,-1.393],[5.535,-3.348],[2.588,0.89],[0.117,5.023],[0.513,3.089]],"o":[[-0.501,-3.725],[0.323,-0.022],[4.054,-8.791],[4.237,1.498],[0.012,1.428],[1.658,5.788],[-2.854,1.726],[-3.289,-1.131],[-0.072,-3.119],[-0.496,-2.987]],"v":[[-12.748,-6.449],[-8.18,-12.269],[-7.248,-12.475],[6.321,-12.936],[10.769,-1.306],[11.591,2.968],[7.265,17.478],[-2.305,20.376],[-9.766,11.777],[-10.844,2.444]],"c":true},"ix":2},"nm":"패스 1","mn":"ADBE Vector Shape - Group","hd":false},{"ty":"fl","c":{"a":0,"k":[0,0,0,1],"ix":4},"o":{"a":0,"k":100,"ix":5},"r":1,"bm":0,"nm":"칠 1","mn":"ADBE Vector Graphic - Fill","hd":false},{"ty":"tr","p":{"a":0,"k":[647.619,548.257],"ix":2},"a":{"a":0,"k":[0,0],"ix":1},"s":{"a":0,"k":[100,100],"ix":3},"r":{"a":0,"k":0,"ix":6},"o":{"a":0,"k":100,"ix":7},"sk":{"a":0,"k":0,"ix":4},"sa":{"a":0,"k":0,"ix":5},"nm":"변형"}],"nm":"그룹 5","np":2,"cix":2,"bm":0,"ix":5,"mn":"ADBE Vector Group","hd":false},{"ty":"gr","it":[{"ind":0,"ty":"sh","ix":1,"ks":{"a":0,"k":{"i":[[0.016,0.197],[2.844,0.062],[-2.052,2.802],[1.616,2.972],[-0.556,0.707],[-7.692,3.461],[-1.43,-2.324],[-1.737,-1.453],[2.277,-2.551],[5.729,-5.855],[0.945,-0.194]],"o":[[-2.846,0],[-3.291,-0.072],[1.581,-2.159],[-0.329,-0.606],[5.032,-6.393],[3.745,-1.685],[1.211,1.968],[2.629,2.198],[-5.452,6.109],[-0.559,0.571],[-0.016,-0.197]],"v":[[-3.75,17.31],[-12.288,17.297],[-16.229,9.111],[-14.466,2.263],[-13.701,-0.455],[4.418,-16.217],[10.418,-13.252],[14.663,-7.76],[16.003,-0.549],[-0.919,17.269],[-3.702,17.902]],"c":true},"ix":2},"nm":"패스 1","mn":"ADBE Vector Shape - Group","hd":false},{"ty":"fl","c":{"a":0,"k":[0,0,0,1],"ix":4},"o":{"a":0,"k":100,"ix":5},"r":1,"bm":0,"nm":"칠 1","mn":"ADBE Vector Graphic - Fill","hd":false},{"ty":"tr","p":{"a":0,"k":[717.284,496.706],"ix":2},"a":{"a":0,"k":[0,0],"ix":1},"s":{"a":0,"k":[100,100],"ix":3},"r":{"a":0,"k":0,"ix":6},"o":{"a":0,"k":100,"ix":7},"sk":{"a":0,"k":0,"ix":4},"sa":{"a":0,"k":0,"ix":5},"nm":"변형"}],"nm":"그룹 6","np":2,"cix":2,"bm":0,"ix":6,"mn":"ADBE Vector Group","hd":false},{"ty":"gr","it":[{"ind":0,"ty":"sh","ix":1,"ks":{"a":0,"k":{"i":[[0.859,2.22],[-1.361,5.142],[0.121,0.505],[-4.44,2.243],[-2.618,-1.984],[3.524,-6.071],[1.392,-5.255],[2.618,-3.122],[2.907,4.173],[0.972,1.562]],"o":[[1.398,-5.36],[0.162,-0.613],[-1.546,-6.432],[2.639,-1.333],[3.795,2.877],[-2.527,4.354],[-1.032,3.896],[-3.211,3.828],[-1.063,-1.525],[-1.096,-1.761]],"v":[[-14.314,8.071],[-10.22,-7.579],[-9.559,-9.346],[-2.436,-22.026],[8.094,-20.209],[10.79,-7.443],[8.355,8.667],[2.42,19.531],[-7.96,18.26],[-11.854,14.182]],"c":true},"ix":2},"nm":"패스 1","mn":"ADBE Vector Shape - Group","hd":false},{"ty":"fl","c":{"a":0,"k":[0,0,0,1],"ix":4},"o":{"a":0,"k":100,"ix":5},"r":1,"bm":0,"nm":"칠 1","mn":"ADBE Vector Graphic - Fill","hd":false},{"ty":"tr","p":{"a":0,"k":[677.591,495.32],"ix":2},"a":{"a":0,"k":[0,0],"ix":1},"s":{"a":0,"k":[100,100],"ix":3},"r":{"a":0,"k":0,"ix":6},"o":{"a":0,"k":100,"ix":7},"sk":{"a":0,"k":0,"ix":4},"sa":{"a":0,"k":0,"ix":5},"nm":"변형"}],"nm":"그룹 7","np":2,"cix":2,"bm":0,"ix":7,"mn":"ADBE Vector Group","hd":false},{"ty":"gr","it":[{"ind":0,"ty":"sh","ix":1,"ks":{"a":0,"k":{"i":[[9.43,0.13],[0.172,7.147],[-8.014,0.071],[0.176,-7.131]],"o":[[-7.238,-0.099],[-0.191,-7.881],[7.415,-0.065],[-0.234,9.438]],"v":[[0.143,17.119],[-17.44,-0.075],[-0.606,-17.185],[17.455,0.444]],"c":true},"ix":2},"nm":"패스 1","mn":"ADBE Vector Shape - Group","hd":false},{"ty":"fl","c":{"a":0,"k":[0,0,0,1],"ix":4},"o":{"a":0,"k":100,"ix":5},"r":1,"bm":0,"nm":"칠 1","mn":"ADBE Vector Graphic - Fill","hd":false},{"ty":"tr","p":{"a":0,"k":[585.907,599.621],"ix":2},"a":{"a":0,"k":[0,0],"ix":1},"s":{"a":0,"k":[100,100],"ix":3},"r":{"a":0,"k":0,"ix":6},"o":{"a":0,"k":100,"ix":7},"sk":{"a":0,"k":0,"ix":4},"sa":{"a":0,"k":0,"ix":5},"nm":"변형"}],"nm":"그룹 8","np":2,"cix":2,"bm":0,"ix":8,"mn":"ADBE Vector Group","hd":false},{"ty":"gr","it":[{"ind":0,"ty":"sh","ix":1,"ks":{"a":0,"k":{"i":[[10.034,0.161],[1.869,7.503],[-7.783,3.392],[-4.545,-3.967],[1.334,-6.915]],"o":[[-7.756,-0.125],[-1.99,-7.991],[6.416,-2.796],[4.498,3.927],[-1.801,9.331]],"v":[[-0.532,17.141],[-17.083,4.024],[-6.083,-14.506],[10.341,-12.692],[17.74,3.221]],"c":true},"ix":2},"nm":"패스 1","mn":"ADBE Vector Shape - Group","hd":false},{"ty":"fl","c":{"a":0,"k":[0,0,0,1],"ix":4},"o":{"a":0,"k":100,"ix":5},"r":1,"bm":0,"nm":"칠 1","mn":"ADBE Vector Graphic - Fill","hd":false},{"ty":"tr","p":{"a":0,"k":[737.971,595.026],"ix":2},"a":{"a":0,"k":[0,0],"ix":1},"s":{"a":0,"k":[100,100],"ix":3},"r":{"a":0,"k":0,"ix":6},"o":{"a":0,"k":100,"ix":7},"sk":{"a":0,"k":0,"ix":4},"sa":{"a":0,"k":0,"ix":5},"nm":"변형"}],"nm":"그룹 9","np":2,"cix":2,"bm":0,"ix":9,"mn":"ADBE Vector Group","hd":false},{"ty":"gr","it":[{"ind":0,"ty":"sh","ix":1,"ks":{"a":0,"k":{"i":[[-0.987,-7.939],[-4.899,2.195],[-3.326,-2.011],[0.237,-3.938],[0.385,-0.4],[4.645,-3.965],[4.009,-1.841],[1.925,0.45],[0.963,0.369],[0.888,1.058],[3.644,5.272],[-0.441,1.681],[-1.688,2.611],[-1.232,-0.728]],"o":[[5.499,-3.273],[2.692,-1.205],[5.015,3.032],[-0.038,0.64],[-4.251,4.415],[-3.341,2.853],[-1.444,0.663],[-1.004,-0.235],[-1.45,-0.555],[-4.123,-4.915],[-0.79,-1.142],[0.812,-3.098],[0.833,-1.29],[4.635,2.74]],"v":[[-2.871,-7.574],[11.989,-16.214],[20.66,-14.61],[24.544,-4.382],[24.1,-2.51],[11.138,10.517],[-0.201,17.454],[-5.925,16.392],[-8.885,15.475],[-13.108,13.617],[-24.885,-1.604],[-24.62,-6.797],[-21.427,-15.816],[-15.785,-17.389]],"c":true},"ix":2},"nm":"패스 1","mn":"ADBE Vector Shape - Group","hd":false},{"ty":"fl","c":{"a":0,"k":[0,0,0,1],"ix":4},"o":{"a":0,"k":100,"ix":5},"r":1,"bm":0,"nm":"칠 1","mn":"ADBE Vector Graphic - Fill","hd":false},{"ty":"tr","p":{"a":0,"k":[657.406,812.816],"ix":2},"a":{"a":0,"k":[0,0],"ix":1},"s":{"a":0,"k":[100,100],"ix":3},"r":{"a":0,"k":0,"ix":6},"o":{"a":0,"k":100,"ix":7},"sk":{"a":0,"k":0,"ix":4},"sa":{"a":0,"k":0,"ix":5},"nm":"변형"}],"nm":"그룹 10","np":2,"cix":2,"bm":0,"ix":10,"mn":"ADBE Vector Group","hd":false},{"ty":"gr","it":[{"ind":0,"ty":"sh","ix":1,"ks":{"a":0,"k":{"i":[[-4.169,-3.592],[-3.154,2.61],[-0.329,-0.276],[-1.382,-5.653],[2.154,-2.845],[4.038,-3.544],[6.717,7.455],[1.5,8.922],[-3.082,2.756],[-2.884,-3.104]],"o":[[2.647,-2.291],[0.718,-0.594],[4.061,3.407],[0.759,3.108],[-3.199,4.225],[-6.854,6.014],[-5.484,-6.087],[-0.932,-5.54],[2.04,-1.825],[3.536,3.809]],"v":[[1.24,-7.359],[10.105,-14.979],[12.668,-16.089],[25.12,-6.656],[21.743,3.867],[10.158,15.029],[-12.175,13.604],[-24.946,-7.682],[-19.516,-19.234],[-10.752,-17.87]],"c":true},"ix":2},"nm":"패스 1","mn":"ADBE Vector Shape - Group","hd":false},{"ty":"fl","c":{"a":0,"k":[0,0,0,1],"ix":4},"o":{"a":0,"k":100,"ix":5},"r":1,"bm":0,"nm":"칠 1","mn":"ADBE Vector Graphic - Fill","hd":false},{"ty":"tr","p":{"a":0,"k":[590.416,910.7],"ix":2},"a":{"a":0,"k":[0,0],"ix":1},"s":{"a":0,"k":[100,100],"ix":3},"r":{"a":0,"k":0,"ix":6},"o":{"a":0,"k":100,"ix":7},"sk":{"a":0,"k":0,"ix":4},"sa":{"a":0,"k":0,"ix":5},"nm":"변형"}],"nm":"그룹 11","np":2,"cix":2,"bm":0,"ix":11,"mn":"ADBE Vector Group","hd":false},{"ty":"gr","it":[{"ind":0,"ty":"sh","ix":1,"ks":{"a":0,"k":{"i":[[-0.067,-0.07],[-3.508,2.441],[0.535,-3.674],[4.365,-3.521],[5.389,-2.718],[3.409,2.188],[4.261,10.537],[-0.84,0.949],[-2.007,2.23],[-3.449,-4.927],[-2.467,-3.5]],"o":[[3.644,-3.251],[3.316,-2.309],[-0.641,4.414],[-4.867,3.926],[-3.766,1.899],[-9.48,-6.082],[-0.392,-0.969],[1.988,-2.244],[3.969,-4.41],[2.456,3.509],[0.704,0.999]],"v":[[1.528,-3.73],[11.662,-12.617],[26.33,-6.036],[21.815,7.058],[7.665,19.254],[-6.214,19.062],[-26.473,-6.763],[-25.203,-10.573],[-18.714,-16.84],[-7.479,-16.208],[-0.222,-5.604]],"c":true},"ix":2},"nm":"패스 1","mn":"ADBE Vector Shape - Group","hd":false},{"ty":"fl","c":{"a":0,"k":[0,0,0,1],"ix":4},"o":{"a":0,"k":100,"ix":5},"r":1,"bm":0,"nm":"칠 1","mn":"ADBE Vector Graphic - Fill","hd":false},{"ty":"tr","p":{"a":0,"k":[558.632,864.28],"ix":2},"a":{"a":0,"k":[0,0],"ix":1},"s":{"a":0,"k":[100,100],"ix":3},"r":{"a":0,"k":0,"ix":6},"o":{"a":0,"k":100,"ix":7},"sk":{"a":0,"k":0,"ix":4},"sa":{"a":0,"k":0,"ix":5},"nm":"변형"}],"nm":"그룹 12","np":2,"cix":2,"bm":0,"ix":12,"mn":"ADBE Vector Group","hd":false},{"ty":"gr","it":[{"ind":0,"ty":"sh","ix":1,"ks":{"a":0,"k":{"i":[[-4.363,-3.43],[-1.901,1.513],[-6.045,-1.243],[2.24,-2.32],[6.111,-4.944],[6.405,8.499],[2.838,3.634],[-4.224,5.233],[-0.476,1.031],[-2.689,-3.463],[-0.277,0.029]],"o":[[1.738,-1.65],[4.257,-3.387],[3.191,0.657],[-5.495,5.691],[-8.245,6.669],[-2.774,-3.681],[-4.116,-5.271],[0.678,-0.84],[1.85,-4.005],[0.406,0.522],[7.594,-0.789]],"v":[[-0.502,-6.392],[4.797,-11.372],[19.408,-16.914],[24.775,-1.476],[8.027,15.31],[-14.207,11.85],[-22.899,1.087],[-22.598,-14.396],[-21.366,-17.567],[-13.339,-18.517],[-12.318,-16.88]],"c":true},"ix":2},"nm":"패스 1","mn":"ADBE Vector Shape - Group","hd":false},{"ty":"fl","c":{"a":0,"k":[0,0,0,1],"ix":4},"o":{"a":0,"k":100,"ix":5},"r":1,"bm":0,"nm":"칠 1","mn":"ADBE Vector Graphic - Fill","hd":false},{"ty":"tr","p":{"a":0,"k":[599.437,813.114],"ix":2},"a":{"a":0,"k":[0,0],"ix":1},"s":{"a":0,"k":[100,100],"ix":3},"r":{"a":0,"k":0,"ix":6},"o":{"a":0,"k":100,"ix":7},"sk":{"a":0,"k":0,"ix":4},"sa":{"a":0,"k":0,"ix":5},"nm":"변형"}],"nm":"그룹 13","np":2,"cix":2,"bm":0,"ix":13,"mn":"ADBE Vector Group","hd":false},{"ty":"gr","it":[{"ind":0,"ty":"sh","ix":1,"ks":{"a":0,"k":{"i":[[-2.135,-3.597],[-4.095,3.877],[-0.471,-0.305],[-2.465,-3.977],[3.328,-3.671],[2.474,-2.517],[3.994,-3.162],[4.408,3.426],[0.443,0.019],[4.674,4.962],[-0.062,4.987],[-1.606,0.648],[-2.465,0.587],[-1.65,-3.525]],"o":[[4.361,-4.275],[0.756,-0.716],[3.328,2.154],[2.284,3.685],[-2.381,2.627],[-3.567,3.629],[-4.281,3.39],[-0.382,-0.297],[-9.112,-0.391],[-4.008,-4.255],[0.017,-1.374],[2.295,-0.926],[3.251,-0.774],[1.643,3.509]],"v":[[-1.377,-5.592],[11.07,-17.73],[13.906,-19.095],[23.878,-12.445],[24.2,-2.3],[17.699,6.16],[6.249,16.3],[-7.511,15.964],[-8.807,15.293],[-23.52,1.072],[-26.033,-13.634],[-22.217,-17.575],[-14.744,-18.916],[-7.41,-15.92]],"c":true},"ix":2},"nm":"패스 1","mn":"ADBE Vector Shape - Group","hd":false},{"ty":"fl","c":{"a":0,"k":[0,0,0,1],"ix":4},"o":{"a":0,"k":100,"ix":5},"r":1,"bm":0,"nm":"칠 1","mn":"ADBE Vector Graphic - Fill","hd":false},{"ty":"tr","p":{"a":0,"k":[534.001,810.96],"ix":2},"a":{"a":0,"k":[0,0],"ix":1},"s":{"a":0,"k":[100,100],"ix":3},"r":{"a":0,"k":0,"ix":6},"o":{"a":0,"k":100,"ix":7},"sk":{"a":0,"k":0,"ix":4},"sa":{"a":0,"k":0,"ix":5},"nm":"변형"}],"nm":"그룹 14","np":2,"cix":2,"bm":0,"ix":14,"mn":"ADBE Vector Group","hd":false},{"ty":"gr","it":[{"ind":0,"ty":"sh","ix":1,"ks":{"a":0,"k":{"i":[[-2.559,-4.078],[-4.603,2.774],[-4.195,-6.072],[2.557,-2.11],[4.169,-3.031],[6.046,-3.735],[2.134,2.61],[1.817,1.623],[1.906,2.661],[2.147,4.433],[0.413,3.046],[-0.473,0.28],[-4.048,0.569],[-2.17,-2.529]],"o":[[5.15,-3.635],[6.427,-3.874],[1.762,2.552],[-3.997,3.297],[-5.736,4.17],[-2.678,1.654],[-1.481,-1.81],[-2.443,-2.183],[-2.883,-4.024],[-1.288,-2.659],[-0.073,-0.538],[3.78,-2.238],[2.464,-0.346],[2.867,3.341]],"v":[[-3.274,-4.599],[10.719,-14.384],[29.549,-10.151],[27.467,-1.391],[15.924,9.034],[-2.068,20.463],[-8.901,19.001],[-15.054,14.954],[-21.682,7.646],[-29.589,-4.926],[-31.239,-13.959],[-30.393,-15.672],[-18.883,-21.77],[-10.69,-16.112]],"c":true},"ix":2},"nm":"패스 1","mn":"ADBE Vector Shape - Group","hd":false},{"ty":"fl","c":{"a":0,"k":[0,0,0,1],"ix":4},"o":{"a":0,"k":100,"ix":5},"r":1,"bm":0,"nm":"칠 1","mn":"ADBE Vector Graphic - Fill","hd":false},{"ty":"tr","p":{"a":0,"k":[624.698,863.386],"ix":2},"a":{"a":0,"k":[0,0],"ix":1},"s":{"a":0,"k":[100,100],"ix":3},"r":{"a":0,"k":0,"ix":6},"o":{"a":0,"k":100,"ix":7},"sk":{"a":0,"k":0,"ix":4},"sa":{"a":0,"k":0,"ix":5},"nm":"변형"}],"nm":"그룹 15","np":2,"cix":2,"bm":0,"ix":15,"mn":"ADBE Vector Group","hd":false},{"ty":"gr","it":[{"ind":0,"ty":"sh","ix":1,"ks":{"a":0,"k":{"i":[[-5.589,-2.667],[-0.75,4.647],[-1.925,1.638],[-4.794,-3.174],[-1.3,-5.178],[0,-3.08],[-4.814,1.845],[-2.367,0.646],[-0.445,-3.315],[-0.359,-0.312],[3.9,-4.404],[3.539,-1.019],[4.784,-5.396],[-0.36,-4.683],[0.122,-3.033],[3.82,2.515],[0.439,1.028],[0.533,0.183],[-0.537,4.48],[6.197,3.852],[3.492,2.707],[2.849,2.517],[0.841,2.038],[-0.203,0.012],[-6.564,-1.959]],"o":[[0.22,-3.948],[0.426,-2.635],[3.812,-3.245],[5.977,3.956],[0.581,2.312],[5.119,-2.673],[2.201,-0.844],[3.647,-0.997],[0.054,0.405],[4.567,3.967],[-2.269,2.563],[-6.489,1.869],[-3.099,3.495],[0.235,3.058],[-0.185,4.573],[-0.82,-0.54],[-0.374,-0.874],[-7.541,-2.589],[0.907,-7.554],[-3.72,-2.313],[-3.019,-2.339],[-1.612,-1.423],[-0.453,-1.098],[5.755,-0.343],[5.833,1.74]],"v":[[-14.034,-17.002],[-13.153,-30.378],[-9.617,-37.787],[3.139,-38.135],[8.579,-22.956],[8.677,-14.985],[23.063,-22.291],[30.724,-22.104],[36.126,-18.582],[37.022,-17.472],[38.016,-5.833],[29.51,-1.228],[12.604,10.535],[7.641,22.007],[8.508,31.159],[-6.895,38.794],[-8.481,35.871],[-9.379,33.235],[-13.049,20.176],[-18.345,8.377],[-28.641,0.042],[-37.891,-6.715],[-41.463,-12.342],[-41.182,-16.142],[-30.801,-24.784]],"c":true},"ix":2},"nm":"패스 1","mn":"ADBE Vector Shape - Group","hd":false},{"ty":"fl","c":{"a":0,"k":[0,0,0,1],"ix":4},"o":{"a":0,"k":100,"ix":5},"r":1,"bm":0,"nm":"칠 1","mn":"ADBE Vector Graphic - Fill","hd":false},{"ty":"tr","p":{"a":0,"k":[664.43,641.832],"ix":2},"a":{"a":0,"k":[0,0],"ix":1},"s":{"a":0,"k":[100,100],"ix":3},"r":{"a":0,"k":0,"ix":6},"o":{"a":0,"k":100,"ix":7},"sk":{"a":0,"k":0,"ix":4},"sa":{"a":0,"k":0,"ix":5},"nm":"변형"}],"nm":"그룹 16","np":2,"cix":2,"bm":0,"ix":16,"mn":"ADBE Vector Group","hd":false},{"ty":"gr","it":[{"ind":0,"ty":"sh","ix":1,"ks":{"a":0,"k":{"i":[[0.964,-0.043],[0.284,0.374],[0.749,-1.996],[0.15,-3.257],[0.557,-1.71],[-7.115,-3.916],[-1.855,3.348],[-0.386,3.226],[9.038,4.644],[2.994,-2.375]],"o":[[-0.285,-0.374],[-1.764,1.615],[-1.114,2.967],[-0.09,1.953],[-1.925,5.907],[2.322,1.278],[1.671,-3.015],[0.638,-5.333],[-2.874,-1.477],[-0.612,0.486]],"v":[[-65.229,-261.204],[-66.083,-262.325],[-71.181,-257.407],[-72.422,-247.736],[-71.895,-241.874],[-66.169,-230.658],[-57.008,-234.957],[-52.573,-244.23],[-55.346,-260.342],[-62.389,-261.396]],"c":true},"ix":2},"nm":"패스 1","mn":"ADBE Vector Shape - Group","hd":false},{"ind":1,"ty":"sh","ix":2,"ks":{"a":0,"k":{"i":[[-0.302,-2.994],[-0.18,-0.378],[-5.045,-2.747],[-0.878,0.141],[-6.254,0.985],[0.319,3.027],[0.468,0.653],[1.698,1.991],[0.964,-0.079],[5.145,-0.74]],"o":[[-2.749,1.946],[2.039,4.293],[0.775,0.422],[6.25,-1.006],[3.102,-0.488],[-0.079,-0.748],[-1.528,-2.131],[-0.791,-0.928],[-5.175,0.422],[-3.293,0.474]],"v":[[-16.428,-277.754],[-22.865,-273.128],[-16.742,-260.252],[-13.996,-259.812],[4.73,-262.987],[13.865,-273.593],[12.759,-275.737],[8.037,-282.026],[4.999,-284.118],[-10.473,-282.217]],"c":true},"ix":2},"nm":"패스 2","mn":"ADBE Vector Shape - Group","hd":false},{"ind":2,"ty":"sh","ix":3,"ks":{"a":0,"k":{"i":[[1.187,-4.097],[0.158,-2.732],[-5.865,-2.454],[-1.679,0.12],[-0.707,-0.119],[-0.641,3.678],[0.456,2.543],[0.832,5.146],[3.584,0.461],[2.209,0.003],[0.93,-1.541]],"o":[[0.739,2.538],[-0.36,6.231],[1.484,0.621],[0.833,-0.06],[2.922,0.494],[0.472,-2.706],[-0.921,-5.141],[-0.426,-2.634],[-2.266,-0.292],[-2.309,-0.002],[-1.843,3.053]],"v":[[-125.841,-310.941],[-123.641,-302.836],[-116.296,-289.527],[-111.245,-289.178],[-108.841,-290.407],[-102.815,-293.571],[-101.581,-301.666],[-105.607,-316.859],[-109.038,-322.121],[-115.673,-324.095],[-122.361,-321.983]],"c":true},"ix":2},"nm":"패스 3","mn":"ADBE Vector Shape - Group","hd":false},{"ind":3,"ty":"sh","ix":4,"ks":{"a":0,"k":{"i":[[3.237,-2.065],[-1.178,-1.47],[-3.748,-4.303],[-3.36,4.005],[-1.452,1.638],[2.401,2.291],[5.774,4.369],[2.034,-0.332],[0.547,0.063]],"o":[[1.018,2.076],[3.564,4.452],[3.558,4.084],[1.418,-1.69],[3.014,-3.397],[-5.241,-5.002],[-1.237,-0.936],[-0.678,0.11],[-6.909,-0.805]],"v":[[-171.841,-297.554],[-169.072,-292.055],[-157.992,-279.009],[-142.843,-278.558],[-139.786,-284.628],[-140.556,-293.343],[-157.104,-307.452],[-163.161,-307.081],[-165.004,-305.687]],"c":true},"ix":2},"nm":"패스 4","mn":"ADBE Vector Shape - Group","hd":false},{"ind":4,"ty":"sh","ix":5,"ks":{"a":0,"k":{"i":[[-0.501,-3.725],[-0.496,-2.988],[-0.072,-3.119],[-3.289,-1.13],[-2.854,1.726],[1.658,5.788],[0.012,1.429],[4.237,1.498],[4.054,-8.791],[0.324,-0.022]],"o":[[0.646,2.963],[0.513,3.088],[0.117,5.023],[2.588,0.891],[5.535,-3.348],[-0.399,-1.393],[-0.038,-4.538],[-3.897,-1.378],[-0.081,0.177],[-3.704,0.25]],"v":[[-121.31,-257.444],[-119.406,-248.55],[-118.327,-239.218],[-110.866,-230.619],[-101.297,-233.517],[-96.97,-248.026],[-97.792,-252.301],[-102.239,-263.931],[-115.81,-263.47],[-116.742,-263.264]],"c":true},"ix":2},"nm":"패스 5","mn":"ADBE Vector Shape - Group","hd":false},{"ind":5,"ty":"sh","ix":6,"ks":{"a":0,"k":{"i":[[-2.845,0],[-0.016,-0.197],[-0.559,0.571],[-5.453,6.109],[2.629,2.198],[1.212,1.968],[3.745,-1.685],[5.031,-6.393],[-0.329,-0.605],[1.581,-2.159],[-3.29,-0.072]],"o":[[0.017,0.197],[0.945,-0.194],[5.728,-5.855],[2.276,-2.551],[-1.737,-1.453],[-1.429,-2.323],[-7.692,3.461],[-0.557,0.707],[1.615,2.973],[-2.052,2.802],[2.845,0.062]],"v":[[-42.647,-285.236],[-42.598,-284.644],[-39.815,-285.277],[-22.892,-303.095],[-24.233,-310.306],[-28.478,-315.798],[-34.478,-318.763],[-52.596,-303.001],[-53.361,-300.283],[-55.125,-293.435],[-51.184,-285.249]],"c":true},"ix":2},"nm":"패스 6","mn":"ADBE Vector Shape - Group","hd":false},{"ind":6,"ty":"sh","ix":7,"ks":{"a":0,"k":{"i":[[1.398,-5.361],[-1.096,-1.761],[-1.063,-1.525],[-3.211,3.828],[-1.032,3.896],[-2.527,4.354],[3.795,2.877],[2.639,-1.333],[-1.546,-6.431],[0.162,-0.612]],"o":[[0.859,2.219],[0.972,1.562],[2.907,4.173],[2.618,-3.122],[1.392,-5.256],[3.523,-6.071],[-2.618,-1.984],[-4.441,2.243],[0.121,0.505],[-1.361,5.142]],"v":[[-92.903,-295.86],[-90.443,-289.75],[-86.549,-285.671],[-76.169,-284.4],[-70.234,-295.265],[-67.799,-311.375],[-70.495,-324.141],[-81.025,-325.958],[-88.148,-313.279],[-88.809,-311.512]],"c":true},"ix":2},"nm":"패스 7","mn":"ADBE Vector Shape - Group","hd":false},{"ind":7,"ty":"sh","ix":8,"ks":{"a":0,"k":{"i":[[-7.237,-0.1],[-0.234,9.438],[7.415,-0.066],[-0.19,-7.881]],"o":[[9.43,0.129],[0.177,-7.131],[-8.013,0.07],[0.173,7.147]],"v":[[-170.13,-182.511],[-152.818,-199.186],[-170.879,-216.815],[-187.713,-199.705]],"c":true},"ix":2},"nm":"패스 8","mn":"ADBE Vector Shape - Group","hd":false},{"ind":8,"ty":"sh","ix":9,"ks":{"a":0,"k":{"i":[[-7.756,-0.125],[-1.801,9.331],[4.498,3.927],[6.416,-2.796],[-1.99,-7.991]],"o":[[10.035,0.161],[1.334,-6.915],[-4.544,-3.967],[-7.782,3.392],[1.869,7.503]],"v":[[-18.742,-187.084],[-0.47,-201.004],[-7.867,-216.917],[-24.292,-218.731],[-35.293,-200.201]],"c":true},"ix":2},"nm":"패스 9","mn":"ADBE Vector Shape - Group","hd":false},{"ind":9,"ty":"sh","ix":10,"ks":{"a":0,"k":{"i":[[5.5,-3.273],[4.635,2.74],[0.833,-1.289],[0.813,-3.098],[-0.79,-1.142],[-4.122,-4.915],[-1.45,-0.555],[-1.004,-0.234],[-1.444,0.663],[-3.341,2.852],[-4.252,4.415],[-0.038,0.641],[5.015,3.032],[2.692,-1.206]],"o":[[-0.987,-7.939],[-1.232,-0.729],[-1.687,2.612],[-0.441,1.681],[3.645,5.272],[0.888,1.058],[0.963,0.369],[1.925,0.45],[4.009,-1.841],[4.645,-3.966],[0.385,-0.4],[0.238,-3.938],[-3.326,-2.011],[-4.899,2.194]],"v":[[-101.645,5.99],[-114.559,-3.824],[-120.201,-2.252],[-123.393,6.767],[-123.659,11.96],[-111.882,27.181],[-107.659,29.039],[-104.699,29.956],[-98.975,31.018],[-87.635,24.082],[-74.673,11.054],[-74.229,9.182],[-78.114,-1.046],[-86.785,-2.649]],"c":true},"ix":2},"nm":"패스 10","mn":"ADBE Vector Shape - Group","hd":false},{"ind":10,"ty":"sh","ix":11,"ks":{"a":0,"k":{"i":[[2.647,-2.291],[3.536,3.808],[2.04,-1.825],[-0.932,-5.54],[-5.484,-6.087],[-6.854,6.014],[-3.199,4.225],[0.759,3.108],[4.061,3.407],[0.718,-0.594]],"o":[[-4.17,-3.592],[-2.884,-3.104],[-3.082,2.756],[1.5,8.922],[6.717,7.455],[4.038,-3.544],[2.154,-2.845],[-1.382,-5.653],[-0.329,-0.276],[-3.154,2.61]],"v":[[-164.523,104.09],[-176.516,93.578],[-185.28,92.214],[-190.71,103.766],[-177.939,125.053],[-155.606,126.477],[-144.021,115.315],[-140.643,104.793],[-153.096,95.359],[-155.659,96.47]],"c":true},"ix":2},"nm":"패스 11","mn":"ADBE Vector Shape - Group","hd":false},{"ind":11,"ty":"sh","ix":12,"ks":{"a":0,"k":{"i":[[3.644,-3.252],[0.703,0.998],[2.457,3.509],[3.969,-4.411],[1.987,-2.244],[-0.391,-0.969],[-9.479,-6.083],[-3.766,1.9],[-4.867,3.927],[-0.642,4.414],[3.316,-2.308]],"o":[[-0.067,-0.071],[-2.467,-3.501],[-3.448,-4.927],[-2.007,2.229],[-0.84,0.948],[4.261,10.537],[3.41,2.187],[5.389,-2.718],[4.365,-3.52],[0.534,-3.673],[-3.507,2.442]],"v":[[-196.02,61.299],[-197.768,59.425],[-205.026,48.821],[-216.262,48.189],[-222.75,54.456],[-224.021,58.266],[-203.762,84.091],[-189.883,84.282],[-175.733,72.086],[-171.216,58.992],[-185.885,52.411]],"c":true},"ix":2},"nm":"패스 12","mn":"ADBE Vector Shape - Group","hd":false},{"ind":12,"ty":"sh","ix":13,"ks":{"a":0,"k":{"i":[[1.739,-1.65],[7.593,-0.789],[0.405,0.522],[1.85,-4.005],[0.677,-0.839],[-4.117,-5.271],[-2.773,-3.681],[-8.244,6.669],[-5.494,5.69],[3.191,0.657],[4.256,-3.386]],"o":[[-4.363,-3.43],[-0.278,0.028],[-2.69,-3.463],[-0.477,1.031],[-4.224,5.234],[2.838,3.634],[6.405,8.499],[6.111,-4.944],[2.241,-2.32],[-6.045,-1.243],[-1.902,1.514]],"v":[[-157.245,7.471],[-169.06,-3.018],[-170.081,-4.654],[-178.108,-3.704],[-179.34,-0.534],[-179.641,14.95],[-170.95,25.713],[-148.716,29.173],[-131.968,12.387],[-137.333,-3.052],[-151.945,2.49]],"c":true},"ix":2},"nm":"패스 13","mn":"ADBE Vector Shape - Group","hd":false},{"ind":13,"ty":"sh","ix":14,"ks":{"a":0,"k":{"i":[[4.361,-4.275],[1.643,3.509],[3.251,-0.774],[2.295,-0.926],[0.017,-1.375],[-4.008,-4.255],[-9.112,-0.391],[-0.382,-0.296],[-4.281,3.39],[-3.567,3.628],[-2.381,2.627],[2.284,3.685],[3.328,2.154],[0.756,-0.716]],"o":[[-2.135,-3.597],[-1.65,-3.524],[-2.465,0.587],[-1.606,0.649],[-0.062,4.987],[4.674,4.963],[0.443,0.019],[4.408,3.426],[3.994,-3.162],[2.474,-2.518],[3.328,-3.671],[-2.465,-3.977],[-0.471,-0.305],[-4.095,3.877]],"v":[[-223.556,6.116],[-229.589,-4.212],[-236.922,-7.208],[-244.396,-5.867],[-248.211,-1.925],[-245.698,12.78],[-230.986,27.001],[-229.69,27.672],[-215.93,28.008],[-204.479,17.869],[-197.979,9.408],[-198.301,-0.737],[-208.273,-7.387],[-211.109,-6.022]],"c":true},"ix":2},"nm":"패스 14","mn":"ADBE Vector Shape - Group","hd":false},{"ind":14,"ty":"sh","ix":15,"ks":{"a":0,"k":{"i":[[5.15,-3.635],[2.868,3.341],[2.464,-0.346],[3.78,-2.238],[-0.072,-0.538],[-1.289,-2.659],[-2.883,-4.025],[-2.443,-2.183],[-1.48,-1.81],[-2.677,1.654],[-5.736,4.17],[-3.997,3.298],[1.762,2.552],[6.427,-3.874]],"o":[[-2.559,-4.078],[-2.17,-2.529],[-4.048,0.569],[-0.473,0.28],[0.414,3.046],[2.146,4.433],[1.906,2.66],[1.817,1.623],[2.135,2.61],[6.047,-3.736],[4.169,-3.031],[2.558,-2.11],[-4.195,-6.071],[-4.603,2.774]],"v":[[-134.757,59.535],[-142.172,48.022],[-150.366,42.364],[-161.875,48.462],[-162.721,50.175],[-161.07,59.208],[-153.164,71.781],[-146.536,79.088],[-140.383,83.135],[-133.549,84.598],[-115.557,73.168],[-104.015,62.743],[-101.932,53.983],[-120.764,49.75]],"c":true},"ix":2},"nm":"패스 15","mn":"ADBE Vector Shape - Group","hd":false},{"ind":15,"ty":"sh","ix":16,"ks":{"a":0,"k":{"i":[[0.22,-3.948],[5.832,1.74],[5.755,-0.343],[-0.454,-1.098],[-1.612,-1.423],[-3.019,-2.339],[-3.72,-2.313],[0.907,-7.554],[-7.541,-2.589],[-0.374,-0.874],[-0.819,-0.54],[-0.185,4.573],[0.236,3.058],[-3.099,3.495],[-6.488,1.869],[-2.269,2.562],[4.566,3.967],[0.054,0.405],[3.648,-0.997],[2.2,-0.844],[5.118,-2.673],[0.58,2.312],[5.976,3.956],[3.813,-3.245],[0.425,-2.635]],"o":[[-5.589,-2.667],[-6.564,-1.959],[-0.203,0.012],[0.841,2.038],[2.85,2.517],[3.492,2.707],[6.197,3.852],[-0.538,4.48],[0.533,0.183],[0.44,1.028],[3.82,2.515],[0.123,-3.033],[-0.359,-4.683],[4.785,-5.396],[3.539,-1.019],[3.9,-4.405],[-0.36,-0.312],[-0.444,-3.315],[-2.366,0.646],[-4.815,1.845],[0,-3.08],[-1.301,-5.178],[-4.794,-3.174],[-1.925,1.638],[-0.751,4.647]],"v":[[-105.785,-174.421],[-122.549,-182.203],[-132.932,-173.561],[-133.212,-169.761],[-129.641,-164.134],[-120.39,-157.377],[-110.094,-149.042],[-104.798,-137.243],[-101.129,-124.184],[-100.231,-121.548],[-98.645,-118.625],[-83.242,-126.26],[-84.109,-135.412],[-79.147,-146.884],[-62.24,-158.647],[-53.734,-163.251],[-54.727,-174.891],[-55.624,-176.001],[-61.026,-179.523],[-68.686,-179.71],[-83.072,-172.404],[-83.169,-180.375],[-88.609,-195.554],[-101.367,-195.206],[-104.902,-187.797]],"c":true},"ix":2},"nm":"패스 16","mn":"ADBE Vector Shape - Group","hd":false},{"ind":16,"ty":"sh","ix":17,"ks":{"a":0,"k":{"i":[[-10.238,11.961],[-5.335,-5.572],[-6.649,-7.329],[-2.749,-2.946],[-9.125,-12.858],[-4.833,-10.535],[-5.604,-14.477],[-3.591,-19.303],[-1.136,-8.037],[-5.823,-1.623],[-2.016,1.877],[-10.059,3.49],[-0.023,0.011],[-4.154,-2.941],[-3.749,-7.297],[1.064,-8.869],[1.056,-4.092],[-0.031,-0.797],[-0.2,-5.508],[4.382,-2.213],[4.321,-3.967],[7.453,-4.763],[9.871,-7.583],[3.963,-2.77],[4.478,-1.883],[11.517,-4.334],[7.6,-2.161],[8.53,-1.854],[6.872,-1.129],[3.331,-0.504],[4.097,-0.513],[12.37,-0.901],[11.515,0.159],[16.901,0.667],[5.774,0.509],[0.746,-0.224],[1.957,0.322],[14.703,2.563],[10.697,3.788],[11.56,4.99],[9.067,5.121],[10.719,9.073],[6.317,7.9],[6.695,9.862],[2.927,5.779],[1.923,5.095],[1.653,6.541],[1.408,9.742],[0.635,13.478],[-0.709,10.951],[-1.75,10.229],[-2.528,10.101],[-1.659,6.168],[-7.881,12.573],[-6.085,-3.689],[-9.7,-0.867],[-4.407,3.964],[3.986,1.883],[1.446,0.996],[1.764,0.275],[7.558,13.74],[3.54,11.338],[-1.695,16.784],[-1.138,7.664],[-1.824,5.732],[-3.13,7.358],[-3.228,6.172],[-2.756,3.525],[-5.748,6.203],[-5.666,5.63],[-7.667,5.293],[-8.698,4.68],[-10.105,4.511],[-5.026,1.312],[-10.265,1.308],[-13.899,-0.106],[-10.65,-1.803],[-9.862,-1.51],[-8.368,-2.475],[-5.067,-3.093],[-8.271,-10.104],[-4.041,-9.64],[-2.589,-7.085],[-2.288,-8.073],[-1.252,-14.061],[0.629,-8.37],[2.188,-10.738],[5.441,-8.053],[5.052,-8.451],[4.654,-6.075],[-0.615,-6.682],[-2.156,1.858],[-2.567,2.938]],"o":[[5.547,5.802],[6.846,7.15],[2.714,2.99],[10.844,11.623],[6.682,9.416],[6.469,14.099],[7.096,18.327],[1.497,8.046],[0.798,5.643],[2.782,0.774],[8.253,-7.681],[0.77,-0.267],[4.35,3.251],[7.029,4.979],[4.019,7.821],[-0.498,4.154],[-0.199,0.773],[0.213,5.507],[0.133,3.672],[-5.082,2.567],[-6.511,5.978],[-10.516,6.719],[-3.996,3.07],[-3.943,2.757],[-11.346,4.773],[-7.384,2.779],[-8.403,2.388],[-6.792,1.477],[-3.325,0.547],[-4.079,0.617],[-12.324,1.542],[-11.468,0.836],[-16.913,-0.233],[-5.775,-0.228],[-1.449,-0.128],[-2.388,-0.721],[-14.728,-2.422],[-11.142,-1.942],[-11.883,-4.208],[-9.541,-4.118],[-12.262,-6.925],[-7.775,-6.581],[-7.452,-9.319],[-3.597,-5.297],[-2.485,-4.905],[-2.371,-6.28],[-2.422,-9.588],[-1.928,-13.344],[-0.516,-10.958],[0.671,-10.349],[1.755,-10.256],[1.549,-6.189],[3.879,-14.43],[4.017,-6.409],[8.415,5.101],[5.13,0.459],[2.782,-2.502],[-1.536,-0.726],[-1.555,-1.073],[-15.977,-2.484],[-5.679,-10.324],[-5.052,-16.185],[0.779,-7.705],[0.892,-6.01],[2.415,-7.591],[2.733,-6.424],[2.049,-3.917],[5.224,-6.681],[5.415,-5.843],[6.701,-6.659],[8.123,-5.607],[9.743,-5.242],[4.707,-2.102],[10.083,-2.632],[13.781,-1.756],[10.766,0.081],[9.849,1.669],[9.157,1.403],[6.09,1.8],[11.458,6.994],[6.47,7.902],[2.929,6.989],[2.865,7.843],[3.887,13.712],[0.754,8.465],[-0.816,10.879],[-1.974,9.689],[-5.54,8.199],[-4.04,6.758],[-5.127,6.69],[0.243,2.649],[2.965,-2.557],[9.283,-10.623]],"v":[[104.539,-77.212],[120.747,-60.259],[141.228,-38.756],[148.315,-28.832],[176.691,9.11],[193.553,39.579],[211.227,82.666],[226.236,139.37],[229.376,163.541],[238.998,176.012],[248.279,174.169],[277.075,160.647],[278.578,159.932],[291.099,169.257],[307.37,188.253],[310.44,214.255],[307.289,226.521],[307.022,228.92],[307.729,245.44],[303.25,254.052],[289.798,265.288],[268.868,281.357],[237.751,302.142],[225.111,308.845],[212.091,315.396],[177.873,329.275],[155.253,336.364],[129.889,342.96],[109.254,346.209],[99.339,348.223],[87.034,349.638],[50.058,354.18],[15.513,354.664],[-35.214,353.298],[-52.491,351.305],[-56.229,352.343],[-62.452,350.5],[-106.654,343.342],[-139.648,335.523],[-175.055,322.244],[-202.807,307.893],[-236.63,282.954],[-257.284,260.742],[-278.819,232.145],[-287.311,214.686],[-295.118,200.167],[-300.474,180.665],[-307.376,151.828],[-310.988,111.493],[-310.595,78.543],[-306.797,47.623],[-300.133,17.099],[-294.31,-1.175],[-276.206,-41.492],[-265.297,-44.108],[-238.016,-34.816],[-222.864,-38.809],[-226.25,-50.704],[-230.299,-54.087],[-235.281,-56.782],[-271.172,-81.499],[-284,-114.756],[-287.785,-164.488],[-284.669,-187.523],[-281.52,-205.455],[-272.444,-227.645],[-263.96,-246.786],[-256.06,-257.618],[-240.135,-277.448],[-222.57,-293.756],[-200.283,-310.731],[-174.906,-326.072],[-145.049,-340.615],[-130.145,-345.153],[-99.794,-352.531],[-58.111,-354.909],[-25.859,-351.48],[3.397,-344.779],[27.118,-333.928],[41.618,-323.667],[69.435,-295.972],[85.495,-269.633],[95.589,-249.224],[101.995,-224.891],[107.87,-182.996],[109.707,-157.607],[104.214,-125.208],[91.935,-98.884],[74.129,-75.107],[58.715,-58.601],[55.757,-38.926],[67.376,-35.773],[75.909,-43.852]],"c":true},"ix":2},"nm":"패스 17","mn":"ADBE Vector Shape - Group","hd":false},{"ty":"mm","mm":1,"nm":"패스 병합 1","mn":"ADBE Vector Filter - Merge","hd":false},{"ty":"fl","c":{"a":0,"k":[1,1,1,1],"ix":4},"o":{"a":0,"k":100,"ix":5},"r":1,"bm":0,"nm":"칠 1","mn":"ADBE Vector Graphic - Fill","hd":false},{"ty":"tr","p":{"a":0,"k":[756.179,799.252],"ix":2},"a":{"a":0,"k":[0,0],"ix":1},"s":{"a":0,"k":[100,100],"ix":3},"r":{"a":0,"k":0,"ix":6},"o":{"a":0,"k":100,"ix":7},"sk":{"a":0,"k":0,"ix":4},"sa":{"a":0,"k":0,"ix":5},"nm":"변형"}],"nm":"그룹 17","np":19,"cix":2,"bm":0,"ix":17,"mn":"ADBE Vector Group","hd":false},{"ty":"gr","it":[{"ind":0,"ty":"sh","ix":1,"ks":{"a":0,"k":{"i":[[5.547,5.802],[9.283,-10.624],[2.966,-2.557],[0.244,2.649],[-5.126,6.691],[-4.04,6.758],[-5.54,8.2],[-1.974,9.689],[-0.817,10.879],[0.754,8.464],[3.886,13.712],[2.866,7.843],[2.929,6.989],[6.469,7.902],[11.459,6.994],[6.089,1.8],[9.156,1.403],[9.848,1.668],[10.767,0.081],[13.782,-1.756],[10.082,-2.632],[4.706,-2.101],[9.743,-5.242],[8.122,-5.607],[6.702,-6.659],[5.414,-5.843],[5.223,-6.681],[2.05,-3.918],[2.733,-6.425],[2.416,-7.591],[0.892,-6.01],[0.778,-7.705],[-5.053,-16.185],[-5.679,-10.324],[-15.977,-2.484],[-1.556,-1.073],[-1.537,-0.726],[2.781,-2.501],[5.129,0.459],[8.415,5.102],[4.017,-6.409],[3.88,-14.43],[1.549,-6.19],[1.755,-10.256],[0.67,-10.349],[-0.516,-10.958],[-1.929,-13.344],[-2.423,-9.588],[-2.37,-6.28],[-2.485,-4.906],[-3.597,-5.297],[-7.452,-9.319],[-7.776,-6.581],[-12.262,-6.926],[-9.541,-4.117],[-11.883,-4.208],[-11.143,-1.942],[-14.728,-2.422],[-2.387,-0.721],[-1.449,-0.128],[-5.775,-0.228],[-16.913,-0.233],[-11.467,0.836],[-12.325,1.542],[-4.08,0.617],[-3.326,0.547],[-6.792,1.476],[-8.402,2.388],[-7.385,2.779],[-11.346,4.772],[-3.944,2.757],[-3.996,3.07],[-10.516,6.72],[-6.512,5.978],[-5.083,2.567],[0.133,3.672],[0.214,5.507],[-0.199,0.773],[-0.498,4.154],[4.019,7.821],[7.03,4.978],[4.351,3.251],[0.769,-0.267],[8.253,-7.681],[2.781,0.775],[0.797,5.643],[1.497,8.046],[7.095,18.327],[6.469,14.098],[6.682,9.416],[10.844,11.622],[2.713,2.99],[6.846,7.151]],"o":[[-10.237,11.961],[-2.567,2.938],[-2.156,1.859],[-0.615,-6.682],[4.654,-6.075],[5.052,-8.45],[5.442,-8.053],[2.188,-10.738],[0.628,-8.37],[-1.252,-14.062],[-2.289,-8.073],[-2.589,-7.085],[-4.04,-9.64],[-8.272,-10.103],[-5.067,-3.093],[-8.368,-2.474],[-9.862,-1.51],[-10.651,-1.804],[-13.899,-0.106],[-10.265,1.308],[-5.027,1.312],[-10.106,4.511],[-8.698,4.681],[-7.668,5.293],[-5.665,5.63],[-5.748,6.203],[-2.756,3.525],[-3.228,6.171],[-3.13,7.357],[-1.824,5.732],[-1.138,7.664],[-1.695,16.785],[3.539,11.339],[7.559,13.739],[1.764,0.275],[1.445,0.997],[3.985,1.883],[-4.408,3.964],[-9.7,-0.867],[-6.085,-3.688],[-7.881,12.573],[-1.658,6.168],[-2.528,10.1],[-1.75,10.229],[-0.71,10.951],[0.634,13.478],[1.408,9.742],[1.652,6.541],[1.923,5.095],[2.928,5.779],[6.696,9.862],[6.316,7.9],[10.718,9.073],[9.067,5.12],[11.56,4.99],[10.698,3.788],[14.703,2.563],[1.956,0.322],[0.746,-0.224],[5.774,0.509],[16.901,0.667],[11.515,0.16],[12.37,-0.902],[4.097,-0.513],[3.33,-0.503],[6.872,-1.129],[8.531,-1.854],[7.6,-2.161],[11.516,-4.334],[4.478,-1.884],[3.962,-2.769],[9.872,-7.583],[7.453,-4.763],[4.321,-3.967],[4.382,-2.214],[-0.2,-5.508],[-0.031,-0.797],[1.056,-4.092],[1.063,-8.87],[-3.75,-7.297],[-4.153,-2.942],[-0.022,0.011],[-10.06,3.49],[-2.016,1.877],[-5.824,-1.623],[-1.136,-8.037],[-3.591,-19.303],[-5.605,-14.476],[-4.834,-10.536],[-9.124,-12.859],[-2.75,-2.947],[-6.65,-7.329],[-5.334,-5.572]],"v":[[81.701,-76.927],[53.073,-43.565],[44.539,-35.487],[32.919,-38.641],[35.878,-58.315],[51.291,-74.821],[69.098,-98.599],[81.376,-124.922],[86.871,-157.321],[85.033,-182.709],[79.159,-224.605],[72.751,-248.938],[62.657,-269.347],[46.598,-295.686],[18.781,-323.381],[4.282,-333.642],[-19.439,-344.493],[-48.695,-351.193],[-80.948,-354.623],[-122.632,-352.245],[-152.982,-344.867],[-167.885,-340.329],[-197.742,-325.786],[-223.119,-310.445],[-245.407,-293.471],[-262.972,-277.162],[-278.896,-257.333],[-286.797,-246.5],[-295.282,-227.359],[-304.357,-205.169],[-307.507,-187.237],[-310.622,-164.203],[-306.836,-114.47],[-294.01,-81.212],[-258.118,-56.496],[-253.136,-53.802],[-249.087,-50.418],[-245.7,-38.523],[-260.852,-34.53],[-288.134,-43.823],[-299.043,-41.206],[-317.147,-0.889],[-322.969,17.385],[-329.634,47.909],[-333.432,78.828],[-333.825,111.779],[-330.213,152.114],[-323.311,180.951],[-317.956,200.453],[-310.149,214.972],[-301.656,232.431],[-280.121,261.027],[-259.467,283.24],[-225.645,308.179],[-197.892,322.531],[-162.485,335.808],[-129.49,343.627],[-85.288,350.786],[-79.066,352.629],[-75.328,351.591],[-58.051,353.583],[-7.324,354.949],[27.221,354.466],[64.198,349.923],[76.503,348.51],[86.418,346.495],[107.052,343.246],[132.416,336.65],[155.037,329.562],[189.255,315.682],[202.274,309.13],[214.914,302.427],[246.032,281.642],[266.962,265.573],[280.414,254.339],[284.892,245.725],[284.185,229.206],[284.452,226.807],[287.604,214.542],[284.534,188.539],[268.262,169.544],[255.741,160.218],[254.239,160.932],[225.442,174.455],[216.162,176.297],[206.539,163.827],[203.398,139.656],[188.391,82.952],[170.717,39.866],[153.854,9.396],[125.479,-28.545],[118.392,-38.47],[97.91,-59.974]],"c":true},"ix":2},"nm":"패스 1","mn":"ADBE Vector Shape - Group","hd":false},{"ind":1,"ty":"sh","ix":2,"ks":{"a":0,"k":{"i":[[0.391,-3.475],[0.605,-2.827],[2.746,-9.432],[1.849,-4.179],[-3.6,-3.789],[-3.775,-4.145],[-5.162,-5.954],[-3.511,-4.303],[-7.05,-9.41],[-3.747,-5.905],[-1.836,-3.679],[-0.094,-1.751],[-2.942,-5.514],[-2.063,-5.934],[-2.986,-9.423],[-0.691,-2.518],[-3.278,-12.953],[-1.425,-6.467],[-2.856,0.37],[-0.124,0.19],[-4.669,0.99],[-10.377,1.152],[-5.284,-1.575],[-4.994,-4.034],[-4.462,-1.888],[0.305,-19.818],[0.739,-3.686],[0.918,-2.324],[3.292,-6.563],[3.394,-4.128],[7.119,-7.952],[3.02,-2.644],[10.222,-7.801],[15.555,-10.368],[8.421,-4.059],[9.125,-3.533],[13.018,-3.803],[11.628,-2.543],[2.398,-0.432],[9.054,-1.436],[9.149,-1.004],[5.689,-0.137],[9.631,-0.094],[9.751,0.37],[11.297,0.875],[8.239,0.885],[8.441,1.498],[5.762,1.271],[3.488,0.887],[6.284,1.703],[4.55,1.603],[11.061,5.6],[5.011,3.429],[5.065,3.857],[8.773,7.21],[3.728,4.02],[5.458,6.602],[2.321,3.126],[2.713,4.655],[4.612,16.932],[2.92,10.71],[-0.273,7.036],[0.03,5.349],[-0.01,5.596],[-0.544,15.907],[-1.157,6.888],[-1.477,6.935],[-1.241,4.518],[-0.592,1.567],[-7.446,17.496],[-3.692,5.547],[0.802,1.27],[2.642,12.252],[1.078,8.377],[0.005,9.838],[-1.063,7.226],[-1.64,7.571],[-1.345,3.636],[-5.314,10.765],[-6.707,9.419],[-6.332,6.724],[-5.145,4.306],[-5.905,4.292],[-6.342,4.78],[-0.568,0.307],[-7.757,3.484],[-10.402,4.619],[-14.533,2.502],[-9.531,0.56],[-5.202,-0.032],[-19.033,-5.302],[-7.092,-1.851],[-10.522,-7.854],[-6.941,-7.426],[-3.12,-7.034],[-3.174,-9.144],[-2.419,-6.263],[-0.76,-5.969],[-0.697,-4.665],[-1.289,-14.111],[0.163,-9.923]],"o":[[0.091,2.072],[-2.059,9.609],[-1.415,4.857],[3.532,4.249],[3.867,4.071],[5.303,5.821],[3.643,4.202],[7.434,9.11],[4.186,5.587],[2.205,3.474],[0.592,1.188],[6.272,2.873],[2.962,5.548],[3.244,9.331],[0.793,2.5],[3.533,12.885],[1.843,7.282],[3.126,-0.399],[0.321,-0.041],[2.971,-4.56],[10.303,-2.185],[5.636,-0.626],[4.822,1.436],[3.361,2.714],[16.718,7.073],[-0.056,3.675],[-0.504,2.517],[-2.7,6.833],[-2.407,4.799],[-6.773,8.239],[-2.693,3.008],[-9.688,8.481],[-14.864,11.343],[-7.718,5.145],[-8.834,4.258],[-12.652,4.899],[-11.405,3.331],[-2.37,0.519],[-9.026,1.625],[-9.086,1.441],[-5.658,0.62],[-9.627,0.231],[-9.769,0.095],[-11.314,-0.429],[-8.265,-0.64],[-8.529,-0.915],[-5.795,-1.028],[-3.527,-0.778],[-6.305,-1.605],[-4.685,-1.271],[-11.757,-4.142],[-5.311,-2.688],[-5.277,-3.61],[-9.028,-6.874],[-4.276,-3.514],[-5.814,-6.268],[-2.488,-3.008],[-3.215,-4.331],[-8.697,-14.927],[-2.918,-10.711],[-1.896,-6.953],[0.221,-5.671],[-0.032,-5.596],[0.031,-15.923],[0.237,-6.92],[1.176,-6.999],[0.973,-4.566],[0.453,-1.651],[6.719,-17.801],[2.542,-5.972],[0.896,-1.347],[-6.611,-10.473],[-1.794,-8.32],[-1.25,-9.709],[-0.003,-7.338],[1.122,-7.633],[0.839,-3.877],[4.173,-11.283],[5.121,-10.374],[5.315,-7.464],[4.622,-4.908],[5.578,-4.668],[6.423,-4.669],[0.527,-0.397],[7.499,-4.054],[10.381,-4.663],[13.677,-6.073],[9.348,-1.609],[5.207,-0.305],[19.81,0.119],[7.075,1.971],[13.272,3.463],[8.093,6.041],[5.409,5.786],[3.949,8.903],[2.201,6.344],[2.246,5.817],[0.633,4.968],[2.098,14.032],[0.899,9.836],[-0.044,2.638]],"v":[[106.5,-146.53],[106.742,-138.513],[99.673,-109.886],[93.809,-96.339],[104.091,-84.086],[116.287,-72.441],[131.528,-54.37],[142.822,-42.082],[164.638,-14.358],[176.21,3.138],[182.325,13.867],[182.656,18.468],[192.79,33.826],[200.477,51.092],[209.282,79.406],[212.33,86.695],[222.609,125.437],[227.308,146.575],[236.147,145.443],[237.078,145.241],[249.518,139.714],[280.241,132.474],[297.427,131.5],[312.066,133.594],[326.512,136.417],[354.989,176.401],[352.581,187.398],[351.398,194.997],[342.551,215.193],[334.013,228.9],[312.809,252.887],[304.56,261.746],[275.105,286.729],[229.546,319.474],[204.544,332.129],[177.853,344.487],[139.343,357.723],[104.559,365.761],[97.251,366.417],[70.206,371.466],[42.818,374.97],[25.772,376.141],[-3.12,376.38],[-32.424,376.646],[-66.321,374.135],[-91.109,372.15],[-116.609,368.667],[-133.775,364.327],[-144.541,362.848],[-163.278,357.319],[-177.474,354.052],[-212.307,340.542],[-228.431,332.589],[-244.741,322.473],[-271.113,300.916],[-283.872,290.318],[-300.239,270.516],[-307.873,261.635],[-316.951,248.225],[-339.198,201.569],[-348.933,169.706],[-352.728,148.45],[-354.93,132.59],[-355.069,115.802],[-354.75,68.038],[-351.443,47.367],[-347.825,26.388],[-343.804,12.921],[-343.246,7.755],[-322.645,-45.469],[-311.091,-61.74],[-310.718,-67.155],[-325.477,-100.73],[-331.768,-125.475],[-332.689,-154.958],[-331.677,-176.949],[-326.35,-199.563],[-324.696,-211.362],[-311.034,-244.768],[-293.265,-274.66],[-274.651,-295.147],[-260.443,-309.526],[-242.596,-322.206],[-223.539,-336.505],[-222.032,-337.792],[-199.455,-349.786],[-167.811,-362.657],[-125.094,-374.19],[-96.529,-375.991],[-80.916,-376.984],[-22.61,-368.545],[-2.013,-360.386],[32.353,-341.01],[54.403,-319.94],[68.938,-301.18],[83.972,-277.057],[90.837,-258.117],[97.588,-240.771],[101.6,-227.175],[107.501,-185.03],[107.446,-155.274]],"c":true},"ix":2},"nm":"패스 2","mn":"ADBE Vector Shape - Group","hd":false},{"ty":"mm","mm":1,"nm":"패스 병합 1","mn":"ADBE Vector Filter - Merge","hd":false},{"ty":"fl","c":{"a":0,"k":[0,0,0,1],"ix":4},"o":{"a":0,"k":100,"ix":5},"r":1,"bm":0,"nm":"칠 1","mn":"ADBE Vector Graphic - Fill","hd":false},{"ty":"tr","p":{"a":0,"k":[779.016,798.966],"ix":2},"a":{"a":0,"k":[0,0],"ix":1},"s":{"a":0,"k":[100,100],"ix":3},"r":{"a":0,"k":0,"ix":6},"o":{"a":0,"k":100,"ix":7},"sk":{"a":0,"k":0,"ix":4},"sa":{"a":0,"k":0,"ix":5},"nm":"변형"}],"nm":"그룹 18","np":4,"cix":2,"bm":0,"ix":18,"mn":"ADBE Vector Group","hd":false}],"ip":0,"op":90.0000036657751,"st":0,"bm":0}],"markers":[]}