{"v":"4.8.0","meta":{"g":"LottieFiles AE 3.5.3","a":"","k":"","d":"","tc":""},"fr":29.9700012207031,"ip":0,"op":90.0000036657751,"w":1500,"h":1500,"nm":"말_Base","ddd":0,"assets":[],"layers":[{"ddd":0,"ind":1,"ty":4,"nm":"몸 윤곽선","sr":1,"ks":{"o":{"a":0,"k":100,"ix":11},"r":{"a":0,"k":0,"ix":10},"p":{"a":0,"k":[750,750,0],"ix":2},"a":{"a":0,"k":[750,750,0],"ix":1},"s":{"a":0,"k":[100,100,100],"ix":6}},"ao":0,"shapes":[{"ty":"gr","it":[{"ind":0,"ty":"sh","ix":1,"ks":{"a":0,"k":{"i":[[2.827,-0.987],[0.564,9.688],[-8.211,0.83],[0.575,-7.791],[2.607,-2.432]],"o":[[-8.606,0.338],[-0.363,-6.228],[7.113,-0.719],[-0.281,3.802],[-2.78,2.594]],"v":[[0.119,15.108],[-15.024,-1.294],[-0.087,-14.728],[14.812,0.211],[10.532,11.107]],"c":true},"ix":2},"nm":"패스 1","mn":"ADBE Vector Shape - Group","hd":false},{"ty":"fl","c":{"a":0,"k":[0,0,0,1],"ix":4},"o":{"a":0,"k":100,"ix":5},"r":1,"bm":0,"nm":"칠 1","mn":"ADBE Vector Graphic - Fill","hd":false},{"ty":"tr","p":{"a":0,"k":[411.508,512.27],"ix":2},"a":{"a":0,"k":[0,0],"ix":1},"s":{"a":0,"k":[100,100],"ix":3},"r":{"a":0,"k":0,"ix":6},"o":{"a":0,"k":100,"ix":7},"sk":{"a":0,"k":0,"ix":4},"sa":{"a":0,"k":0,"ix":5},"nm":"변형"}],"nm":"그룹 1","np":2,"cix":2,"bm":0,"ix":1,"mn":"ADBE Vector Group","hd":false},{"ty":"gr","it":[{"ind":0,"ty":"sh","ix":1,"ks":{"a":0,"k":{"i":[[-11.12,0.046],[-0.569,-9.58],[9.226,-0.215],[0.578,9.788]],"o":[[9.429,-0.705],[0.496,8.343],[-8.635,0.202],[-0.405,-6.861]],"v":[[-0.008,-15.251],[16.032,-1.013],[-0.202,15.754],[-16.123,0.566]],"c":true},"ix":2},"nm":"패스 1","mn":"ADBE Vector Shape - Group","hd":false},{"ty":"fl","c":{"a":0,"k":[0,0,0,1],"ix":4},"o":{"a":0,"k":100,"ix":5},"r":1,"bm":0,"nm":"칠 1","mn":"ADBE Vector Graphic - Fill","hd":false},{"ty":"tr","p":{"a":0,"k":[341.218,516.546],"ix":2},"a":{"a":0,"k":[0,0],"ix":1},"s":{"a":0,"k":[100,100],"ix":3},"r":{"a":0,"k":0,"ix":6},"o":{"a":0,"k":100,"ix":7},"sk":{"a":0,"k":0,"ix":4},"sa":{"a":0,"k":0,"ix":5},"nm":"변형"}],"nm":"그룹 2","np":2,"cix":2,"bm":0,"ix":2,"mn":"ADBE Vector Group","hd":false},{"ty":"gr","it":[{"ind":0,"ty":"sh","ix":1,"ks":{"a":0,"k":{"i":[[-0.17,7.202],[-0.138,3.894],[-0.627,0.664],[-1.677,1.568],[-0.577,0.189],[-0.085,-5.642],[0.743,-5.299],[11.652,-3.804],[6.585,2.299],[2.964,3.589],[1.462,4.096],[-3.658,10.124],[-1.424,0.71],[-0.416,0.351],[-1.887,-2.989],[0.862,-6.357],[-1.057,-4.432],[-0.995,0.195]],"o":[[0,-3.899],[0.03,-0.85],[1.573,-1.668],[0.473,-0.441],[5.312,-1.732],[0.082,5.454],[-1.693,12.085],[-5.662,1.848],[-3.803,-1.328],[-2.635,-3.191],[-3.558,-9.969],[0.447,-1.236],[0.602,-0.299],[2.177,-1.839],[2.452,3.885],[-0.584,4.305],[0.152,0.639],[7.052,-1.382]],"v":[[8.082,-7.278],[8.143,-18.972],[9.447,-21.452],[14.412,-26.223],[15.939,-27.41],[28.933,-17.505],[29.708,-1.179],[9.512,23.705],[-8.555,26.843],[-18.779,20.826],[-25.651,10.856],[-26.793,-19.208],[-22.924,-21.948],[-20.597,-21.752],[-13.852,-22.505],[-6.992,-10.229],[-4.712,3.182],[-1.52,4.357]],"c":true},"ix":2},"nm":"패스 1","mn":"ADBE Vector Shape - Group","hd":false},{"ty":"fl","c":{"a":0,"k":[0,0,0,1],"ix":4},"o":{"a":0,"k":100,"ix":5},"r":1,"bm":0,"nm":"칠 1","mn":"ADBE Vector Graphic - Fill","hd":false},{"ty":"tr","p":{"a":0,"k":[379.091,557.492],"ix":2},"a":{"a":0,"k":[0,0],"ix":1},"s":{"a":0,"k":[100,100],"ix":3},"r":{"a":0,"k":0,"ix":6},"o":{"a":0,"k":100,"ix":7},"sk":{"a":0,"k":0,"ix":4},"sa":{"a":0,"k":0,"ix":5},"nm":"변형"}],"nm":"그룹 3","np":2,"cix":2,"bm":0,"ix":3,"mn":"ADBE Vector Group","hd":false},{"ty":"gr","it":[{"ind":0,"ty":"sh","ix":1,"ks":{"a":0,"k":{"i":[[-5.793,1.56],[-0.64,-3.801],[-1.399,-15.069],[-0.57,-9.49],[-1.182,-12.604],[-1.192,-11.649],[-2.659,-20.006],[-3.148,-17.482],[-1.24,-2.894],[8.577,-0.146],[2.896,0.255],[7.862,4.584],[1.823,4.676],[4.37,11.938],[1.383,9.441],[0.452,6.611],[0.018,0.039],[0.201,2.245],[0.732,10.016],[0.465,8.779],[0.429,8.46],[0.051,3.905],[-0.061,13.879],[-0.645,10.371],[-1.448,0.323],[-10.051,2.162]],"o":[[0,4.497],[2.53,15.022],[0.877,9.447],[0.759,12.632],[1.093,11.659],[2.056,20.086],[2.34,17.598],[0.548,3.043],[3.313,7.734],[-2.889,0.05],[-9.282,-0.817],[-4.434,-2.585],[-4.611,-11.829],[-3.446,-9.413],[-0.956,-6.525],[-0.089,-1.306],[0,-3.354],[-0.894,-10.006],[-0.64,-8.764],[-0.448,-8.459],[-0.198,-3.896],[-0.179,-13.88],[0.045,-10.389],[0.075,-1.201],[10.034,-2.238],[4.718,-1.015]],"v":[[9.563,-147.951],[9.659,-135.651],[11.469,-90.392],[12.021,-61.855],[15.332,-24.022],[18.771,10.938],[25.15,71.171],[34.027,123.713],[37.387,132.527],[27.327,147.901],[18.644,147.116],[-7.275,138.729],[-18,126.943],[-29.614,90.588],[-32.261,62.125],[-33.358,42.283],[-34.45,39.693],[-34.48,31.817],[-37.283,1.812],[-38.506,-24.532],[-40.051,-49.899],[-40.127,-61.614],[-40.639,-103.252],[-39.448,-134.406],[-35.779,-137.686],[-5.571,-143.919]],"c":true},"ix":2},"nm":"패스 1","mn":"ADBE Vector Shape - Group","hd":false},{"ty":"fl","c":{"a":0,"k":[0.956862804936,0.776470648074,0.741176470588,1],"ix":4},"o":{"a":0,"k":100,"ix":5},"r":1,"bm":0,"nm":"칠 1","mn":"ADBE Vector Graphic - Fill","hd":false},{"ty":"tr","p":{"a":0,"k":[1056.283,1077.946],"ix":2},"a":{"a":0,"k":[0,0],"ix":1},"s":{"a":0,"k":[100,100],"ix":3},"r":{"a":0,"k":0,"ix":6},"o":{"a":0,"k":100,"ix":7},"sk":{"a":0,"k":0,"ix":4},"sa":{"a":0,"k":0,"ix":5},"nm":"변형"}],"nm":"그룹 4","np":2,"cix":2,"bm":0,"ix":4,"mn":"ADBE Vector Group","hd":false},{"ty":"gr","it":[{"ind":0,"ty":"sh","ix":1,"ks":{"a":0,"k":{"i":[[-6.797,0],[-0.572,-3.739],[0.144,-3.4],[0.655,-13.878],[1.031,-10.816],[1.961,-20.315],[1.442,-12.701],[3.141,-13.377],[7.35,-5.802],[8.097,1.88],[5.858,0.45],[4.461,6.183],[-1.245,3.331],[-0.663,14.23],[-0.406,7.626],[-0.39,9.518],[-0.299,6.815],[0.026,13.227],[0.42,20.2],[0.678,6.372],[-2.152,0.146],[-11.363,0.838],[-2.57,0.135],[-3.125,-0.035]],"o":[[0.624,4.081],[-0.545,3.02],[-0.589,13.881],[-0.511,10.852],[-1.936,20.317],[-1.229,12.729],[-1.557,13.704],[-1.956,8.332],[-5.568,4.395],[-5.688,-1.321],[-8.548,-0.655],[-1.705,-2.364],[5.044,-13.499],[0.355,-7.626],[0.506,-9.509],[0.279,-6.816],[0.579,-13.22],[-0.04,-20.202],[-0.133,-6.416],[-0.319,-3.003],[11.368,-0.771],[2.575,-0.19],[3.105,-0.163],[7.087,0.08]],"v":[[43.349,-133.24],[45.095,-121.821],[43.4,-112.037],[42.008,-70.378],[39.643,-37.862],[33.471,23.055],[30.19,61.28],[24.181,102.201],[12.347,125.453],[-7.205,131.995],[-24.704,129.928],[-43.39,117.628],[-42.984,106.725],[-35.758,65.026],[-33.427,42.208],[-32.84,13.63],[-31.169,-6.782],[-29.993,-46.463],[-30.983,-107.067],[-31.981,-126.292],[-28.754,-129.997],[5.355,-132.23],[13.01,-133.711],[22.376,-133.264]],"c":true},"ix":2},"nm":"패스 1","mn":"ADBE Vector Shape - Group","hd":false},{"ty":"fl","c":{"a":0,"k":[0.956862804936,0.776470648074,0.741176470588,1],"ix":4},"o":{"a":0,"k":100,"ix":5},"r":1,"bm":0,"nm":"칠 1","mn":"ADBE Vector Graphic - Fill","hd":false},{"ty":"tr","p":{"a":0,"k":[677.029,1082.946],"ix":2},"a":{"a":0,"k":[0,0],"ix":1},"s":{"a":0,"k":[100,100],"ix":3},"r":{"a":0,"k":0,"ix":6},"o":{"a":0,"k":100,"ix":7},"sk":{"a":0,"k":0,"ix":4},"sa":{"a":0,"k":0,"ix":5},"nm":"변형"}],"nm":"그룹 5","np":2,"cix":2,"bm":0,"ix":5,"mn":"ADBE Vector Group","hd":false},{"ty":"gr","it":[{"ind":0,"ty":"sh","ix":1,"ks":{"a":0,"k":{"i":[[-8.606,0.338],[-2.78,2.594],[-0.281,3.802],[7.113,-0.719],[-0.363,-6.228]],"o":[[2.827,-0.987],[2.607,-2.432],[0.575,-7.791],[-8.211,0.83],[0.564,9.688]],"v":[[-304.818,-300.279],[-294.405,-304.28],[-290.125,-315.175],[-305.025,-330.115],[-319.961,-316.681]],"c":true},"ix":2},"nm":"패스 1","mn":"ADBE Vector Shape - Group","hd":false},{"ind":1,"ty":"sh","ix":2,"ks":{"a":0,"k":{"i":[[9.429,-0.705],[-0.405,-6.861],[-8.635,0.201],[0.495,8.343]],"o":[[-11.121,0.047],[0.578,9.788],[9.226,-0.216],[-0.569,-9.581]],"v":[[-375.236,-326.361],[-391.352,-310.543],[-375.43,-295.355],[-359.195,-312.122]],"c":true},"ix":2},"nm":"패스 2","mn":"ADBE Vector Shape - Group","hd":false},{"ind":2,"ty":"sh","ix":3,"ks":{"a":0,"k":{"i":[[0,-3.898],[7.052,-1.382],[0.152,0.638],[-0.584,4.305],[2.452,3.884],[2.177,-1.839],[0.602,-0.3],[0.447,-1.237],[-3.558,-9.969],[-2.635,-3.192],[-3.803,-1.328],[-5.662,1.849],[-1.693,12.085],[0.082,5.454],[5.312,-1.733],[0.473,-0.442],[1.573,-1.668],[0.03,-0.85]],"o":[[-0.17,7.202],[-0.995,0.196],[-1.057,-4.433],[0.862,-6.358],[-1.887,-2.989],[-0.416,0.351],[-1.424,0.709],[-3.658,10.124],[1.462,4.095],[2.964,3.588],[6.585,2.299],[11.652,-3.803],[0.743,-5.298],[-0.085,-5.642],[-0.577,0.188],[-1.677,1.568],[-0.627,0.664],[-0.138,3.893]],"v":[[-329.272,-277.442],[-338.874,-265.807],[-342.066,-266.981],[-344.346,-280.392],[-351.206,-292.668],[-357.952,-291.916],[-360.279,-292.111],[-364.147,-289.371],[-363.005,-259.307],[-356.133,-249.337],[-345.909,-243.321],[-327.842,-246.459],[-307.646,-271.343],[-308.422,-287.668],[-321.415,-297.573],[-322.943,-296.386],[-327.908,-291.615],[-329.211,-289.135]],"c":true},"ix":2},"nm":"패스 3","mn":"ADBE Vector Shape - Group","hd":false},{"ind":3,"ty":"sh","ix":4,"ks":{"a":0,"k":{"i":[[3.664,-0.461],[2.932,-2.883],[0.776,0.064],[4.731,0.319],[4.39,0.084],[6.357,0.18],[5.516,-0.081],[16.609,-1.187],[12.806,0.48],[0.799,0.901],[2.206,-1.777],[-0.039,-3.26],[-0.682,-7.856],[-0.394,-8.997],[-0.002,-6.524],[0.045,-9.798],[0.191,-7.963],[0.421,-9.111],[0.555,-8.523],[1.347,-9.209],[6.501,-15.984],[9.51,-7.033],[1.655,0.193],[4.657,5.876],[2.427,10.014],[1.435,8.393],[0.905,7.105],[1.297,11.16],[0.521,5.519],[1.359,14.094],[1.814,10.994],[1.698,18.186],[0.798,15.246],[0.292,11.482],[0.136,10.135],[0.191,6.64],[0.233,4.002],[1.287,17.415],[1.603,17.523],[0.911,10.506],[0.708,7.177],[2.301,2.013],[2.847,-0.026],[8.669,0.089],[9.508,0.399],[6.642,-0.084],[17.213,1.501],[14.857,3.469],[13.494,13.313],[4.958,8.205],[0.899,9.125],[-0.872,6.335],[0,0.851],[-3.51,7.099],[-4.69,5.725],[-9.811,9.467],[-9.105,2.568],[-11.01,2.742],[-5.667,0.746],[-4.93,0.497],[-13.962,0.511],[-11.742,-1.995],[-11.802,-6.086],[-8.474,-5.468],[-5.233,-5.029],[-9.126,-14.183],[-5.753,-8.485],[-3.22,-4.629],[-4.774,-5.022],[-5.968,-4.97],[-1.983,-1.196],[-1.875,-0.899],[-6.112,-1.76],[-7.911,-1.687],[-3.492,-0.261],[-12.003,-0.428],[-8.512,0.261],[-6.245,0.523],[-9.73,0.974],[-14.435,1.487],[-4.544,0.658],[-18.483,0.451],[-9.446,-0.107],[-9.538,-0.294],[-3.567,0.392],[-0.796,-0.034],[-9.333,-1.106],[-15.37,-3.353],[-15.906,-14.521],[-6.933,-8.6],[-3.753,-8.484],[-2.829,-8.156],[-1.721,-5.762],[-0.836,-12.328],[-0.15,-13.338],[0.329,-11.195],[0.174,-19.449],[-0.152,-10.313],[-0.141,-5.534],[-0.414,-15.677],[-0.182,-6.382],[-0.364,-11.053],[-0.154,-7.847],[0.038,-6.449],[0.503,-14.207],[1.281,-8.653],[1.39,-6.046],[6.498,-12.243],[8.695,5.32],[2.381,4.431],[2.477,7.3],[0.88,5.474],[0.706,6.143],[1.09,10.21],[0.691,7.215],[0.962,8.808],[1.321,12.017],[0.138,2.712],[0.168,3.34],[0.431,10.637],[0.207,6.933],[0.47,11.091],[1.152,5.165],[3.011,3.268],[4.733,-1.973],[19.29,-3.492],[5.502,-0.88],[4.987,-0.395],[24.08,-1.449],[14.288,-0.08],[10.985,-0.062],[5.411,-0.085],[2.715,0.007]],"o":[[-1.254,-1.463],[-0.356,0.351],[-4.726,-0.391],[-4.383,-0.296],[-6.36,-0.123],[-5.527,-0.156],[-16.667,0.243],[-12.784,0.914],[-1.381,-0.052],[-3.255,-3.672],[-2.304,1.856],[0.095,7.862],[0.78,8.979],[0.285,6.504],[0.003,9.799],[-0.037,7.962],[-0.218,9.123],[-0.395,8.529],[-0.607,9.325],[-2.457,16.807],[-4.425,10.882],[-1.246,0.922],[-7.418,-0.868],[-6.615,-8.345],[-2.009,-8.284],[-1.204,-7.046],[-1.42,-11.148],[-0.639,-5.499],[-1.331,-14.095],[-1.073,-11.127],[-2.986,-18.093],[-1.417,-15.185],[-0.601,-11.476],[-0.258,-10.129],[-0.09,-6.636],[-0.116,-4.022],[-1.01,-17.432],[-1.296,-17.549],[-0.961,-10.502],[-0.624,-7.192],[-0.307,-3.11],[-1.813,-1.585],[-8.675,0.078],[-9.511,-0.098],[-6.646,-0.279],[-17.334,0.221],[-15.384,-1.341],[-17.769,-4.147],[-6.896,-6.804],[-4.875,-8.067],[-0.606,-6.16],[0.286,-2.078],[3.414,-8.136],[3.314,-6.702],[8.645,-10.551],[6.494,-6.266],[10.931,-3.083],[5.486,-1.366],[4.923,-0.648],[13.917,-1.402],[11.992,-0.439],[12.819,2.179],[8.994,4.637],[6.035,3.893],[12.202,11.727],[5.542,8.614],[3.167,4.671],[3.971,5.708],[5.336,5.612],[1.721,1.433],[1.817,1.095],[5.78,2.773],[7.746,2.23],[3.488,0.745],[11.975,0.891],[8.515,0.304],[6.251,-0.191],[9.747,-0.817],[14.439,-1.445],[4.584,-0.473],[18.39,-2.667],[9.453,-0.231],[9.536,0.107],[3.554,0.109],[0.806,-0.089],[9.415,0.397],[15.652,1.857],[21.656,4.725],[8.407,7.675],[5.667,7.028],[3.495,7.9],[1.964,5.662],[3.57,11.952],[0.904,13.321],[0.126,11.181],[-0.571,19.443],[-0.092,10.307],[0.082,5.538],[0.398,15.678],[0.169,6.382],[0.317,11.054],[0.259,7.843],[0.126,6.451],[-0.085,14.218],[-0.309,8.749],[-0.904,6.1],[-3.153,13.713],[-5.058,9.53],[-4.296,-2.629],[-3.62,-6.739],[-1.788,-5.267],[-0.979,-6.089],[-1.172,-10.203],[-0.768,-7.204],[-0.846,-8.816],[-1.313,-12.017],[-0.298,-2.719],[-0.17,-3.34],[-0.534,-10.634],[-0.281,-6.927],[-0.33,-11.094],[-0.229,-5.386],[-0.969,-4.346],[-3.403,-3.693],[-18.249,7.608],[-5.489,0.993],[-4.929,0.788],[-24.053,1.904],[-14.248,0.856],[-10.985,0.062],[-5.409,0.031],[-2.709,0.042],[-2.45,-0.007]],"v":[[82.055,103.36],[75.75,103.078],[73.482,102.911],[59.304,101.762],[46.141,101.104],[27.057,100.984],[10.492,100.078],[-39.487,101.474],[-77.813,102.817],[-81.836,101.598],[-91.688,101.179],[-95.231,110.683],[-93.305,134.247],[-91.127,161.195],[-91.537,180.766],[-91.21,210.162],[-91.901,234.047],[-92.469,261.416],[-94.38,286.968],[-96.07,314.939],[-105.671,364.98],[-126.661,392.052],[-131.724,392.943],[-149.482,382.453],[-161.344,354.271],[-166.849,329.299],[-169.14,307.933],[-173.682,274.528],[-174.411,257.894],[-178.792,215.644],[-181.744,182.249],[-187.245,127.702],[-189.632,81.971],[-191.529,47.551],[-191.231,17.137],[-192.552,-2.759],[-191.729,-14.857],[-195.273,-67.123],[-199.453,-119.748],[-203.174,-151.18],[-203.794,-172.86],[-208.128,-181.635],[-216.471,-183.001],[-242.491,-182.357],[-271.013,-183.548],[-290.952,-184.24],[-342.633,-187.733],[-387.703,-196.404],[-435.906,-220.486],[-453.128,-243.299],[-461.783,-269.422],[-459.145,-288.352],[-459.1,-293.431],[-449.447,-316.152],[-438.059,-335.491],[-410.417,-365.712],[-387.354,-380.042],[-354.647,-389.577],[-337.599,-391.324],[-322.919,-393.922],[-281.111,-397.469],[-245.113,-396.224],[-207.542,-384.924],[-180.861,-370.476],[-164.447,-356.193],[-133.471,-316.547],[-115.776,-291.389],[-107.044,-276.857],[-94.201,-260.404],[-76.846,-244.862],[-70.505,-241.957],[-65.511,-237.93],[-47.859,-230.327],[-24.099,-225.438],[-13.766,-222.654],[22.217,-220.775],[47.781,-220.594],[66.497,-222.344],[95.748,-224.655],[139.026,-229.397],[152.851,-230.063],[208.24,-232.732],[236.593,-233.571],[265.19,-232.162],[275.893,-233.233],[278.301,-233.565],[306.526,-232.176],[353.29,-225.167],[406.794,-191.514],[427.112,-165.275],[439.372,-140.389],[449.051,-116.341],[453.451,-98.833],[458.918,-62.253],[461.066,-22.261],[459.559,11.304],[458.333,69.645],[459.138,100.578],[458.732,117.201],[460.257,164.224],[460.112,183.388],[461.492,216.539],[461.835,240.082],[462.352,259.432],[461.685,302.082],[459.414,328.265],[454.739,346.276],[438.32,384.356],[412.661,392.899],[401.993,381.635],[393.596,360.109],[389.322,343.96],[387.774,325.469],[383.872,294.906],[382.425,273.201],[379.325,246.804],[375.552,210.734],[374.056,202.648],[374.432,192.584],[372.52,160.699],[372.591,139.88],[371.103,106.612],[370.414,90.497],[364.103,78.348],[351.325,77.63],[294.281,91.429],[277.905,94.888],[262.969,96.313],[190.799,101.859],[147.945,102.549],[114.99,102.366],[98.765,103.117],[90.622,102.349]],"c":true},"ix":2},"nm":"패스 4","mn":"ADBE Vector Shape - Group","hd":false},{"ty":"mm","mm":1,"nm":"패스 병합 1","mn":"ADBE Vector Filter - Merge","hd":false},{"ty":"fl","c":{"a":0,"k":[0.956862804936,0.776470648074,0.741176470588,1],"ix":4},"o":{"a":0,"k":100,"ix":5},"r":1,"bm":0,"nm":"칠 1","mn":"ADBE Vector Graphic - Fill","hd":false},{"ty":"tr","p":{"a":0,"k":[716.446,827.656],"ix":2},"a":{"a":0,"k":[0,0],"ix":1},"s":{"a":0,"k":[100,100],"ix":3},"r":{"a":0,"k":0,"ix":6},"o":{"a":0,"k":100,"ix":7},"sk":{"a":0,"k":0,"ix":4},"sa":{"a":0,"k":0,"ix":5},"nm":"변형"}],"nm":"그룹 6","np":6,"cix":2,"bm":0,"ix":6,"mn":"ADBE Vector Group","hd":false},{"ty":"gr","it":[{"ind":0,"ty":"sh","ix":1,"ks":{"a":0,"k":{"i":[[0,4.497],[4.718,-1.015],[10.034,-2.238],[0.075,-1.201],[0.045,-10.389],[-0.179,-13.88],[-0.198,-3.896],[-0.448,-8.459],[-0.64,-8.764],[-0.894,-10.006],[0,-3.354],[-0.089,-1.306],[-0.956,-6.525],[-3.446,-9.413],[-4.611,-11.829],[-4.434,-2.585],[-9.282,-0.817],[-2.889,0.05],[3.313,7.734],[0.548,3.043],[2.34,17.598],[2.056,20.086],[1.093,11.659],[0.759,12.632],[0.877,9.447],[2.53,15.022]],"o":[[-5.793,1.56],[-10.051,2.162],[-1.448,0.323],[-0.645,10.371],[-0.061,13.879],[0.051,3.905],[0.429,8.46],[0.465,8.779],[0.732,10.016],[0.201,2.245],[0.018,0.039],[0.452,6.611],[1.383,9.441],[4.37,11.938],[1.823,4.676],[7.862,4.584],[2.896,0.255],[8.577,-0.146],[-1.24,-2.894],[-3.148,-17.482],[-2.659,-20.006],[-1.192,-11.649],[-1.182,-12.604],[-0.57,-9.49],[-1.399,-15.069],[-0.64,-3.801]],"v":[[348.449,101.177],[333.315,105.208],[303.107,111.441],[299.438,114.721],[298.247,145.875],[298.759,187.514],[298.835,199.228],[300.38,224.595],[301.603,250.939],[304.406,280.944],[304.436,288.821],[305.528,291.411],[306.625,311.253],[309.272,339.715],[320.886,376.071],[331.611,387.857],[357.53,396.244],[366.213,397.028],[376.273,381.655],[372.913,372.84],[364.036,320.298],[357.657,260.066],[354.218,225.105],[350.907,187.272],[350.355,158.735],[348.545,113.476]],"c":true},"ix":2},"nm":"패스 1","mn":"ADBE Vector Shape - Group","hd":false},{"ind":1,"ty":"sh","ix":2,"ks":{"a":0,"k":{"i":[[0.624,4.081],[7.087,0.081],[3.105,-0.164],[2.575,-0.19],[11.367,-0.77],[-0.32,-3.003],[-0.134,-6.416],[-0.04,-20.203],[0.58,-13.219],[0.279,-6.815],[0.507,-9.509],[0.356,-7.626],[5.045,-13.499],[-1.706,-2.363],[-8.547,-0.656],[-5.688,-1.321],[-5.567,4.395],[-1.957,8.333],[-1.557,13.704],[-1.228,12.729],[-1.936,20.317],[-0.512,10.853],[-0.588,13.881],[-0.545,3.019]],"o":[[-6.797,0],[-3.125,-0.035],[-2.571,0.135],[-11.362,0.837],[-2.153,0.146],[0.678,6.372],[0.42,20.2],[0.026,13.226],[-0.298,6.816],[-0.39,9.518],[-0.406,7.627],[-0.663,14.229],[-1.245,3.332],[4.461,6.184],[5.858,0.449],[8.097,1.881],[7.35,-5.801],[3.14,-13.376],[1.443,-12.702],[1.962,-20.315],[1.031,-10.817],[0.654,-13.877],[0.144,-3.401],[-0.572,-3.739]],"v":[[2.981,120.888],[-17.992,120.862],[-27.357,120.416],[-35.013,121.897],[-69.121,124.129],[-72.348,127.835],[-71.35,147.06],[-70.361,207.665],[-71.537,247.344],[-73.208,267.757],[-73.795,296.334],[-76.126,319.154],[-83.352,360.852],[-83.757,371.754],[-65.072,384.056],[-47.573,386.121],[-28.021,379.579],[-16.186,356.327],[-10.178,315.407],[-6.897,277.182],[-0.725,216.265],[1.641,183.749],[3.032,142.09],[4.728,132.306]],"c":true},"ix":2},"nm":"패스 2","mn":"ADBE Vector Shape - Group","hd":false},{"ind":2,"ty":"sh","ix":3,"ks":{"a":0,"k":{"i":[[-1.254,-1.463],[-2.451,-0.007],[-2.709,0.043],[-5.409,0.031],[-10.985,0.062],[-14.247,0.857],[-24.053,1.905],[-4.928,0.788],[-5.488,0.993],[-18.25,7.608],[-3.403,-3.693],[-0.97,-4.346],[-0.229,-5.386],[-0.331,-11.094],[-0.281,-6.927],[-0.534,-10.633],[-0.17,-3.339],[-0.299,-2.719],[-1.313,-12.018],[-0.845,-8.816],[-0.769,-7.203],[-1.172,-10.203],[-0.979,-6.088],[-1.787,-5.266],[-3.62,-6.738],[-4.297,-2.629],[-5.058,9.53],[-3.154,13.712],[-0.903,6.1],[-0.309,8.749],[-0.084,14.218],[0.126,6.452],[0.258,7.843],[0.316,11.054],[0.168,6.382],[0.398,15.677],[0.082,5.538],[-0.092,10.307],[-0.571,19.443],[0.126,11.181],[0.904,13.321],[3.569,11.952],[1.965,5.662],[3.495,7.9],[5.667,7.028],[8.407,7.675],[21.656,4.725],[15.652,1.856],[9.414,0.397],[0.806,-0.088],[3.553,0.109],[9.536,0.107],[9.453,-0.231],[18.389,-2.667],[4.583,-0.473],[14.439,-1.445],[9.747,-0.816],[6.251,-0.191],[8.515,0.304],[11.976,0.892],[3.488,0.744],[7.746,2.23],[5.78,2.773],[1.817,1.095],[1.721,1.433],[5.336,5.613],[3.972,5.709],[3.166,4.671],[5.542,8.615],[12.202,11.727],[6.035,3.893],[8.994,4.637],[12.82,2.178],[11.992,-0.439],[13.917,-1.402],[4.922,-0.648],[5.485,-1.366],[10.931,-3.083],[6.494,-6.266],[8.645,-10.551],[3.314,-6.702],[3.414,-8.136],[0.286,-2.078],[-0.606,-6.16],[-4.875,-8.068],[-6.896,-6.803],[-17.768,-4.148],[-15.384,-1.341],[-17.335,0.221],[-6.645,-0.279],[-9.511,-0.097],[-8.675,0.078],[-1.813,-1.585],[-0.307,-3.11],[-0.624,-7.191],[-0.961,-10.502],[-1.296,-17.549],[-1.01,-17.432],[-0.116,-4.023],[-0.09,-6.636],[-0.258,-10.129],[-0.601,-11.476],[-1.418,-15.185],[-2.986,-18.093],[-1.073,-11.127],[-1.331,-14.095],[-0.639,-5.499],[-1.42,-11.148],[-1.204,-7.046],[-2.008,-8.284],[-6.615,-8.345],[-7.418,-0.868],[-1.246,0.922],[-4.425,10.882],[-2.457,16.807],[-0.608,9.326],[-0.394,8.528],[-0.218,9.123],[-0.037,7.962],[0.003,9.798],[0.285,6.505],[0.78,8.979],[0.095,7.862],[-2.304,1.856],[-3.255,-3.672],[-1.381,-0.052],[-12.783,0.915],[-16.667,0.243],[-5.527,-0.156],[-6.359,-0.123],[-4.383,-0.296],[-4.726,-0.391],[-0.356,0.351]],"o":[[3.664,-0.461],[2.715,0.007],[5.411,-0.084],[10.985,-0.062],[14.287,-0.08],[24.081,-1.449],[4.986,-0.395],[5.503,-0.88],[19.291,-3.492],[4.733,-1.973],[3.011,3.268],[1.152,5.166],[0.47,11.091],[0.207,6.933],[0.431,10.637],[0.168,3.34],[0.138,2.713],[1.321,12.017],[0.963,8.807],[0.692,7.215],[1.09,10.211],[0.706,6.144],[0.879,5.475],[2.478,7.3],[2.38,4.432],[8.695,5.32],[6.498,-12.243],[1.39,-6.047],[1.282,-8.653],[0.503,-14.207],[0.039,-6.449],[-0.154,-7.847],[-0.364,-11.053],[-0.182,-6.382],[-0.414,-15.677],[-0.141,-5.534],[-0.152,-10.313],[0.173,-19.449],[0.329,-11.195],[-0.15,-13.338],[-0.836,-12.327],[-1.722,-5.762],[-2.828,-8.156],[-3.753,-8.484],[-6.933,-8.599],[-15.906,-14.521],[-15.37,-3.354],[-9.333,-1.107],[-0.797,-0.034],[-3.568,0.392],[-9.538,-0.294],[-9.447,-0.107],[-18.483,0.451],[-4.545,0.659],[-14.435,1.487],[-9.73,0.975],[-6.245,0.523],[-8.512,0.261],[-12.003,-0.428],[-3.491,-0.26],[-7.912,-1.688],[-6.112,-1.76],[-1.875,-0.899],[-1.982,-1.196],[-5.969,-4.97],[-4.774,-5.022],[-3.219,-4.628],[-5.753,-8.485],[-9.126,-14.183],[-5.233,-5.029],[-8.474,-5.468],[-11.803,-6.085],[-11.741,-1.996],[-13.962,0.511],[-4.93,0.497],[-5.667,0.746],[-11.01,2.742],[-9.105,2.568],[-9.811,9.467],[-4.691,5.725],[-3.511,7.1],[0,0.851],[-0.872,6.335],[0.899,9.125],[4.958,8.204],[13.494,13.313],[14.858,3.468],[17.213,1.501],[6.642,-0.085],[9.509,0.399],[8.669,0.089],[2.847,-0.026],[2.3,2.013],[0.708,7.177],[0.911,10.506],[1.603,17.523],[1.287,17.415],[0.232,4.002],[0.191,6.639],[0.136,10.135],[0.292,11.482],[0.797,15.246],[1.698,18.186],[1.814,10.994],[1.359,14.093],[0.521,5.519],[1.296,11.16],[0.904,7.105],[1.435,8.393],[2.428,10.014],[4.657,5.876],[1.655,0.193],[9.509,-7.032],[6.501,-15.984],[1.347,-9.209],[0.555,-8.523],[0.422,-9.112],[0.191,-7.963],[0.045,-9.798],[-0.002,-6.525],[-0.394,-8.997],[-0.682,-7.856],[-0.039,-3.26],[2.206,-1.777],[0.799,0.901],[12.806,0.48],[16.61,-1.187],[5.515,-0.081],[6.357,0.18],[4.391,0.084],[4.731,0.319],[0.776,0.064],[2.932,-2.883]],"v":[[81.105,102.197],[89.671,101.186],[97.814,101.954],[114.039,101.203],[146.995,101.387],[189.848,100.696],[262.018,95.15],[276.953,93.726],[293.329,90.266],[350.374,76.468],[363.153,77.185],[369.463,89.334],[370.153,105.45],[371.641,138.718],[371.57,159.537],[373.482,191.422],[373.106,201.486],[374.602,209.571],[378.373,245.643],[381.474,272.039],[382.921,293.743],[386.824,324.307],[388.372,342.798],[392.645,358.946],[401.043,380.472],[411.711,391.737],[437.37,383.194],[453.789,345.114],[458.463,327.102],[460.734,300.919],[461.4,258.27],[460.884,238.919],[460.541,215.376],[459.161,182.226],[459.306,163.062],[457.782,116.039],[458.187,99.415],[457.383,68.482],[458.608,10.141],[460.116,-23.424],[457.967,-63.416],[452.501,-99.996],[448.1,-117.504],[438.422,-141.552],[426.161,-166.438],[405.843,-192.677],[352.34,-226.328],[305.576,-233.338],[277.35,-234.728],[274.942,-234.396],[264.239,-233.325],[235.642,-234.734],[207.289,-233.894],[151.9,-231.226],[138.075,-230.56],[94.798,-225.818],[65.546,-223.506],[46.83,-221.757],[21.266,-221.938],[-14.718,-223.817],[-25.049,-226.6],[-48.809,-231.49],[-66.462,-239.093],[-71.457,-243.12],[-77.796,-246.025],[-95.152,-261.567],[-107.996,-278.02],[-116.726,-292.552],[-134.421,-317.71],[-165.397,-357.355],[-181.811,-371.639],[-208.493,-386.087],[-246.065,-397.386],[-282.062,-398.632],[-323.87,-395.085],[-338.55,-392.487],[-355.598,-390.74],[-388.305,-381.205],[-411.368,-366.875],[-439.009,-336.654],[-450.397,-317.315],[-460.051,-294.594],[-460.096,-289.514],[-462.734,-270.585],[-454.078,-244.461],[-436.857,-221.649],[-388.655,-197.566],[-343.583,-188.896],[-291.903,-185.401],[-271.965,-184.711],[-243.441,-183.519],[-217.422,-184.164],[-209.078,-182.798],[-204.744,-174.023],[-204.125,-152.342],[-200.404,-120.911],[-196.224,-68.286],[-192.679,-16.019],[-193.502,-3.921],[-192.181,15.974],[-192.48,46.388],[-190.582,80.808],[-188.195,126.539],[-182.694,181.086],[-179.743,214.482],[-175.362,256.731],[-174.632,273.365],[-170.09,306.771],[-167.8,328.136],[-162.296,353.108],[-150.432,381.29],[-132.674,391.781],[-127.612,390.889],[-106.621,363.818],[-97.021,313.777],[-95.33,285.805],[-93.42,260.254],[-92.851,232.885],[-92.16,209],[-92.488,179.604],[-92.077,160.033],[-94.256,133.085],[-96.181,109.52],[-92.639,100.016],[-82.786,100.435],[-78.764,101.654],[-40.439,100.312],[9.541,98.915],[26.106,99.821],[45.189,99.941],[58.353,100.599],[72.532,101.749],[74.8,101.916]],"c":true},"ix":2},"nm":"패스 3","mn":"ADBE Vector Shape - Group","hd":false},{"ind":3,"ty":"sh","ix":4,"ks":{"a":0,"k":{"i":[[-0.081,-0.002],[2.033,-3.812],[6.457,-9.415],[9.784,-0.017],[6.35,5.943],[3.439,1.269],[1.101,-1.09],[12.324,2.383],[7.094,2.794],[7.05,9.325],[2.085,13.474],[0.726,5.596],[0.748,8.97],[0.451,6.402],[0.172,3.605],[0.413,4.782],[0.649,8.334],[0.591,7.622],[0.257,7.662],[0.031,10.512],[0,19.04],[4.835,-0.478],[11.105,-1.109],[7.193,-0.234],[9.587,-0.27],[7.729,-0.014],[10.115,0.222],[5.601,0.146],[13.55,0.257],[15.19,0],[0.312,-13.35],[-1.264,-5.407],[-1.067,-5.46],[0.554,-6.659],[0.708,-6.256],[0.667,-6.73],[0.652,-7.158],[0.636,-6.734],[0.781,-7.834],[0.328,-2.863],[0.676,-5.428],[1.939,-5.479],[14.115,-8.231],[7.715,-1.054],[7.569,1.127],[6.197,2.497],[5.872,3.056],[8.743,-3.692],[5.031,-0.944],[2.017,0.506],[3.321,1.599],[2.975,2.368],[2.149,3.324],[2.686,6.156],[1.241,5.457],[1.651,9.286],[0.746,5.311],[0.664,4.961],[0.455,4.491],[0.457,6.165],[0.291,4.26],[0.444,4.204],[0.51,4.686],[1.332,12.737],[0.42,5.092],[0.457,5.927],[0.218,2.852],[0.79,11.412],[0.484,9.503],[0.304,10.558],[-0.079,8.26],[-0.063,8.985],[0.256,5.381],[0.912,15.313],[1.017,10.452],[1.09,13.056],[0.693,9.67],[0.566,1.39],[7.048,0.326],[9.704,0.287],[8.582,0.484],[8.579,0.81],[7.777,1.216],[12.38,2.85],[7.885,3.055],[6.853,4.274],[5.343,5.775],[4.926,8.353],[-0.283,12.205],[-0.363,6.084],[-1.216,4.708],[-0.796,2.921],[-1.883,4.255],[-4.574,7.297],[-5.837,5.956],[-11.972,9.375],[-11.021,1.904],[-7.244,1.721],[-1.935,0.321],[-7.381,0.999],[-11.234,0.456],[-16.929,-1.278],[-21.355,-12.916],[-11.614,-14.46],[-8.378,-12.092],[-6.115,-8.675],[-4.982,-6.942],[-9.032,-3.719],[-11.798,-3.31],[-7.695,-0.55],[-10.575,-0.018],[-8.162,0.746],[-12.441,1.073],[-11.821,0.981],[-11.564,0.73],[-13.821,0.506],[-7.554,-0.948],[-10.239,-0.2],[-12.09,-0.829],[-9.024,-0.973],[-10.963,-3.274],[-13.626,-12.159],[-8.76,-11.943],[-7.157,-14.066],[1.603,-5.95],[-0.829,-2.682],[-1.949,-10.004],[-0.941,-12.324],[-0.002,-12.057],[0.404,-17.347],[0.463,-8.272],[-0.022,-3.516],[0.356,-3.044],[0.061,-2.138],[-0.064,-5.566],[-0.329,-5.358],[0.023,-5.726],[-0.163,-10.978],[-0.439,-8.527],[-0.125,-4.716],[-0.231,-12.748],[-0.084,-7.104],[0.754,-15.08],[4.379,-10.393],[1.035,-4.247],[1.492,-3.816]],"o":[[-1.256,4.227],[-5.383,10.096],[-5.532,8.066],[-6.661,0.012],[-2.611,-2.445],[-1.453,-0.536],[-8.813,8.729],[-7.628,-1.475],[-10.392,-4.093],[-7.925,-10.482],[-0.866,-5.595],[-1.157,-8.908],[-0.534,-6.399],[-0.254,-3.59],[-0.229,-4.785],[-0.72,-8.327],[-0.593,-7.621],[-0.592,-7.649],[-0.353,-10.503],[-0.053,-18.081],[-5.071,0.357],[-11.106,1.097],[-7.171,0.716],[-9.584,0.311],[-7.738,0.218],[-10.11,0.019],[-5.602,-0.123],[-13.55,-0.355],[-13.724,-0.26],[0,14.142],[-0.137,5.885],[1.288,5.519],[1.23,6.305],[-0.523,6.278],[-0.761,6.723],[-0.71,7.151],[-0.614,6.736],[-0.741,7.839],[-0.301,3.026],[-0.339,5.471],[-0.727,5.835],[-4.862,13.739],[-6.387,3.724],[-7.792,1.064],[-6.574,-0.979],[-6.169,-2.486],[-5.515,6.498],[-4.688,1.98],[-1.861,0.348],[-3.649,-0.915],[-3.36,-1.618],[-3.243,-2.582],[-3.621,-5.602],[-2.255,-5.169],[-2.089,-9.184],[-0.94,-5.287],[-0.697,-4.955],[-0.6,-4.486],[-0.623,-6.144],[-0.316,-4.26],[-0.288,-4.23],[-0.494,-4.686],[-1.384,-12.73],[-0.532,-5.088],[-0.488,-5.923],[-0.22,-2.853],[-0.871,-11.406],[-0.657,-9.495],[-0.537,-10.545],[-0.238,-8.264],[0.086,-8.985],[0.037,-5.365],[-0.73,-15.325],[-0.624,-10.476],[-1.27,-13.041],[-0.806,-9.658],[-0.101,-1.41],[-7.049,-0.438],[-9.697,-0.45],[-8.596,-0.255],[-8.598,-0.484],[-7.85,-0.741],[-12.561,-1.963],[-8.212,-1.891],[-7.591,-2.941],[-6.657,-4.151],[-6.616,-7.153],[-5.858,-9.931],[0.142,-6.118],[0.284,-4.755],[0.758,-2.933],[1.234,-4.53],[3.498,-7.905],[4.433,-7.071],[10.681,-10.899],[8.463,-6.629],[7.316,-1.264],[1.893,-0.449],[7.353,-1.217],[11.171,-1.513],[17.006,-0.691],[24.702,1.863],[16.011,9.683],[9.188,11.439],[6.044,8.724],[4.924,6.984],[5.73,7.985],[11.349,4.674],[7.33,2.057],[10.558,0.754],[8.172,0.014],[12.436,-1.137],[11.818,-1.019],[11.553,-0.958],[13.799,-0.871],[7.694,-0.282],[10.305,1.293],[12.142,0.237],[9.121,0.626],[11.437,1.232],[17.318,5.17],[11.107,9.911],[9.282,12.653],[2.072,4.07],[-0.515,1.909],[3.017,9.765],[2.363,12.134],[0.916,11.999],[0.003,17.355],[-0.193,8.271],[-0.196,3.489],[0.016,2.483],[0.24,1.459],[-0.158,5.577],[0.062,5.352],[0.352,5.717],[-0.045,10.983],[0.127,8.528],[0.243,4.71],[0.339,12.747],[0.129,7.103],[0.178,15.132],[-0.537,10.752],[-1.644,3.901],[-0.96,3.946],[0.081,0.002]],"v":[[472.046,358.829],[468.153,371.443],[450.851,401.089],[427.217,415.519],[406.368,412.479],[396.634,407.271],[391.403,408.385],[360.011,418.437],[337.191,413.957],[308.751,396.351],[292.042,361.138],[287.613,344.639],[285.7,317.709],[283.538,298.559],[284.079,287.695],[282.517,273.38],[280.607,248.376],[278.765,225.517],[277.122,202.561],[276.743,171.029],[276.728,115.826],[261.961,116.889],[228.661,120.358],[207.12,122.187],[178.341,122.313],[155.154,123.774],[124.82,122.697],[107.996,123.123],[67.358,121.675],[24.711,121.617],[24.613,162.472],[22.982,179.986],[22.383,195.514],[21.082,215.405],[19.531,234.238],[16.767,254.352],[15.353,275.876],[12.918,296.029],[11.127,319.585],[9.353,328.415],[8.264,344.818],[5.051,362.159],[-17.601,398.694],[-37.785,406.589],[-60.796,407.059],[-80.083,401.417],[-97.865,392.323],[-117.6,410.091],[-132.448,414.095],[-138.479,412.736],[-149.352,409.83],[-158.519,403.089],[-167.901,395.022],[-176.818,376.97],[-182.673,361.095],[-187.612,333.241],[-190.609,317.413],[-191.938,302.442],[-194.445,289.083],[-195.435,270.561],[-196.962,257.825],[-197.21,245.096],[-199.672,231.14],[-203.414,192.905],[-205.602,177.705],[-206.299,159.871],[-208.258,151.414],[-210.437,117.164],[-212.658,88.696],[-213.55,57.023],[-214.288,32.235],[-213.211,5.287],[-214.545,-10.822],[-216.527,-56.806],[-219.485,-88.169],[-223.264,-127.294],[-225.087,-156.319],[-226.71,-160.469],[-247.846,-161.761],[-276.951,-162.854],[-302.744,-163.455],[-328.488,-165.776],[-352.021,-168.126],[-389.535,-175.03],[-413.631,-182.993],[-435.855,-193.111],[-454.008,-208.381],[-471.968,-231.513],[-482.428,-264.272],[-483.452,-282.654],[-479.885,-296.759],[-477.764,-305.595],[-473.769,-319.088],[-462.141,-342.271],[-446.678,-362.087],[-413.274,-393.385],[-383.358,-405.969],[-361.674,-411.31],[-355.799,-411.841],[-333.76,-415.603],[-300.163,-419.423],[-249.095,-419.542],[-180.233,-396.385],[-138.174,-360.865],[-112.945,-324.673],[-94.707,-298.572],[-79.812,-277.707],[-57.827,-259.55],[-23.137,-247.169],[-0.171,-244.52],[31.546,-242.978],[56.063,-244.741],[93.351,-248.362],[128.841,-251.001],[163.474,-254.148],[204.926,-255.896],[227.989,-256.262],[258.735,-255.813],[295.16,-255.55],[322.469,-254.395],[356.493,-248.488],[404.226,-223.858],[434.977,-191.373],[458.469,-150.276],[462.945,-136.347],[467.127,-129.013],[475.305,-99.466],[480.341,-62.683],[480.961,-26.525],[480.552,25.536],[478.62,50.32],[479.254,60.86],[478.375,68.874],[479.255,74.631],[478.342,91.344],[479.705,107.389],[480.279,124.567],[479.873,157.514],[481.379,183.083],[481.669,197.234],[482.699,235.473],[482.554,256.791],[483.061,302.17],[478.057,334.341],[476.165,347.347],[471.802,358.823]],"c":true},"ix":2},"nm":"패스 4","mn":"ADBE Vector Shape - Group","hd":false},{"ty":"mm","mm":1,"nm":"패스 병합 1","mn":"ADBE Vector Filter - Merge","hd":false},{"ty":"fl","c":{"a":0,"k":[0,0,0,1],"ix":4},"o":{"a":0,"k":100,"ix":5},"r":1,"bm":0,"nm":"칠 1","mn":"ADBE Vector Graphic - Fill","hd":false},{"ty":"tr","p":{"a":0,"k":[717.397,828.819],"ix":2},"a":{"a":0,"k":[0,0],"ix":1},"s":{"a":0,"k":[100,100],"ix":3},"r":{"a":0,"k":0,"ix":6},"o":{"a":0,"k":100,"ix":7},"sk":{"a":0,"k":0,"ix":4},"sa":{"a":0,"k":0,"ix":5},"nm":"변형"}],"nm":"그룹 7","np":6,"cix":2,"bm":0,"ix":7,"mn":"ADBE Vector Group","hd":false}],"ip":0,"op":90.0000036657751,"st":0,"bm":0},{"ddd":0,"ind":2,"ty":4,"nm":"왼쪽귀 윤곽선","sr":1,"ks":{"o":{"a":0,"k":100,"ix":11},"r":{"a":1,"k":[{"i":{"x":[0.833],"y":[0.833]},"o":{"x":[0.167],"y":[0.167]},"t":24,"s":[0]},{"i":{"x":[0.833],"y":[0.833]},"o":{"x":[0.167],"y":[0.167]},"t":25,"s":[-6]},{"i":{"x":[0.833],"y":[0.833]},"o":{"x":[0.167],"y":[0.167]},"t":26,"s":[0]},{"i":{"x":[0.833],"y":[0.833]},"o":{"x":[0.167],"y":[0.167]},"t":27,"s":[-6]},{"i":{"x":[0.833],"y":[0.833]},"o":{"x":[0.167],"y":[0.167]},"t":28,"s":[0]},{"i":{"x":[0.833],"y":[0.833]},"o":{"x":[0.167],"y":[0.167]},"t":29,"s":[-6]},{"i":{"x":[0.833],"y":[0.833]},"o":{"x":[0.167],"y":[0.167]},"t":30,"s":[0]},{"i":{"x":[0.833],"y":[0.833]},"o":{"x":[0.167],"y":[0.167]},"t":68,"s":[0]},{"i":{"x":[0.833],"y":[0.833]},"o":{"x":[0.167],"y":[0.167]},"t":69,"s":[-6]},{"i":{"x":[0.833],"y":[0.833]},"o":{"x":[0.167],"y":[0.167]},"t":70,"s":[0]},{"i":{"x":[0.833],"y":[0.833]},"o":{"x":[0.167],"y":[0.167]},"t":71,"s":[-6]},{"i":{"x":[0.833],"y":[0.833]},"o":{"x":[0.167],"y":[0.167]},"t":72,"s":[0]},{"i":{"x":[0.833],"y":[0.833]},"o":{"x":[0.167],"y":[0.167]},"t":73,"s":[-6]},{"t":74.0000030140818,"s":[0]}],"ix":10},"p":{"a":0,"k":[405.062,424.18,0],"ix":2},"a":{"a":0,"k":[405.062,424.18,0],"ix":1},"s":{"a":0,"k":[100,100,100],"ix":6}},"ao":0,"shapes":[{"ty":"gr","it":[{"ind":0,"ty":"sh","ix":1,"ks":{"a":0,"k":{"i":[[-11.372,28.395],[-2.385,-1.236],[-0.428,-0.757],[-1.535,-1.966],[-5.379,-12.43],[-1.567,-6.714],[-1.364,-5.799],[3.949,-5.721],[9.712,11.061]],"o":[[2.787,1.299],[0.77,0.399],[1.25,2.209],[8.512,10.901],[2.705,6.253],[1.353,5.802],[1.466,6.23],[-13.28,-8.293],[-6.314,-27.09]],"v":[[-15.219,-58.383],[-7.577,-54.775],[-5.648,-52.893],[-2.104,-46.161],[16.212,-9.849],[21.518,10.119],[25.126,27.63],[19.233,58.383],[-8.07,23.688]],"c":true},"ix":2},"nm":"패스 1","mn":"ADBE Vector Shape - Group","hd":false},{"ty":"fl","c":{"a":0,"k":[0.956862804936,0.776470648074,0.741176470588,1],"ix":4},"o":{"a":0,"k":100,"ix":5},"r":1,"bm":0,"nm":"칠 1","mn":"ADBE Vector Graphic - Fill","hd":false},{"ty":"tr","p":{"a":0,"k":[385.511,363.281],"ix":2},"a":{"a":0,"k":[0,0],"ix":1},"s":{"a":0,"k":[100,100],"ix":3},"r":{"a":0,"k":0,"ix":6},"o":{"a":0,"k":100,"ix":7},"sk":{"a":0,"k":0,"ix":4},"sa":{"a":0,"k":0,"ix":5},"nm":"변형"}],"nm":"그룹 1","np":2,"cix":2,"bm":0,"ix":1,"mn":"ADBE Vector Group","hd":false},{"ty":"gr","it":[{"ind":0,"ty":"sh","ix":1,"ks":{"a":0,"k":{"i":[[2.787,1.299],[-6.314,-27.09],[-13.28,-8.293],[1.466,6.23],[1.353,5.802],[2.705,6.253],[8.512,10.901],[1.25,2.209],[0.77,0.399]],"o":[[-11.372,28.395],[9.712,11.061],[3.949,-5.721],[-1.364,-5.799],[-1.567,-6.714],[-5.379,-12.43],[-1.535,-1.966],[-0.428,-0.757],[-2.385,-1.236]],"v":[[-17.158,-57.215],[-10.009,24.856],[17.294,59.55],[23.187,28.798],[19.579,11.287],[14.274,-8.681],[-4.043,-44.993],[-7.587,-51.726],[-9.516,-53.607]],"c":true},"ix":2},"nm":"패스 1","mn":"ADBE Vector Shape - Group","hd":false},{"ind":1,"ty":"sh","ix":2,"ks":{"a":0,"k":{"i":[[3.816,2.137],[7.294,4.805],[2.038,8.171],[3.491,4.837],[1.998,4.193],[2.706,6.256],[0.674,4.92],[-1.677,15.128],[-6.308,11.407],[-5.904,-1.677],[-6.024,-7.01],[-2.657,-3.597],[-3.521,-6.044],[-1.934,-5.742],[-2.665,-12.377],[-0.274,-10.123],[1.218,-4.79],[1.691,-4.357],[1.349,-1.221],[0.569,-0.851]],"o":[[-4.257,6.169],[-5.752,-3.789],[-6.181,-2.56],[-2.669,-3.698],[-2.936,-6.158],[-2.006,-4.639],[-1.988,-14.528],[1.404,-12.668],[4.212,-7.617],[8.586,2.439],[2.925,3.406],[4.161,5.634],[3.058,5.251],[4.051,12.032],[2.12,9.846],[0.131,4.813],[-1.154,4.536],[-0.603,1.554],[-0.808,0.732],[-2.32,3.474]],"v":[[22.654,77.681],[9.188,80.032],[-6.5,66.035],[-18.26,52.407],[-24.268,39.868],[-33.103,21.41],[-38.029,7.068],[-43.56,-36.628],[-34.509,-73.174],[-19.544,-83.159],[2.992,-69.59],[11.879,-59.476],[23.631,-42.046],[31.421,-25.514],[42.308,10.98],[45.106,41.25],[42.238,55.764],[38.049,69.172],[34.275,73.059],[31.649,75.007]],"c":true},"ix":2},"nm":"패스 2","mn":"ADBE Vector Shape - Group","hd":false},{"ty":"mm","mm":1,"nm":"패스 병합 1","mn":"ADBE Vector Filter - Merge","hd":false},{"ty":"fl","c":{"a":0,"k":[0,0,0,1],"ix":4},"o":{"a":0,"k":100,"ix":5},"r":1,"bm":0,"nm":"칠 1","mn":"ADBE Vector Graphic - Fill","hd":false},{"ty":"tr","p":{"a":0,"k":[387.449,362.113],"ix":2},"a":{"a":0,"k":[0,0],"ix":1},"s":{"a":0,"k":[100,100],"ix":3},"r":{"a":0,"k":0,"ix":6},"o":{"a":0,"k":100,"ix":7},"sk":{"a":0,"k":0,"ix":4},"sa":{"a":0,"k":0,"ix":5},"nm":"변형"}],"nm":"그룹 2","np":4,"cix":2,"bm":0,"ix":2,"mn":"ADBE Vector Group","hd":false}],"ip":0,"op":90.0000036657751,"st":0,"bm":0},{"ddd":0,"ind":3,"ty":4,"nm":"오른쪽귀 윤곽선","sr":1,"ks":{"o":{"a":0,"k":100,"ix":11},"r":{"a":1,"k":[{"i":{"x":[0.833],"y":[0.833]},"o":{"x":[0.167],"y":[0.167]},"t":24,"s":[0]},{"i":{"x":[0.833],"y":[0.833]},"o":{"x":[0.167],"y":[0.167]},"t":25,"s":[4]},{"i":{"x":[0.833],"y":[0.833]},"o":{"x":[0.167],"y":[0.167]},"t":26,"s":[0]},{"i":{"x":[0.833],"y":[0.833]},"o":{"x":[0.167],"y":[0.167]},"t":27,"s":[4]},{"i":{"x":[0.833],"y":[0.833]},"o":{"x":[0.167],"y":[0.167]},"t":28,"s":[0]},{"i":{"x":[0.833],"y":[0.833]},"o":{"x":[0.167],"y":[0.167]},"t":29,"s":[4]},{"i":{"x":[0.833],"y":[0.833]},"o":{"x":[0.167],"y":[0.167]},"t":30,"s":[0]},{"i":{"x":[0.833],"y":[0.833]},"o":{"x":[0.167],"y":[0.167]},"t":68,"s":[0]},{"i":{"x":[0.833],"y":[0.833]},"o":{"x":[0.167],"y":[0.167]},"t":69,"s":[4]},{"i":{"x":[0.833],"y":[0.833]},"o":{"x":[0.167],"y":[0.167]},"t":70,"s":[0]},{"i":{"x":[0.833],"y":[0.833]},"o":{"x":[0.167],"y":[0.167]},"t":71,"s":[4]},{"i":{"x":[0.833],"y":[0.833]},"o":{"x":[0.167],"y":[0.167]},"t":72,"s":[0]},{"i":{"x":[0.833],"y":[0.833]},"o":{"x":[0.167],"y":[0.167]},"t":73,"s":[4]},{"t":74.0000030140818,"s":[0]}],"ix":10},"p":{"a":0,"k":[478.375,421.505,0],"ix":2},"a":{"a":0,"k":[478.375,421.505,0],"ix":1},"s":{"a":0,"k":[100,100,100],"ix":6}},"ao":0,"shapes":[{"ty":"gr","it":[{"ind":0,"ty":"sh","ix":1,"ks":{"a":0,"k":{"i":[[-21.076,27.807],[33.2,-40.433]],"o":[[21.522,37.597],[-15.613,-31.588]],"v":[[-0.935,-63.877],[-8.793,63.877]],"c":true},"ix":2},"nm":"패스 1","mn":"ADBE Vector Shape - Group","hd":false},{"ty":"fl","c":{"a":0,"k":[0.956862804936,0.776470648074,0.741176470588,1],"ix":4},"o":{"a":0,"k":100,"ix":5},"r":1,"bm":0,"nm":"칠 1","mn":"ADBE Vector Graphic - Fill","hd":false},{"ty":"tr","p":{"a":0,"k":[489.031,354.168],"ix":2},"a":{"a":0,"k":[0,0],"ix":1},"s":{"a":0,"k":[100,100],"ix":3},"r":{"a":0,"k":0,"ix":6},"o":{"a":0,"k":100,"ix":7},"sk":{"a":0,"k":0,"ix":4},"sa":{"a":0,"k":0,"ix":5},"nm":"변형"}],"nm":"그룹 1","np":2,"cix":2,"bm":0,"ix":1,"mn":"ADBE Vector Group","hd":false},{"ty":"gr","it":[{"ind":0,"ty":"sh","ix":1,"ks":{"a":0,"k":{"i":[[21.522,37.597],[-15.613,-31.588]],"o":[[-21.076,27.807],[33.2,-40.433]],"v":[[0.495,-59.257],[-7.363,68.496]],"c":true},"ix":2},"nm":"패스 1","mn":"ADBE Vector Shape - Group","hd":false},{"ind":1,"ty":"sh","ix":2,"ks":{"a":0,"k":{"i":[[-0.049,0.011],[0.049,5.468],[-1.402,8.745],[-4.488,12.808],[-9.013,8.179],[-4.08,3.417],[-1.879,-4.299],[-0.902,-0.547],[-0.707,-4.792],[-0.986,-2.531],[-4.372,-10.86],[1.359,-18.316],[0.521,-5.791],[4.542,-7.915],[6.343,-7.267],[6.661,-0.284],[5.655,-1.261],[1.549,3.16],[3.193,13.517],[0.132,1.432]],"o":[[-0.482,-5.464],[-0.082,-8.932],[2.157,-13.462],[3.751,-10.703],[3.952,-3.586],[2.956,-2.476],[0.356,0.813],[3.348,2.028],[0.368,2.489],[4.251,10.91],[7.08,17.586],[-0.429,5.782],[-0.869,9.661],[-4.777,8.324],[-3.713,4.254],[-5.613,0.24],[-1.481,0.33],[-6.198,-12.644],[-0.327,-1.387],[0.049,-0.011]],"v":[[-38.043,35.281],[-39.408,18.888],[-38.622,-7.88],[-29.475,-47.773],[-13.152,-78.056],[-1.665,-89.212],[6.276,-87.347],[8.841,-85.565],[16.305,-77.135],[20.62,-70.121],[32.943,-37.223],[38.346,16.978],[34.053,34.102],[24.37,60.021],[9.444,84.703],[-5.768,91.448],[-20.309,87.831],[-26.673,79.723],[-37.768,39.604],[-38.19,35.313]],"c":true},"ix":2},"nm":"패스 2","mn":"ADBE Vector Shape - Group","hd":false},{"ty":"mm","mm":1,"nm":"패스 병합 1","mn":"ADBE Vector Filter - Merge","hd":false},{"ty":"fl","c":{"a":0,"k":[0,0,0,1],"ix":4},"o":{"a":0,"k":100,"ix":5},"r":1,"bm":0,"nm":"칠 1","mn":"ADBE Vector Graphic - Fill","hd":false},{"ty":"tr","p":{"a":0,"k":[487.601,349.549],"ix":2},"a":{"a":0,"k":[0,0],"ix":1},"s":{"a":0,"k":[100,100],"ix":3},"r":{"a":0,"k":0,"ix":6},"o":{"a":0,"k":100,"ix":7},"sk":{"a":0,"k":0,"ix":4},"sa":{"a":0,"k":0,"ix":5},"nm":"변형"}],"nm":"그룹 2","np":4,"cix":2,"bm":0,"ix":2,"mn":"ADBE Vector Group","hd":false}],"ip":0,"op":90.0000036657751,"st":0,"bm":0},{"ddd":0,"ind":4,"ty":4,"nm":"갈퀴 윤곽선","sr":1,"ks":{"o":{"a":0,"k":100,"ix":11},"r":{"a":0,"k":0,"ix":10},"p":{"a":0,"k":[526.43,627.148,0],"ix":2},"a":{"a":0,"k":[526.43,627.148,0],"ix":1},"s":{"a":1,"k":[{"i":{"x":[0.833,0.833,0.833],"y":[0.833,0.833,0.833]},"o":{"x":[0.167,0.167,0.167],"y":[0.167,0.167,0.167]},"t":23,"s":[100,92,100]},{"i":{"x":[0.833,0.833,0.833],"y":[0.833,0.833,0.833]},"o":{"x":[0.167,0.167,0.167],"y":[0.167,0.167,0.167]},"t":33,"s":[102,98,100]},{"i":{"x":[0.833,0.833,0.833],"y":[0.833,0.833,0.833]},"o":{"x":[0.167,0.167,0.167],"y":[0.167,0.167,0.167]},"t":43,"s":[100,92,100]},{"i":{"x":[0.833,0.833,0.833],"y":[0.833,0.833,0.833]},"o":{"x":[0.167,0.167,0.167],"y":[0.167,0.167,0.167]},"t":70,"s":[100,92,100]},{"i":{"x":[0.833,0.833,0.833],"y":[0.833,0.833,0.833]},"o":{"x":[0.167,0.167,0.167],"y":[0.167,0.167,0.167]},"t":80,"s":[102,98,100]},{"t":90.0000036657751,"s":[100,92,100]}],"ix":6}},"ao":0,"shapes":[{"ty":"gr","it":[{"ind":0,"ty":"sh","ix":1,"ks":{"a":0,"k":{"i":[[-4.802,-1.385],[8.31,-5.925],[-0.225,-6.067],[-6.832,0.484],[-8.754,0.719],[-8.411,-2.348],[0.637,-2.987],[3.169,-3.253],[2.454,-2.313],[-0.615,-1.249],[-6.733,-0.475],[-7.26,1.146],[-6.132,0.757],[0.239,-2.998],[4.322,-6.18],[15.545,-6.768],[10.149,-1.976],[11.356,-1.086],[9.22,0.984],[13.317,2.425],[10.882,4.139],[2.415,1.136],[6.248,2.539],[12.257,7.958],[5.53,4.711],[5.552,9.113],[2.702,5.783],[0.98,4.176],[4.704,11.153],[-4.059,11.76],[-9.12,11.123],[-6.001,4.322],[-7.943,5.303],[-19.981,0.46],[-2.5,-1.266],[3.023,-4.422],[2.756,-4.004],[-9.961,-1.495],[-5.988,1.202],[-6.53,0.708],[-5.585,0],[5.02,-4.249],[5.773,-4.645],[-1.458,-2.929],[-8.26,2.569],[-14.81,-2.578],[2.64,-4.064],[7.594,-4.628],[1.919,-5.237],[-2.181,-2.633],[-2.971,0.466],[-6.536,1.401],[-4.612,-0.047],[-9.012,-0.869]],"o":[[-2.684,12.646],[-4.61,3.288],[0.252,6.799],[8.767,-0.62],[8.921,-0.733],[2.995,0.836],[-1.166,5.473],[-2.335,2.396],[-1.345,1.268],[1.493,3.031],[8.572,9.046],[6.119,-0.967],[4.443,-0.549],[-0.6,7.51],[-9.98,14.268],[-9.591,4.176],[-11.191,2.179],[-9.308,0.891],[-13.425,-1.432],[-11.49,-2.093],[-2.547,-0.968],[-6.132,-2.885],[-13.765,-5.594],[-6.015,-3.905],[-8.214,-7],[-3.345,-5.489],[-1.763,-3.771],[-2.803,-11.941],[-5.566,-13.192],[4.78,-13.845],[4.832,-5.894],[7.667,-5.521],[16.313,-10.891],[2.787,-0.064],[3.661,1.856],[-2.743,4.012],[-7.429,10.792],[5.612,0.843],[6.449,-1.293],[4.733,-0.513],[-1.922,7.543],[-5.653,4.786],[-2.25,1.811],[3.723,7.482],[14.162,-4.406],[4.903,0.854],[-4.961,7.639],[-5.19,3.164],[-1.058,2.889],[1.797,2.17],[6.57,-1.031],[4.492,-0.963],[9.064,0.093],[4.631,0.446]],"v":[[102.791,-8.861],[82.197,14.489],[74.298,27.74],[85.974,37.348],[112.346,36.518],[138.03,40.069],[140.445,45.057],[131.187,55.276],[122.882,61.208],[120.789,66.724],[124.998,75.937],[146.877,73.066],[165.093,69.311],[169.688,75.908],[162.057,96.509],[122.091,125.608],[92.448,134.812],[58.532,139.532],[30.487,140.391],[-9.498,133.396],[-42.82,123.323],[-51.031,121.95],[-69.012,112.433],[-106.609,89.76],[-122.845,75.251],[-142.765,50.554],[-152.734,34.075],[-155.372,21.517],[-164.361,-14.098],[-161.569,-50.197],[-138.852,-86.498],[-123.888,-103.675],[-101.859,-121.365],[-48.811,-141.311],[-40.458,-139.306],[-39.555,-127.243],[-47.974,-115.337],[-39.702,-96.019],[-21.909,-99.77],[-2.446,-103.034],[12.705,-103.134],[3.185,-85.632],[-14.13,-71.693],[-15.965,-60.388],[0.891,-53.638],[44.262,-57.479],[46.96,-51.63],[27.472,-33.818],[16.369,-21.051],[19.213,-10.521],[28.491,-7.514],[47.885,-12.653],[61.709,-13.844],[88.88,-12.717]],"c":true},"ix":2},"nm":"패스 1","mn":"ADBE Vector Shape - Group","hd":false},{"ty":"fl","c":{"a":0,"k":[0.187999994615,0.187999994615,0.187999994615,1],"ix":4},"o":{"a":0,"k":100,"ix":5},"r":1,"bm":0,"nm":"칠 1","mn":"ADBE Vector Graphic - Fill","hd":false},{"ty":"tr","p":{"a":0,"k":[716.094,464.128],"ix":2},"a":{"a":0,"k":[0,0],"ix":1},"s":{"a":0,"k":[100,100],"ix":3},"r":{"a":0,"k":0,"ix":6},"o":{"a":0,"k":100,"ix":7},"sk":{"a":0,"k":0,"ix":4},"sa":{"a":0,"k":0,"ix":5},"nm":"변형"}],"nm":"그룹 1","np":2,"cix":2,"bm":0,"ix":1,"mn":"ADBE Vector Group","hd":false},{"ty":"gr","it":[{"ind":0,"ty":"sh","ix":1,"ks":{"a":0,"k":{"i":[[-2.684,12.646],[4.631,0.446],[9.064,0.093],[4.492,-0.963],[6.57,-1.031],[1.797,2.17],[-1.058,2.889],[-5.19,3.164],[-4.961,7.639],[4.903,0.854],[14.162,-4.406],[3.723,7.482],[-2.25,1.811],[-5.653,4.786],[-1.922,7.543],[4.733,-0.513],[6.449,-1.293],[5.612,0.843],[-7.429,10.792],[-2.743,4.012],[3.661,1.856],[2.787,-0.064],[16.313,-10.891],[7.667,-5.521],[4.832,-5.894],[4.78,-13.845],[-5.566,-13.192],[-2.803,-11.941],[-1.763,-3.771],[-3.345,-5.489],[-8.214,-7],[-6.015,-3.905],[-13.765,-5.594],[-6.132,-2.885],[-2.547,-0.968],[-11.49,-2.093],[-13.425,-1.432],[-9.308,0.891],[-11.191,2.179],[-9.591,4.176],[-9.98,14.268],[-0.6,7.51],[4.443,-0.549],[6.119,-0.967],[8.572,9.046],[1.493,3.031],[-1.345,1.268],[-2.335,2.396],[-1.166,5.473],[2.995,0.836],[8.921,-0.733],[8.767,-0.62],[0.252,6.799],[-4.61,3.288]],"o":[[-4.802,-1.385],[-9.012,-0.869],[-4.612,-0.047],[-6.536,1.401],[-2.971,0.466],[-2.181,-2.633],[1.919,-5.237],[7.594,-4.628],[2.64,-4.064],[-14.81,-2.578],[-8.26,2.569],[-1.458,-2.929],[5.773,-4.645],[5.02,-4.249],[-5.585,0],[-6.53,0.708],[-5.988,1.202],[-9.961,-1.495],[2.756,-4.004],[3.023,-4.422],[-2.5,-1.266],[-19.981,0.46],[-7.943,5.303],[-6.001,4.322],[-9.12,11.123],[-4.059,11.76],[4.704,11.153],[0.98,4.176],[2.702,5.783],[5.552,9.113],[5.53,4.711],[12.257,7.958],[6.248,2.539],[2.415,1.136],[10.882,4.139],[13.317,2.425],[9.22,0.984],[11.356,-1.086],[10.149,-1.976],[15.545,-6.768],[4.322,-6.18],[0.239,-2.998],[-6.132,0.757],[-7.26,1.146],[-6.733,-0.475],[-0.615,-1.249],[2.454,-2.313],[3.169,-3.253],[0.637,-2.987],[-8.411,-2.348],[-8.754,0.719],[-6.832,0.484],[-0.225,-6.067],[8.31,-5.925]],"v":[[102.026,-8.061],[88.115,-11.916],[60.944,-13.044],[47.12,-11.853],[27.726,-6.714],[18.448,-9.721],[15.604,-20.25],[26.707,-33.018],[46.195,-50.83],[43.497,-56.679],[0.126,-52.837],[-16.73,-59.587],[-14.895,-70.893],[2.42,-84.832],[11.94,-102.333],[-3.211,-102.233],[-22.674,-98.97],[-40.467,-95.218],[-48.739,-114.536],[-40.32,-126.443],[-41.223,-138.505],[-49.576,-140.511],[-102.624,-120.565],[-124.653,-102.874],[-139.617,-85.697],[-162.334,-49.397],[-165.126,-13.297],[-156.137,22.318],[-153.499,34.876],[-143.53,51.355],[-123.61,76.051],[-107.374,90.561],[-69.777,113.233],[-51.796,122.751],[-43.585,124.124],[-10.263,134.197],[29.722,141.191],[57.767,140.332],[91.683,135.613],[121.326,126.408],[161.292,97.31],[168.923,76.709],[164.328,70.111],[146.112,73.866],[124.233,76.738],[120.024,67.525],[122.117,62.009],[130.422,56.077],[139.68,45.858],[137.265,40.87],[111.581,37.319],[85.209,38.149],[73.533,28.54],[81.432,15.29]],"c":true},"ix":2},"nm":"패스 1","mn":"ADBE Vector Shape - Group","hd":false},{"ind":1,"ty":"sh","ix":2,"ks":{"a":0,"k":{"i":[[5.172,-10.379],[-1.052,0.426],[-8.93,-1.807],[-1.681,-11.684],[0.992,-4.087],[1.03,-3.38],[-7.441,-1.704],[-3.68,-6.98],[-0.286,-2.523],[0.75,-2.345],[2.263,-4.997],[-1.519,0.085],[-11.502,-3.972],[-2.563,-10.175],[3.42,-5.085],[-1.015,-4.516],[-7.186,-1.774],[-4.389,-9.633],[-0.889,-4.806],[-5.204,-5.949],[1.044,-6.957],[0.172,-2.044],[7.018,-8.707],[7.214,-5.717],[13.765,-3.853],[8.668,-2.738],[0.65,-0.093],[11.999,-1.435],[5.665,1.83],[6.046,1.358],[5.425,0.959],[9.956,2.931],[11.718,4.409],[7.18,3.941],[12.925,11.457],[7.214,6.472],[4.873,6.689],[3.101,7.463],[1.532,5.603],[1.856,7.796],[1.045,1.729],[-2.195,11.043],[-6.429,10.106],[-3.978,5.257],[-6.521,7.42],[-4.35,4.574],[-0.853,0.407],[-10.521,2.957],[-3.433,2.28],[-1.465,0.489],[-1.222,0.698],[-3.154,1.109],[-12.918,-2.692],[-3.975,-8.136]],"o":[[2.612,0.188],[8.916,-3.616],[11.168,2.26],[0.569,3.957],[-1.014,4.174],[7.392,1.105],[7.364,1.687],[1.128,2.139],[0.296,2.619],[-1.479,4.627],[1.371,0.089],[12.211,-0.686],[8.757,3.025],[1.545,6.131],[-2.17,3.226],[6.759,1.02],[9.689,2.393],[1.741,3.82],[7.411,-1.237],[3.896,4.453],[-0.3,2],[-0.928,11.04],[-5.829,7.233],[-10.978,8.698],[-8.748,2.448],[-0.619,0.196],[-11.965,1.716],[-6.298,0.754],[-6.316,-2.042],[-5.346,-1.2],[-10.249,-1.811],[-11.991,-3.531],[-7.709,-2.901],[-14.868,-8.159],[-7.417,-6.575],[-6.54,-5.866],[-4.667,-6.407],[-2.228,-5.362],[-2.112,-7.725],[-0.489,-2.053],[-6.163,-10.191],[2.285,-11.493],[3.56,-5.596],[5.951,-7.865],[4.164,-4.737],[0.686,-0.722],[9.293,-4.432],[3.708,-1.043],[1.221,-0.811],[1.342,-0.447],[2.966,-1.697],[12.218,-4.293],[8.144,1.697],[3.898,7.976]],"v":[[-18.37,-122.781],[-13.263,-122.481],[13.935,-123.963],[33.814,-104.846],[31.726,-92.45],[28.239,-80.827],[50.746,-77.332],[68.238,-64.84],[69.603,-57.372],[69.948,-49.522],[63.81,-35.565],[68.238,-35.302],[104.087,-31.009],[123.614,-13.088],[121.532,4.629],[116.795,14.524],[138.222,17.894],[161.093,34.452],[163.713,47.696],[183.552,55.694],[190.25,72.464],[190.741,78.676],[179.893,108.959],[160.823,129.306],[123.88,148.861],[97.874,157.056],[95.934,157.389],[60.028,162.449],[41.125,162.975],[22.819,161.644],[6.33,160.027],[-24.222,153.592],[-59.606,141.012],[-82.401,131.49],[-124.933,103.608],[-146.064,83.188],[-161.917,63.603],[-172.246,41.728],[-177.879,25.214],[-183.48,1.837],[-185.119,-4.254],[-189.099,-36.486],[-177.375,-69.424],[-167.113,-86.463],[-148.009,-109.11],[-135.014,-122.881],[-132.848,-124.924],[-107.562,-142.181],[-97.533,-149.296],[-93.097,-150.577],[-89.177,-152.217],[-80.365,-157.415],[-42.596,-162.113],[-21.595,-149.65]],"c":true},"ix":2},"nm":"패스 2","mn":"ADBE Vector Shape - Group","hd":false},{"ty":"mm","mm":1,"nm":"패스 병합 1","mn":"ADBE Vector Filter - Merge","hd":false},{"ty":"fl","c":{"a":0,"k":[0,0,0,1],"ix":4},"o":{"a":0,"k":100,"ix":5},"r":1,"bm":0,"nm":"칠 1","mn":"ADBE Vector Graphic - Fill","hd":false},{"ty":"tr","p":{"a":0,"k":[716.859,463.328],"ix":2},"a":{"a":0,"k":[0,0],"ix":1},"s":{"a":0,"k":[100,100],"ix":3},"r":{"a":0,"k":0,"ix":6},"o":{"a":0,"k":100,"ix":7},"sk":{"a":0,"k":0,"ix":4},"sa":{"a":0,"k":0,"ix":5},"nm":"변형"}],"nm":"그룹 2","np":4,"cix":2,"bm":0,"ix":2,"mn":"ADBE Vector Group","hd":false}],"ip":0,"op":90.0000036657751,"st":0,"bm":0},{"ddd":0,"ind":5,"ty":4,"nm":"꼬리 윤곽선","sr":1,"ks":{"o":{"a":0,"k":100,"ix":11},"r":{"a":0,"k":0,"ix":10},"p":{"a":0,"k":[750,750,0],"ix":2},"a":{"a":0,"k":[750,750,0],"ix":1},"s":{"a":0,"k":[100,100,100],"ix":6}},"ao":0,"shapes":[{"ty":"gr","it":[{"ind":0,"ty":"sh","ix":1,"ks":{"a":0,"k":{"i":[[0.936,0.325],[-5.667,1.539],[-7.492,0.636],[-11.658,-2.365],[-5.329,-2.432],[-7.848,-3.293],[-9.315,-6.383],[-9.818,-8.154],[-8.228,-8.072],[-6.131,-5.364],[-6.266,-7.706],[-0.883,-4.262],[3.827,2.218],[5.717,6.683],[3.51,2.866],[2.769,-2.063],[0.17,-1.866],[-0.011,-4.607],[0.626,-3.863],[5.029,6.868],[17.798,14.719],[8.546,6.365],[14.476,5.978],[7.488,1.557],[9.431,1.472]],"o":[[5.707,-2.691],[7.224,-1.96],[11.873,-1.007],[5.902,1.197],[7.755,3.538],[10.656,4.472],[10.533,7.218],[8.852,7.352],[5.838,5.727],[7.781,6.807],[1.483,1.825],[-5.155,-1.6],[-7.904,-4.582],[1.684,-7.484],[-3.424,-2.797],[-1.219,0.908],[-0.417,4.592],[0.008,3.482],[-5.026,-6.872],[-13.586,-18.552],[-8.187,-6.771],[-12.789,-9.526],[-7.05,-2.91],[-9.331,-1.939],[-0.761,-0.118]],"v":[[-116.869,-56.826],[-100.319,-64.404],[-78.017,-67.899],[-42.907,-64.402],[-26.166,-59.062],[-3.169,-47.872],[25.202,-29.27],[55.889,-6.309],[81.131,17.321],[98.131,35.012],[114.772,59.571],[116.87,68.906],[103.136,64.464],[86.031,44.453],[76.98,34.14],[67.244,36.087],[65.598,41.436],[64.893,55.254],[64.835,66.079],[49.758,45.464],[4.128,-5.846],[-22.019,-24.247],[-64.108,-45.088],[-86.176,-51.537],[-114.452,-56.006]],"c":true},"ix":2},"nm":"패스 1","mn":"ADBE Vector Shape - Group","hd":false},{"ty":"fl","c":{"a":0,"k":[0.187999994615,0.187999994615,0.187999994615,1],"ix":4},"o":{"a":0,"k":100,"ix":5},"r":1,"bm":0,"nm":"칠 1","mn":"ADBE Vector Graphic - Fill","hd":false},{"ty":"tr","p":{"a":0,"k":[1210.116,653.874],"ix":2},"a":{"a":0,"k":[0,0],"ix":1},"s":{"a":0,"k":[100,100],"ix":3},"r":{"a":0,"k":0,"ix":6},"o":{"a":0,"k":100,"ix":7},"sk":{"a":0,"k":0,"ix":4},"sa":{"a":0,"k":0,"ix":5},"nm":"변형"}],"nm":"그룹 1","np":2,"cix":2,"bm":0,"ix":1,"mn":"ADBE Vector Group","hd":false},{"ty":"gr","it":[{"ind":0,"ty":"sh","ix":1,"ks":{"a":0,"k":{"i":[[5.707,-2.691],[-0.761,-0.118],[-9.331,-1.939],[-7.05,-2.91],[-12.789,-9.526],[-8.187,-6.771],[-13.586,-18.552],[-5.026,-6.872],[0.008,3.482],[-0.417,4.592],[-1.219,0.908],[-3.424,-2.797],[1.684,-7.484],[-7.904,-4.582],[-5.155,-1.6],[1.483,1.825],[7.781,6.807],[5.838,5.727],[8.852,7.352],[10.533,7.218],[10.656,4.472],[7.755,3.538],[5.902,1.197],[11.873,-1.007],[7.224,-1.96]],"o":[[0.936,0.325],[9.431,1.472],[7.488,1.557],[14.476,5.978],[8.546,6.365],[17.798,14.719],[5.029,6.868],[0.626,-3.863],[-0.011,-4.607],[0.17,-1.866],[2.769,-2.063],[3.51,2.866],[5.717,6.683],[3.827,2.218],[-0.883,-4.262],[-6.266,-7.706],[-6.131,-5.364],[-8.228,-8.072],[-9.818,-8.154],[-9.315,-6.383],[-7.848,-3.293],[-5.329,-2.432],[-11.658,-2.365],[-7.492,0.636],[-5.667,1.539]],"v":[[-106.825,-63.106],[-104.408,-62.286],[-76.132,-57.817],[-54.064,-51.367],[-11.975,-30.526],[14.172,-12.125],[59.802,39.185],[74.879,59.799],[74.937,48.974],[75.641,35.156],[77.287,29.807],[87.024,27.86],[96.074,38.174],[113.18,58.185],[126.913,62.627],[124.816,53.292],[108.175,28.732],[91.175,11.042],[65.932,-12.589],[35.245,-35.549],[6.875,-54.151],[-16.122,-65.341],[-32.864,-70.682],[-67.974,-74.179],[-90.276,-70.683]],"c":true},"ix":2},"nm":"패스 1","mn":"ADBE Vector Shape - Group","hd":false},{"ind":1,"ty":"sh","ix":2,"ks":{"a":0,"k":{"i":[[0.508,0.199],[3.393,-3.916],[6.276,7.12],[2.61,2.872],[3.19,4.279],[8.599,11.003],[7.221,8.314],[1.832,1.322],[4.763,4.196],[8.048,6.092],[7.819,2.709],[12.704,2.947],[11.664,-0.097],[0.749,0.646],[1.625,1.643],[-4.431,8.082],[-0.989,0.984],[-1.542,0.637],[-1.768,0.908],[-3.964,1.648],[-9.378,2.611],[-10.085,-1.346],[-5.909,-0.83],[-6.398,-1.703],[-6.364,-2.529],[-8.263,-4.655],[-8.534,-5.929],[-4.301,-3.329],[-4.404,-3.623],[-6.894,-6.383],[-3.83,-3.499],[-2.622,-2.627],[-4.856,-5.47],[-0.048,-0.289],[-2.876,-2.928],[-2.799,-5.944],[-1.228,-3.266],[8.118,-6.789],[3.909,-0.032],[7.39,6.21]],"o":[[-2.468,5.192],[-6.242,7.205],[-2.561,-2.906],[-3.582,-3.941],[-8.348,-11.201],[-6.775,-8.668],[-1.472,-1.695],[-5.18,-3.737],[-7.785,-6.856],[-7.071,-5.353],[-12.241,-4.241],[-11.618,-2.695],[-1.062,0.008],[-1.74,-1.5],[-7.155,-7.234],[0.693,-1.265],[1.185,-1.178],[1.865,-0.771],[3.849,-1.977],[9.019,-3.75],[9.324,-2.596],[5.92,0.79],[6.513,0.915],[6.66,1.773],[8.818,3.505],[9.042,5.093],[4.448,3.09],[4.518,3.496],[7.253,5.966],[3.808,3.526],[2.762,2.523],[5.158,5.168],[0.218,0.245],[0.708,4.215],[4.422,4.5],[1.473,3.128],[3.766,10.017],[-2.95,2.468],[-8.802,0.073],[-1.421,-1.195]],"v":[[99.783,75.589],[92.505,90.326],[72.571,89.497],[63.802,81.734],[53.844,69.198],[28.87,35.544],[7.48,10.373],[2.347,5.922],[-13.245,-5.193],[-39.147,-21.117],[-62.422,-31.122],[-100.481,-39.998],[-135.443,-40.896],[-138.585,-41.755],[-143.366,-46.766],[-144.281,-67.32],[-142.052,-71.008],[-137.843,-73.849],[-131.974,-75.487],[-120.699,-81.93],[-93.259,-92.201],[-64.41,-96.185],[-46.384,-95.82],[-27.14,-90.982],[-7.24,-85.424],[18.531,-73.247],[44.74,-56.359],[57.198,-45.807],[71.183,-35.877],[92.363,-17.276],[103.126,-5.984],[112.339,0.56],[127.005,16.872],[127.577,17.667],[134.119,26.951],[143.663,44.062],[146.755,54.075],[140.597,79.789],[129.052,83.755],[103.884,77.286]],"c":true},"ix":2},"nm":"패스 2","mn":"ADBE Vector Shape - Group","hd":false},{"ty":"mm","mm":1,"nm":"패스 병합 1","mn":"ADBE Vector Filter - Merge","hd":false},{"ty":"fl","c":{"a":0,"k":[0,0,0,1],"ix":4},"o":{"a":0,"k":100,"ix":5},"r":1,"bm":0,"nm":"칠 1","mn":"ADBE Vector Graphic - Fill","hd":false},{"ty":"tr","p":{"a":0,"k":[1200.073,660.154],"ix":2},"a":{"a":0,"k":[0,0],"ix":1},"s":{"a":0,"k":[100,100],"ix":3},"r":{"a":0,"k":0,"ix":6},"o":{"a":0,"k":100,"ix":7},"sk":{"a":0,"k":0,"ix":4},"sa":{"a":0,"k":0,"ix":5},"nm":"변형"}],"nm":"그룹 2","np":4,"cix":2,"bm":0,"ix":2,"mn":"ADBE Vector Group","hd":false}],"ip":0,"op":90.0000036657751,"st":0,"bm":0}],"markers":[]}