{"v":"4.8.0","meta":{"g":"LottieFiles AE 3.5.3","a":"","k":"","d":"","tc":""},"fr":29.9700012207031,"ip":0,"op":90.0000036657751,"w":1500,"h":1500,"nm":"판다_Base","ddd":0,"assets":[],"layers":[{"ddd":0,"ind":1,"ty":4,"nm":"얼굴 윤곽선","sr":1,"ks":{"o":{"a":0,"k":100,"ix":11},"r":{"a":0,"k":0,"ix":10},"p":{"a":0,"k":[750,750,0],"ix":2},"a":{"a":0,"k":[750,750,0],"ix":1},"s":{"a":0,"k":[100,100,100],"ix":6}},"ao":0,"shapes":[{"ty":"gr","it":[{"ind":0,"ty":"sh","ix":1,"ks":{"a":0,"k":{"i":[[-0.018,-3.667],[8.965,0.006],[2.442,4.328],[0.169,3.36],[-7.039,-0.311]],"o":[[0.051,10.269],[-4.363,-0.002],[-1.718,-3.045],[-0.343,-6.838],[4.137,0.182]],"v":[[14.503,-1.534],[0.941,14.422],[-10.54,9.469],[-14.211,-0.407],[0.923,-14.117]],"c":true},"ix":2},"nm":"패스 1","mn":"ADBE Vector Shape - Group","hd":false},{"ty":"fl","c":{"a":0,"k":[0,0,0,1],"ix":4},"o":{"a":0,"k":100,"ix":5},"r":1,"bm":0,"nm":"칠 1","mn":"ADBE Vector Graphic - Fill","hd":false},{"ty":"tr","p":{"a":0,"k":[507.699,621.4],"ix":2},"a":{"a":0,"k":[0,0],"ix":1},"s":{"a":0,"k":[100,100],"ix":3},"r":{"a":0,"k":0,"ix":6},"o":{"a":0,"k":100,"ix":7},"sk":{"a":0,"k":0,"ix":4},"sa":{"a":0,"k":0,"ix":5},"nm":"변형"}],"nm":"그룹 1","np":2,"cix":2,"bm":0,"ix":1,"mn":"ADBE Vector Group","hd":false},{"ty":"gr","it":[{"ind":0,"ty":"sh","ix":1,"ks":{"a":0,"k":{"i":[[2.874,-1.282],[0.434,7.899],[0.001,0.164],[-6.254,-3.406],[-0.42,-6.016],[3.917,-3.257]],"o":[[-8.57,-1.364],[-0.009,-0.165],[-0.051,-7.219],[4.305,2.345],[0.37,5.316],[-2.329,1.936]],"v":[[0.152,16.164],[-14.516,1.411],[-14.577,0.918],[4.97,-12.758],[14.259,-0.911],[8.673,12.199]],"c":true},"ix":2},"nm":"패스 1","mn":"ADBE Vector Shape - Group","hd":false},{"ty":"fl","c":{"a":0,"k":[0,0,0,1],"ix":4},"o":{"a":0,"k":100,"ix":5},"r":1,"bm":0,"nm":"칠 1","mn":"ADBE Vector Graphic - Fill","hd":false},{"ty":"tr","p":{"a":0,"k":[389.649,661.768],"ix":2},"a":{"a":0,"k":[0,0],"ix":1},"s":{"a":0,"k":[100,100],"ix":3},"r":{"a":0,"k":0,"ix":6},"o":{"a":0,"k":100,"ix":7},"sk":{"a":0,"k":0,"ix":4},"sa":{"a":0,"k":0,"ix":5},"nm":"변형"}],"nm":"그룹 2","np":2,"cix":2,"bm":0,"ix":2,"mn":"ADBE Vector Group","hd":false},{"ty":"gr","it":[{"ind":0,"ty":"sh","ix":1,"ks":{"a":0,"k":{"i":[[-6.773,-0.465],[-11.52,-5.604],[-7.707,-11.458],[0.791,-13.149],[7.368,-9.27],[14.026,-3.909],[14.442,3.062],[6.472,2.833],[4.568,9.613],[-3.279,14.804],[-5.174,6.462],[-4.747,3.366],[-1.15,0.544]],"o":[[18.144,0.068],[11.967,5.822],[7.009,10.421],[-0.689,11.441],[-8.817,11.092],[-15.358,4.28],[-6.932,-1.469],[-9.851,-4.312],[-6.427,-13.526],[1.643,-7.413],[3.488,-4.356],[1.062,-0.752],[10.327,-4.879]],"v":[[-16.518,-62.02],[25.811,-54.572],[57.236,-30.546],[68.699,4.164],[59.1,36.086],[25.097,58.205],[-18.831,55.297],[-39.202,49.038],[-60.249,27.129],[-66.211,-15.383],[-57.514,-36.46],[-46.739,-49.304],[-43.619,-51.641]],"c":true},"ix":2},"nm":"패스 1","mn":"ADBE Vector Shape - Group","hd":false},{"ty":"fl","c":{"a":0,"k":[0.176470588235,0.172549019608,0.16862745098,1],"ix":4},"o":{"a":0,"k":100,"ix":5},"r":1,"bm":0,"nm":"칠 1","mn":"ADBE Vector Graphic - Fill","hd":false},{"ty":"tr","p":{"a":0,"k":[518.259,606.463],"ix":2},"a":{"a":0,"k":[0,0],"ix":1},"s":{"a":0,"k":[100,100],"ix":3},"r":{"a":0,"k":0,"ix":6},"o":{"a":0,"k":100,"ix":7},"sk":{"a":0,"k":0,"ix":4},"sa":{"a":0,"k":0,"ix":5},"nm":"변형"}],"nm":"그룹 3","np":2,"cix":2,"bm":0,"ix":3,"mn":"ADBE Vector Group","hd":false},{"ty":"gr","it":[{"ind":0,"ty":"sh","ix":1,"ks":{"a":0,"k":{"i":[[-0.183,-0.053],[2.561,-11.13],[3.118,-6.702],[1.968,-4.325],[4.37,-3.928],[9.913,-2.133],[9.915,5.101],[3.055,12.807],[1.551,5.465],[-1.812,5.643],[-0.533,1.848],[-5.198,7.333],[-2.613,4.491],[-10.858,6.47],[-6.863,2.646],[-12.253,-7.431],[-1.427,-17.847],[-0.41,-3.33]],"o":[[-1.879,11.287],[-1.648,7.16],[-2.007,4.315],[-2.564,5.635],[-8.051,7.237],[-10.575,2.276],[-10.67,-5.489],[-1.314,-5.508],[-1.551,-5.463],[0.58,-1.808],[2.305,-7.994],[2.955,-4.17],[6.106,-10.494],[6.402,-3.815],[12.623,-4.867],[15.225,9.232],[0.268,3.342],[0.183,0.054]],"v":[[61.265,-17.776],[55.448,16.044],[47.671,36.841],[39.779,48.914],[28.364,61.779],[0.603,73.974],[-30.779,70.773],[-53.908,45.635],[-59.331,29.461],[-59.453,12.805],[-59.786,6.71],[-52.558,-17.258],[-46.293,-31.625],[-22.863,-58.936],[-3.5,-70.049],[34.566,-68.819],[59.508,-27.928],[60.717,-17.935]],"c":true},"ix":2},"nm":"패스 1","mn":"ADBE Vector Shape - Group","hd":false},{"ty":"fl","c":{"a":0,"k":[0.176470588235,0.172549019608,0.16862745098,1],"ix":4},"o":{"a":0,"k":100,"ix":5},"r":1,"bm":0,"nm":"칠 1","mn":"ADBE Vector Graphic - Fill","hd":false},{"ty":"tr","p":{"a":0,"k":[370.238,666.268],"ix":2},"a":{"a":0,"k":[0,0],"ix":1},"s":{"a":0,"k":[100,100],"ix":3},"r":{"a":0,"k":0,"ix":6},"o":{"a":0,"k":100,"ix":7},"sk":{"a":0,"k":0,"ix":4},"sa":{"a":0,"k":0,"ix":5},"nm":"변형"}],"nm":"그룹 4","np":2,"cix":2,"bm":0,"ix":4,"mn":"ADBE Vector Group","hd":false},{"ty":"gr","it":[{"ind":0,"ty":"sh","ix":1,"ks":{"a":0,"k":{"i":[[18.144,0.068],[10.327,-4.879],[1.062,-0.752],[3.488,-4.356],[1.643,-7.413],[-6.427,-13.526],[-9.851,-4.312],[-6.932,-1.469],[-15.358,4.28],[-8.817,11.092],[-0.689,11.441],[7.009,10.421],[11.967,5.822]],"o":[[-6.773,-0.465],[-1.15,0.544],[-4.747,3.366],[-5.174,6.462],[-3.279,14.804],[4.568,9.613],[6.472,2.833],[14.442,3.062],[14.026,-3.909],[7.368,-9.27],[0.791,-13.149],[-7.707,-11.458],[-11.52,-5.604]],"v":[[53.38,-98.805],[26.279,-88.426],[23.159,-86.089],[12.384,-73.245],[3.686,-52.168],[9.648,-9.656],[30.695,12.253],[51.066,18.512],[94.995,21.42],[128.997,-0.699],[138.596,-32.621],[127.133,-67.331],[95.708,-91.357]],"c":true},"ix":2},"nm":"패스 1","mn":"ADBE Vector Shape - Group","hd":false},{"ind":1,"ty":"sh","ix":2,"ks":{"a":0,"k":{"i":[[-1.88,11.287],[0.182,0.054],[0.267,3.342],[15.225,9.232],[12.624,-4.867],[6.403,-3.815],[6.107,-10.494],[2.955,-4.17],[2.305,-7.994],[0.581,-1.808],[-1.551,-5.463],[-1.314,-5.508],[-10.67,-5.489],[-10.576,2.276],[-8.051,7.237],[-2.564,5.635],[-2.007,4.315],[-1.647,7.161]],"o":[[-0.183,-0.053],[-0.41,-3.33],[-1.428,-17.847],[-12.253,-7.431],[-6.863,2.646],[-10.858,6.47],[-2.613,4.491],[-5.198,7.333],[-0.532,1.848],[-1.811,5.643],[1.551,5.465],[3.055,12.807],[9.916,5.101],[9.912,-2.132],[4.371,-3.928],[1.968,-4.325],[3.118,-6.702],[2.561,-11.13]],"v":[[-16.857,5.244],[-17.405,5.084],[-18.615,-4.909],[-43.557,-45.8],[-81.624,-47.03],[-100.986,-35.917],[-124.417,-8.605],[-130.68,5.761],[-137.909,29.729],[-137.576,35.824],[-137.454,52.481],[-132.03,68.654],[-108.902,93.792],[-77.52,96.994],[-49.759,84.798],[-38.344,71.933],[-30.452,59.861],[-22.676,39.063]],"c":true},"ix":2},"nm":"패스 2","mn":"ADBE Vector Shape - Group","hd":false},{"ty":"mm","mm":1,"nm":"패스 병합 1","mn":"ADBE Vector Filter - Merge","hd":false},{"ty":"fl","c":{"a":0,"k":[0.176470588235,0.172549019608,0.16862745098,1],"ix":4},"o":{"a":0,"k":100,"ix":5},"r":1,"bm":0,"nm":"칠 1","mn":"ADBE Vector Graphic - Fill","hd":false},{"ty":"tr","p":{"a":0,"k":[448.361,643.248],"ix":2},"a":{"a":0,"k":[0,0],"ix":1},"s":{"a":0,"k":[100,100],"ix":3},"r":{"a":0,"k":0,"ix":6},"o":{"a":0,"k":100,"ix":7},"sk":{"a":0,"k":0,"ix":4},"sa":{"a":0,"k":0,"ix":5},"nm":"변형"}],"nm":"그룹 5","np":4,"cix":2,"bm":0,"ix":5,"mn":"ADBE Vector Group","hd":false},{"ty":"gr","it":[{"ind":0,"ty":"sh","ix":1,"ks":{"a":0,"k":{"i":[[16.562,-0.263],[2.124,11.297],[-6.174,5.856],[-12.086,0.655],[0.429,-13.016],[0.551,-0.974]],"o":[[-13.755,0.127],[-1.361,-7.24],[8.76,-8.308],[14.118,-0.764],[-0.037,1.121],[-7.118,12.598]],"v":[[-7.45,25.929],[-30.022,7.56],[-23.07,-13.402],[7.901,-25.292],[30.954,-1.511],[30.03,1.806]],"c":true},"ix":2},"nm":"패스 1","mn":"ADBE Vector Shape - Group","hd":false},{"ty":"fl","c":{"a":0,"k":[0,0,0,1],"ix":4},"o":{"a":0,"k":100,"ix":5},"r":1,"bm":0,"nm":"칠 1","mn":"ADBE Vector Graphic - Fill","hd":false},{"ty":"tr","p":{"a":0,"k":[462.274,686.983],"ix":2},"a":{"a":0,"k":[0,0],"ix":1},"s":{"a":0,"k":[100,100],"ix":3},"r":{"a":0,"k":0,"ix":6},"o":{"a":0,"k":100,"ix":7},"sk":{"a":0,"k":0,"ix":4},"sa":{"a":0,"k":0,"ix":5},"nm":"변형"}],"nm":"그룹 6","np":2,"cix":2,"bm":0,"ix":6,"mn":"ADBE Vector Group","hd":false},{"ty":"gr","it":[{"ind":0,"ty":"sh","ix":1,"ks":{"a":0,"k":{"i":[[0.051,10.269],[4.137,0.182],[-0.343,-6.838],[-1.718,-3.045],[-4.363,-0.002]],"o":[[-0.018,-3.667],[-7.039,-0.311],[0.169,3.36],[2.442,4.328],[8.965,0.006]],"v":[[63.068,-51.966],[49.487,-64.549],[34.353,-50.839],[38.025,-40.963],[49.505,-36.01]],"c":true},"ix":2},"nm":"패스 1","mn":"ADBE Vector Shape - Group","hd":false},{"ind":1,"ty":"sh","ix":2,"ks":{"a":0,"k":{"i":[[-8.571,-1.364],[-2.33,1.936],[0.371,5.316],[4.305,2.345],[-0.05,-7.218],[-0.009,-0.166]],"o":[[2.873,-1.282],[3.917,-3.257],[-0.419,-6.017],[-6.254,-3.406],[0.002,0.165],[0.435,7.898]],"v":[[-69.333,6.1],[-60.812,2.135],[-55.228,-10.975],[-64.516,-22.822],[-84.064,-9.147],[-84.001,-8.653]],"c":true},"ix":2},"nm":"패스 2","mn":"ADBE Vector Shape - Group","hd":false},{"ind":2,"ty":"sh","ix":3,"ks":{"a":0,"k":{"i":[[-13.755,0.127],[-7.118,12.598],[-0.037,1.12],[14.119,-0.765],[8.76,-8.308],[-1.361,-7.24]],"o":[[16.561,-0.263],[0.551,-0.975],[0.429,-13.017],[-12.085,0.654],[-6.175,5.856],[2.124,11.298]],"v":[[-4.31,41.08],[33.171,16.958],[34.094,13.641],[11.04,-10.14],[-19.93,1.749],[-26.882,22.711]],"c":true},"ix":2},"nm":"패스 3","mn":"ADBE Vector Shape - Group","hd":false},{"ind":3,"ty":"sh","ix":4,"ks":{"a":0,"k":{"i":[[-0.045,-0.356],[-3.248,0.758],[-4.537,0.884],[-6.974,0.505],[-7.338,-0.147],[-6.727,-0.619],[-5.121,-0.655],[-21.46,-6.119],[-8.354,-3.066],[-2.628,-0.561],[-0.467,-0.517],[-7.713,-2.458],[-1.462,-1.058],[-9.683,-7.572],[-4.206,-4.548],[-3.358,-4.613],[-2.644,-5.267],[-6.438,-11.802],[-2.168,-4.368],[-2.498,-10.96],[-0.115,-8.866],[3.754,-15.123],[3.194,-8.109],[12.742,-11.086],[9.859,-6.543],[8.614,-4.279],[9.834,-4.5],[6.535,-1.19],[9.289,1.525],[0.871,-0.415],[7.662,-3.047],[3.958,-0.595],[10.263,-1.293],[5.893,-0.273],[9.947,0.557],[15.916,3.594],[9.668,4.313],[2.071,0.407],[0.484,0.308],[12.375,7.884],[7.67,8.566],[4.736,10.149],[3.4,10.223],[2.858,14.913],[-0.07,12.182],[-4.113,12.803],[-1.212,4.271],[-1.457,3.747],[-1.643,3.751],[-0.916,2.204],[-7.941,11.146],[-9.617,9.245],[-7.566,5.959],[-16.932,7.65],[-8.122,3.276],[-2.312,1.492]],"o":[[3.273,-0.652],[4.508,-1.051],[6.892,-1.342],[7.293,-0.528],[6.769,0.136],[5.125,0.472],[22.269,2.845],[8.522,2.43],[2.49,0.913],[0.74,0.158],[5.611,6.216],[1.517,0.483],[9.968,7.213],[4.821,3.771],[3.898,4.214],[3.455,4.746],[6.038,12.027],[2.55,4.675],[5.204,10.486],[1.914,8.4],[0.205,15.865],[-2.077,8.367],[-6.289,15.966],[-8.905,7.748],[-8.01,5.316],[-9.676,4.807],[-6.288,2.879],[-8.62,1.569],[-0.871,-0.144],[-7.459,3.562],[-3.591,1.427],[-10.234,1.539],[-5.832,0.735],[-10.006,0.464],[-16.101,-0.903],[-10.445,-2.358],[-1.886,-0.841],[-0.64,-0.126],[-12.376,-7.882],[-9.791,-6.236],[-7.304,-8.157],[-4.598,-9.856],[-4.785,-14.388],[-2.3,-12.004],[0.076,-13.165],[1.352,-4.21],[1.091,-3.842],[1.487,-3.823],[0.961,-2.193],[5.271,-12.681],[7.736,-10.86],[6.973,-6.703],[14.752,-11.62],[7.967,-3.599],[2.506,-1.011],[0.045,0.356]],"v":[[-75.526,-198.283],[-65.712,-200.259],[-52.233,-203.591],[-31.451,-206.982],[-9.444,-206.796],[10.85,-206.157],[26.09,-203.272],[91.169,-187.626],[116.109,-178.126],[123.999,-176.521],[126.105,-175.624],[146.84,-164.136],[150.615,-160.189],[180.566,-138.625],[193.35,-125.17],[204.866,-112.383],[213.777,-97.098],[231.641,-60.899],[236.141,-46.634],[242.799,-13.566],[242.82,12.948],[235.009,59.071],[225.288,83.311],[196.037,123.617],[167.413,144.639],[142.344,158.992],[112.701,172.177],[94.048,181.049],[68.694,187.249],[65.893,188.026],[43.487,198.627],[31.615,200.156],[0.932,204.878],[-16.738,205.697],[-46.745,206.953],[-94.897,201.751],[-124.777,191.415],[-130.944,190.037],[-132.893,189.883],[-169.966,166.148],[-196.318,143.897],[-215.456,117.098],[-229.642,87.749],[-240.767,43.538],[-244.643,7.006],[-239.31,-32.271],[-236.736,-45.381],[-232.225,-56.557],[-227.93,-68.088],[-224.085,-74.246],[-203.531,-109.48],[-177.686,-139.673],[-155.488,-158.097],[-107.167,-185.559],[-82.628,-194.951],[-75.661,-199.351]],"c":true},"ix":2},"nm":"패스 4","mn":"ADBE Vector Shape - Group","hd":false},{"ty":"mm","mm":1,"nm":"패스 병합 1","mn":"ADBE Vector Filter - Merge","hd":false},{"ty":"fl","c":{"a":0,"k":[1,1,1,1],"ix":4},"o":{"a":0,"k":100,"ix":5},"r":1,"bm":0,"nm":"칠 1","mn":"ADBE Vector Graphic - Fill","hd":false},{"ty":"tr","p":{"a":0,"k":[459.134,671.832],"ix":2},"a":{"a":0,"k":[0,0],"ix":1},"s":{"a":0,"k":[100,100],"ix":3},"r":{"a":0,"k":0,"ix":6},"o":{"a":0,"k":100,"ix":7},"sk":{"a":0,"k":0,"ix":4},"sa":{"a":0,"k":0,"ix":5},"nm":"변형"}],"nm":"그룹 7","np":6,"cix":2,"bm":0,"ix":7,"mn":"ADBE Vector Group","hd":false},{"ty":"gr","it":[{"ind":0,"ty":"sh","ix":1,"ks":{"a":0,"k":{"i":[[3.273,-0.651],[0.045,0.355],[2.506,-1.01],[7.967,-3.599],[14.753,-11.62],[6.973,-6.703],[7.737,-10.86],[5.271,-12.681],[0.961,-2.194],[1.487,-3.824],[1.09,-3.842],[1.352,-4.21],[0.076,-13.165],[-2.3,-12.004],[-4.785,-14.389],[-4.599,-9.856],[-7.304,-8.157],[-9.79,-6.237],[-12.376,-7.883],[-0.64,-0.126],[-1.887,-0.842],[-10.445,-2.358],[-16.101,-0.902],[-10.007,0.464],[-5.832,0.734],[-10.234,1.539],[-3.591,1.427],[-7.459,3.562],[-0.871,-0.143],[-8.62,1.57],[-6.288,2.878],[-9.676,4.807],[-8.01,5.315],[-8.905,7.747],[-6.288,15.966],[-2.078,8.368],[0.205,15.866],[1.914,8.4],[5.205,10.486],[2.55,4.675],[6.038,12.027],[3.456,4.746],[3.898,4.215],[4.821,3.77],[9.969,7.214],[1.517,0.483],[5.611,6.217],[0.741,0.159],[2.49,0.914],[8.521,2.43],[22.27,2.846],[5.124,0.472],[6.769,0.136],[7.293,-0.529],[6.892,-1.342],[4.508,-1.051]],"o":[[-0.045,-0.356],[-2.312,1.491],[-8.123,3.276],[-16.932,7.65],[-7.565,5.959],[-9.617,9.244],[-7.94,11.147],[-0.916,2.205],[-1.643,3.751],[-1.457,3.746],[-1.213,4.27],[-4.113,12.803],[-0.07,12.183],[2.858,14.913],[3.399,10.222],[4.736,10.149],[7.67,8.567],[12.376,7.884],[0.484,0.308],[2.071,0.407],[9.668,4.312],[15.916,3.594],[9.947,0.558],[5.893,-0.273],[10.263,-1.293],[3.958,-0.596],[7.661,-3.047],[0.871,-0.416],[9.289,1.526],[6.535,-1.19],[9.834,-4.501],[8.613,-4.28],[9.859,-6.543],[12.741,-11.086],[3.194,-8.109],[3.754,-15.123],[-0.115,-8.866],[-2.498,-10.959],[-2.168,-4.369],[-6.438,-11.801],[-2.644,-5.267],[-3.358,-4.613],[-4.206,-4.548],[-9.683,-7.573],[-1.461,-1.058],[-7.714,-2.457],[-0.467,-0.517],[-2.627,-0.561],[-8.354,-3.066],[-21.46,-6.119],[-5.12,-0.654],[-6.727,-0.62],[-7.338,-0.148],[-6.975,0.505],[-4.537,0.884],[-3.248,0.757]],"v":[[-75.357,-198.398],[-75.493,-199.464],[-82.459,-195.065],[-106.998,-185.673],[-155.321,-158.211],[-177.518,-139.786],[-203.364,-109.594],[-223.916,-74.36],[-227.761,-68.201],[-232.057,-56.67],[-236.568,-45.495],[-239.142,-32.385],[-244.475,6.891],[-240.599,43.425],[-229.474,87.635],[-215.287,116.984],[-196.149,143.782],[-169.798,166.034],[-132.725,189.769],[-130.776,189.924],[-124.609,191.302],[-94.729,201.636],[-46.576,206.839],[-16.57,205.583],[1.101,204.764],[31.784,200.042],[43.656,198.513],[66.062,187.912],[68.863,187.135],[94.217,180.935],[112.869,172.063],[142.512,158.878],[167.582,144.526],[196.206,123.503],[225.456,83.196],[235.178,58.956],[242.989,12.834],[242.968,-13.68],[236.308,-46.747],[231.809,-61.013],[213.946,-97.212],[205.034,-112.497],[193.519,-125.284],[180.735,-138.738],[150.782,-160.303],[147.009,-164.25],[126.274,-175.738],[124.167,-176.635],[116.278,-178.24],[91.338,-187.74],[26.258,-203.386],[11.019,-206.27],[-9.275,-206.909],[-31.282,-207.096],[-52.064,-203.706],[-65.543,-200.372]],"c":true},"ix":2},"nm":"패스 1","mn":"ADBE Vector Shape - Group","hd":false},{"ind":1,"ty":"sh","ix":2,"ks":{"a":0,"k":{"i":[[0.323,0.281],[-3.651,3.533],[-4.69,3.654],[-2.2,0.978],[-0.336,0.819],[-5.482,3.922],[-6.887,3.292],[-9.285,3.84],[-5.384,1.655],[-8.127,2.045],[-4.624,0.979],[-4.913,0.338],[-7.293,-0.026],[-4.083,-0.223],[-4.289,-0.385],[-3.173,-0.306],[-4.201,-0.802],[-12.656,-3.06],[-9.834,-3.646],[-17.146,-11.093],[-5.317,-4.185],[-9.221,-9.453],[-6.803,-10.844],[-7.477,-15.224],[-2.018,-6.999],[0.016,-2.214],[-0.444,-0.667],[-0.921,-10.469],[2.59,-12.701],[2.358,-10.671],[2.742,-6.43],[4.585,-8.247],[9.146,-9.039],[11.082,-6.637],[8.68,-4.511],[8.572,-4.011],[13.441,-5.437],[8.925,-2.851],[8.555,-1.761],[12.052,-1.314],[12.137,-0.574],[6.02,0.073],[7.057,0.779],[12.49,5.107],[7.84,3.193],[7.713,4.862],[13.51,10.137],[4.51,7.289],[3.205,6.589],[4.182,14.28],[-0.088,5.335],[0.727,2.684],[1.793,11.308],[0.199,11.343],[-1.421,8.194],[-3.238,10.839],[-2.834,6.976],[-1.385,2.947],[-4.887,7.541],[-8.879,12.044],[-1.603,0.783]],"o":[[3.398,-3.795],[4.273,-4.134],[1.831,-1.427],[1.019,-0.453],[2.949,-7.205],[6.226,-4.454],[9.046,-4.325],[5.244,-2.169],[7.996,-2.457],[4.591,-1.156],[4.823,-1.022],[7.275,-0.502],[4.075,0.014],[4.309,0.236],[3.172,0.284],[4.303,0.415],[12.791,2.44],[10.221,2.472],[18.922,7.016],[5.728,3.707],[10.409,8.195],[8.962,9.187],[8.994,14.337],[3.181,6.477],[0.589,2.041],[-0.007,0.97],[6.273,9.427],[1.12,12.722],[-2.184,10.717],[-1.498,6.781],[-3.708,8.697],[-6.165,11.088],[-9.252,9.143],[-8.371,5.013],[-8.409,4.37],[-13.132,6.146],[-8.672,3.508],[-8.351,2.667],[-11.873,2.444],[-12.068,1.316],[-6.005,0.283],[-7.133,-0.087],[-13.055,-1.442],[-7.834,-3.203],[-8.476,-3.453],[-14.293,-9.01],[-6.971,-5.23],[-3.865,-6.246],[-6.377,-13.111],[-1.424,-4.862],[0.042,-2.551],[-3.006,-11.099],[-1.771,-11.163],[-0.147,-8.346],[1.931,-11.138],[2.143,-7.173],[1.232,-3.031],[3.848,-8.189],[8.129,-12.543],[0.938,-1.273],[-0.323,-0.281]],"v":[[-202.639,-145.396],[-192.392,-156.725],[-178.89,-168.404],[-172.285,-171.263],[-169.444,-172.956],[-153.568,-185.656],[-133.956,-197.669],[-106.055,-209.052],[-90.472,-215.884],[-66.073,-221.919],[-52.378,-225.69],[-37.728,-227.852],[-15.851,-228.513],[-3.628,-227.43],[9.316,-227.105],[18.739,-225.208],[31.707,-224.675],[69.912,-216.493],[100.264,-207.872],[155.519,-183.221],[173.047,-172.662],[203.17,-146.732],[227.382,-116.651],[251.353,-71.773],[258.194,-51.034],[258.245,-44.417],[258.269,-41.549],[264.975,-10.651],[263.298,27.575],[257.817,59.941],[250.788,79.708],[238.748,105.393],[215.748,135.466],[185.735,159.708],[159.598,173.039],[134.5,186.393],[94.624,203.794],[68.015,212.842],[42.796,220.276],[6.834,225.88],[-29.539,228.255],[-47.599,228.144],[-68.983,227.719],[-107.744,220.641],[-131.895,212.615],[-156.592,200.547],[-198.438,171.914],[-216.834,153.151],[-229.941,136.107],[-248.673,96.547],[-252.188,81.956],[-255.35,74.229],[-263.752,40.792],[-265.948,6.826],[-264.441,-18.211],[-256.467,-51.226],[-247.869,-72.099],[-244.608,-81.365],[-232.502,-105.635],[-206.391,-142.138],[-201.671,-144.552]],"c":true},"ix":2},"nm":"패스 2","mn":"ADBE Vector Shape - Group","hd":false},{"ty":"mm","mm":1,"nm":"패스 병합 1","mn":"ADBE Vector Filter - Merge","hd":false},{"ty":"fl","c":{"a":0,"k":[0,0,0,1],"ix":4},"o":{"a":0,"k":100,"ix":5},"r":1,"bm":0,"nm":"칠 1","mn":"ADBE Vector Graphic - Fill","hd":false},{"ty":"tr","p":{"a":0,"k":[458.966,671.946],"ix":2},"a":{"a":0,"k":[0,0],"ix":1},"s":{"a":0,"k":[100,100],"ix":3},"r":{"a":0,"k":0,"ix":6},"o":{"a":0,"k":100,"ix":7},"sk":{"a":0,"k":0,"ix":4},"sa":{"a":0,"k":0,"ix":5},"nm":"변형"}],"nm":"그룹 8","np":4,"cix":2,"bm":0,"ix":8,"mn":"ADBE Vector Group","hd":false}],"ip":0,"op":90.0000036657751,"st":0,"bm":0},{"ddd":0,"ind":2,"ty":4,"nm":"왼쪽귀 윤곽선","sr":1,"ks":{"o":{"a":0,"k":100,"ix":11},"r":{"a":1,"k":[{"i":{"x":[0.833],"y":[0.833]},"o":{"x":[0.167],"y":[0.167]},"t":30,"s":[0]},{"i":{"x":[0.833],"y":[0.833]},"o":{"x":[0.167],"y":[0.167]},"t":50,"s":[10]},{"t":70.0000028511585,"s":[0]}],"ix":10},"p":{"a":0,"k":[250.138,573.093,0],"ix":2},"a":{"a":0,"k":[250.138,573.093,0],"ix":1},"s":{"a":0,"k":[100,100,100],"ix":6}},"ao":0,"shapes":[{"ty":"gr","it":[{"ind":0,"ty":"sh","ix":1,"ks":{"a":0,"k":{"i":[[-0.407,0.483],[-0.687,-1.59],[5.711,-12.386],[4.221,-6.023],[9.217,-4.259],[0.977,0.142],[4.486,0.798],[0.181,0.299],[4.257,-1.626],[8.392,-1.925],[7.293,5.106],[3.202,2.441],[2.433,8.971],[-0.143,6.013],[-4.301,9.623],[-1.207,3.221],[-2.371,4.589],[-1.596,2.36],[-10.254,5.094],[-6.255,1.243],[-7.705,-0.102],[-5.226,-1.561],[-5.847,-5.396],[-1.032,-3.261],[-2.595,-6.949],[-2.029,-3.118],[-0.454,-1.421]],"o":[[0.747,1.564],[5.222,12.089],[-3.096,6.715],[-5.811,8.291],[-0.923,0.427],[-4.508,-0.655],[-0.36,-0.064],[-3.61,-5.952],[-8.142,3.109],[-8.001,1.836],[-3.307,-2.314],[-7.374,-5.621],[-1.61,-5.935],[0.235,-9.902],[1.387,-3.103],[1.808,-4.826],[1.3,-2.515],[6.525,-9.652],[5.58,-2.773],[7.664,-1.524],[5.059,0.068],[8.574,2.561],[2.311,2.132],[2.244,7.091],[1.256,3.362],[0.784,1.206],[0.407,-0.483]],"v":[[64.492,-13.501],[66.724,-8.805],[68.062,27.987],[57.495,47.507],[34.297,65.918],[31.238,66.505],[17.759,64.228],[16.772,63.616],[4.293,62.375],[-20.053,71.796],[-43.824,67.573],[-53.977,60.966],[-69.034,39.086],[-72.481,20.977],[-69.472,-8.73],[-67.209,-18.894],[-60.687,-32.954],[-55.973,-40.077],[-30.6,-62.456],[-13.322,-70.119],[9.827,-73.53],[25.518,-70.325],[44.904,-56.098],[49.102,-46.782],[55.5,-25.414],[61.854,-16.279],[63.27,-12.052]],"c":true},"ix":2},"nm":"패스 1","mn":"ADBE Vector Shape - Group","hd":false},{"ty":"fl","c":{"a":0,"k":[0,0,0,1],"ix":4},"o":{"a":0,"k":100,"ix":5},"r":1,"bm":0,"nm":"칠 1","mn":"ADBE Vector Graphic - Fill","hd":false},{"ty":"tr","p":{"a":0,"k":[196.561,539.434],"ix":2},"a":{"a":0,"k":[0,0],"ix":1},"s":{"a":0,"k":[100,100],"ix":3},"r":{"a":0,"k":0,"ix":6},"o":{"a":0,"k":100,"ix":7},"sk":{"a":0,"k":0,"ix":4},"sa":{"a":0,"k":0,"ix":5},"nm":"변형"}],"nm":"그룹 1","np":2,"cix":2,"bm":0,"ix":1,"mn":"ADBE Vector Group","hd":false}],"ip":0,"op":90.0000036657751,"st":0,"bm":0},{"ddd":0,"ind":3,"ty":4,"nm":"오른쪽 귀 윤곽선","sr":1,"ks":{"o":{"a":0,"k":100,"ix":11},"r":{"a":1,"k":[{"i":{"x":[0.833],"y":[0.833]},"o":{"x":[0.167],"y":[0.167]},"t":30,"s":[0]},{"i":{"x":[0.833],"y":[0.833]},"o":{"x":[0.167],"y":[0.167]},"t":50,"s":[-10]},{"t":70.0000028511585,"s":[0]}],"ix":10},"p":{"a":0,"k":[521.767,471.804,0],"ix":2},"a":{"a":0,"k":[521.767,471.804,0],"ix":1},"s":{"a":0,"k":[100,100,100],"ix":6}},"ao":0,"shapes":[{"ty":"gr","it":[{"ind":0,"ty":"sh","ix":1,"ks":{"a":0,"k":{"i":[[-3.412,-0.83],[-3.063,-1.36],[-5.138,-1.491],[-7.313,-6.737],[-3.368,-7.581],[1.164,-13.263],[3.581,-6.88],[7.211,-3.523],[4.536,-5.745],[6.426,-2.046],[9.808,3.778],[12.374,5.945],[3.022,2.703],[1.905,3.57],[-0.884,2.422],[1.275,4.018],[0.554,6.566],[-0.942,6.532],[-6.058,6.987],[-7.559,4.614],[-9.337,2.229],[-3.821,0.041]],"o":[[1.507,-1.961],[4.866,2.162],[9.946,2.887],[6.449,5.94],[5.204,11.717],[-0.683,7.791],[-3.436,6.601],[-6.534,3.191],[-4.501,5.701],[-9.763,3.109],[-12.787,-4.927],[-3.636,-1.747],[-3.076,-2.751],[-0.993,-1.86],[1.596,-4.37],[-2.008,-6.327],[-0.551,-6.528],[1.353,-9.376],[5.407,-6.236],[8.484,-5.18],[3.717,-0.888],[2.41,-0.026]],"v":[[5.133,-73.049],[11.914,-73.407],[27.127,-68.313],[51.167,-51.551],[65.111,-30.688],[71.724,6.585],[67.129,28.956],[51.417,44.016],[34.249,58.232],[18.1,70.105],[-11.943,71.231],[-49.431,54.201],[-59.471,47.225],[-67.536,37.814],[-66.509,30.173],[-67.888,18.182],[-72.337,-1.249],[-71.221,-21.045],[-59.828,-46.141],[-41.012,-62.86],[-14.543,-73.576],[-3.11,-74.941]],"c":true},"ix":2},"nm":"패스 1","mn":"ADBE Vector Shape - Group","hd":false},{"ty":"fl","c":{"a":0,"k":[0,0,0,1],"ix":4},"o":{"a":0,"k":100,"ix":5},"r":1,"bm":0,"nm":"칠 1","mn":"ADBE Vector Graphic - Fill","hd":false},{"ty":"tr","p":{"a":0,"k":[553.795,411.941],"ix":2},"a":{"a":0,"k":[0,0],"ix":1},"s":{"a":0,"k":[100,100],"ix":3},"r":{"a":0,"k":0,"ix":6},"o":{"a":0,"k":100,"ix":7},"sk":{"a":0,"k":0,"ix":4},"sa":{"a":0,"k":0,"ix":5},"nm":"변형"}],"nm":"그룹 1","np":2,"cix":2,"bm":0,"ix":1,"mn":"ADBE Vector Group","hd":false}],"ip":0,"op":90.0000036657751,"st":0,"bm":0},{"ddd":0,"ind":4,"ty":4,"nm":"몸통/판다 윤곽선","sr":1,"ks":{"o":{"a":0,"k":100,"ix":11},"r":{"a":0,"k":0,"ix":10},"p":{"a":0,"k":[750,750,0],"ix":2},"a":{"a":0,"k":[750,750,0],"ix":1},"s":{"a":0,"k":[100,100,100],"ix":6}},"ao":0,"shapes":[{"ty":"gr","it":[{"ind":0,"ty":"sh","ix":1,"ks":{"a":0,"k":{"i":[[-4.26,-11.465],[3.225,12.808],[2.271,12.558],[0.872,8.752],[0.85,9.548],[-0.35,3.06],[-0.973,0.175],[-2.629,0.243],[0.012,-7.687],[-0.835,-13.116],[-5.348,-13.089]],"o":[[-12.803,0.718],[-3.118,-12.384],[-1.559,-8.625],[-0.951,-9.539],[-0.273,-3.065],[0.096,-0.837],[2.584,-0.465],[7.364,-0.681],[-0.022,13.173],[0.873,13.71],[4.579,11.208]],"v":[[19.984,61.549],[-5.792,42.759],[-14.161,5.37],[-16.802,-20.873],[-19.711,-49.484],[-19.488,-58.747],[-16.979,-60.913],[-9.097,-61.587],[0.243,-52.759],[0.276,-13.253],[7.211,27.403]],"c":true},"ix":2},"nm":"패스 1","mn":"ADBE Vector Shape - Group","hd":false},{"ty":"fl","c":{"a":0,"k":[0.196078446332,0.196078446332,0.192156877705,1],"ix":4},"o":{"a":0,"k":100,"ix":5},"r":1,"bm":0,"nm":"칠 1","mn":"ADBE Vector Graphic - Fill","hd":false},{"ty":"tr","p":{"a":0,"k":[1074.843,1120.624],"ix":2},"a":{"a":0,"k":[0,0],"ix":1},"s":{"a":0,"k":[100,100],"ix":3},"r":{"a":0,"k":0,"ix":6},"o":{"a":0,"k":100,"ix":7},"sk":{"a":0,"k":0,"ix":4},"sa":{"a":0,"k":0,"ix":5},"nm":"변형"}],"nm":"그룹 1","np":2,"cix":2,"bm":0,"ix":1,"mn":"ADBE Vector Group","hd":false},{"ty":"gr","it":[{"ind":0,"ty":"sh","ix":1,"ks":{"a":0,"k":{"i":[[1.529,6.599],[-1.726,4.499],[-2.041,1.879],[-2.992,7.574],[-1.198,4.294],[-2.459,12.395],[-1.057,9.236],[0.594,0.986],[-1.615,2.212],[-1.315,2.623],[-5.247,-0.602],[0.493,-12.799],[1.175,-11.8],[2.628,-8.085],[7.251,-5.986],[11.957,1.669]],"o":[[4.86,-0.516],[0.941,-2.454],[6.063,-5.58],[1.662,-4.209],[3.396,-12.178],[1.804,-9.091],[0.15,-1.309],[-1.804,-3.001],[1.174,-1.607],[4.042,0.464],[0,13.277],[-0.456,11.839],[-0.857,8.605],[-2.712,8.347],[-9.637,7.954],[-3.241,-0.453]],"v":[[-32.595,60.095],[-23.171,52.624],[-17.822,46.256],[-4.897,26.224],[1.028,13.985],[10.057,-22.862],[13.478,-50.53],[13.341,-54.46],[14.812,-61.556],[17.989,-67.747],[32.213,-66.115],[32.102,-27.206],[29.225,8.251],[25.622,33.887],[11.844,56.644],[-21.128,66.078]],"c":true},"ix":2},"nm":"패스 1","mn":"ADBE Vector Shape - Group","hd":false},{"ty":"fl","c":{"a":0,"k":[0.196078446332,0.196078446332,0.192156877705,1],"ix":4},"o":{"a":0,"k":100,"ix":5},"r":1,"bm":0,"nm":"칠 1","mn":"ADBE Vector Graphic - Fill","hd":false},{"ty":"tr","p":{"a":0,"k":[671.468,1142.453],"ix":2},"a":{"a":0,"k":[0,0],"ix":1},"s":{"a":0,"k":[100,100],"ix":3},"r":{"a":0,"k":0,"ix":6},"o":{"a":0,"k":100,"ix":7},"sk":{"a":0,"k":0,"ix":4},"sa":{"a":0,"k":0,"ix":5},"nm":"변형"}],"nm":"그룹 2","np":2,"cix":2,"bm":0,"ix":2,"mn":"ADBE Vector Group","hd":false},{"ty":"gr","it":[{"ind":0,"ty":"sh","ix":1,"ks":{"a":0,"k":{"i":[[1.067,5.213],[0.106,7.762],[-0.73,10.968],[2.088,13.291],[0.107,6.743],[-0.291,8.155],[-0.401,5.868],[-0.187,1.996],[-0.55,2.72],[-1.82,7.218],[-2.665,7.747],[-3.367,6.72],[-6.403,9.282],[-8.127,7.967],[-6.699,4.275],[-3.75,1.147],[-5.157,0.017],[-5.485,-2.584],[-3.578,-9.016],[-1.969,-2.895],[-1.459,-7.328],[-0.264,-14.366],[-0.273,-21.284],[-0.109,-3.258],[-0.022,-2.141],[0.391,-7.718],[1.101,-11.126],[1.71,-7.261],[2.488,-6.57],[2.54,-7.271],[7.677,-14.182],[5.925,-6.226],[4.378,-2.397],[6.977,-2.321],[10.23,6.843],[3.458,4.453],[3.743,9.134]],"o":[[-0.686,-8.23],[-0.151,-10.994],[0.908,-13.641],[-1.04,-6.616],[-0.129,-8.163],[0.21,-5.868],[0.138,-2.011],[0.258,-2.739],[1.477,-7.306],[2.002,-7.942],[2.451,-7.128],[5.071,-10.121],[6.462,-9.368],[5.58,-5.47],[3.361,-2.145],[4.971,-1.521],[6.347,-0.022],[8.056,3.795],[1.357,3.42],[4.704,6.913],[2.838,14.251],[0.392,21.282],[0.042,3.252],[0.072,2.13],[0.079,7.751],[-0.565,11.156],[-0.739,7.478],[-1.596,6.774],[-2.729,7.204],[-5.345,15.304],[-4.002,7.393],[-3.472,3.647],[-6.447,3.529],[-11.852,3.942],[-4.972,-3.326],[-6.219,-8.009],[-2.157,-5.263]],"v":[[-72.014,125.854],[-73.887,102.114],[-73.114,69.124],[-77.179,29.077],[-78.043,8.878],[-78.011,-15.615],[-76.38,-33.187],[-77.083,-39.294],[-75.302,-47.418],[-70.891,-69.336],[-63.835,-92.893],[-55.448,-113.902],[-38.872,-143.543],[-16.788,-169.72],[2.854,-183.151],[13.44,-188.721],[28.857,-191.455],[47.739,-189.04],[67.094,-170.797],[70.25,-160.221],[74.533,-138.14],[76.45,-95.073],[77.061,-31.218],[78.231,-21.474],[77.226,-15.042],[77.752,8.201],[74.747,41.603],[72.083,63.965],[64.705,83.679],[56.649,105.339],[37.093,149.678],[20.436,169.304],[8.631,178.85],[-11.647,187.682],[-44.573,181.847],[-55.665,169.128],[-68.446,142.335]],"c":true},"ix":2},"nm":"패스 1","mn":"ADBE Vector Shape - Group","hd":false},{"ty":"fl","c":{"a":0,"k":[0.196078446332,0.196078446332,0.192156877705,1],"ix":4},"o":{"a":0,"k":100,"ix":5},"r":1,"bm":0,"nm":"칠 1","mn":"ADBE Vector Graphic - Fill","hd":false},{"ty":"tr","p":{"a":0,"k":[1170.954,1000.531],"ix":2},"a":{"a":0,"k":[0,0],"ix":1},"s":{"a":0,"k":[100,100],"ix":3},"r":{"a":0,"k":0,"ix":6},"o":{"a":0,"k":100,"ix":7},"sk":{"a":0,"k":0,"ix":4},"sa":{"a":0,"k":0,"ix":5},"nm":"변형"}],"nm":"그룹 3","np":2,"cix":2,"bm":0,"ix":3,"mn":"ADBE Vector Group","hd":false},{"ty":"gr","it":[{"ind":0,"ty":"sh","ix":1,"ks":{"a":0,"k":{"i":[[0,0],[-3.504,1.746],[-2.586,1.222],[-10.209,-2.946],[-6.872,-5.998],[-9.11,-12.358],[-4.396,-11.279],[-2.781,-11.353],[-2.049,-15.608],[-1.496,-11.518],[-3.006,-5.502],[0.179,-3.439],[0.147,-4.886],[0.333,-4.88],[0.708,-10.365],[0.518,-7.619],[0.344,-0.7],[1.48,-10.691],[0.972,-7.158],[2.374,-7.987],[4.124,-9.111],[3.236,-3.997],[11.107,-7.806],[10.656,1.844],[6.735,3.436],[4.719,6.87],[3.441,9.161],[2.111,7.372],[0.877,5.659],[1.266,12.527],[1.077,15.245],[0.986,16.951],[0.425,14.022],[-0.011,12.795],[-0.451,6.037],[-0.156,5.973],[-1.3,10.381],[-3.044,17.003],[-1.893,3.322],[-2.301,2.01],[-1.907,1.778]],"o":[[3.451,-1.852],[2.558,-1.274],[9.664,-4.567],[8.311,2.397],[11.677,10.189],[7.199,9.765],[4.28,10.979],[3.738,15.255],[1.511,11.515],[0.703,5.421],[1.317,2.412],[-0.252,4.877],[-0.146,4.887],[-0.708,10.365],[-0.52,7.619],[-0.056,0.815],[-4.994,10.182],[-0.99,7.156],[-1.129,8.319],[-2.84,9.557],[-2.111,4.663],[-8.525,10.532],[-9.148,6.43],[-7.293,-1.262],[-7.567,-3.86],[-5.668,-8.25],[-2.704,-7.196],[-1.565,-5.467],[-1.931,-12.459],[-1.536,-15.196],[-1.198,-16.94],[-0.815,-14],[-0.388,-12.794],[0.005,-6.024],[0.444,-5.957],[0.274,-10.516],[2.145,-17.124],[0.685,-3.829],[1.417,-2.486],[1.962,-1.715],[0,0]],"v":[[-58.546,-216.118],[-48.18,-221.647],[-40.323,-225.101],[-10.07,-229.339],[12.852,-216.468],[43.236,-182.068],[60.374,-150.348],[72.792,-117.288],[80.704,-70.728],[83.532,-35.959],[85.363,-19.484],[84.15,-9.387],[84.095,5.28],[83.2,19.927],[81.042,51.019],[79.52,73.88],[79.14,76.297],[74.421,108.347],[72.2,129.917],[67.946,154.723],[56.887,182.62],[48.55,195.676],[18.714,222.716],[-11.173,230.442],[-32.199,221.95],[-48.801,204.078],[-61.173,177.515],[-68.938,155.808],[-71.807,138.885],[-77.413,101.484],[-80.511,55.745],[-84.276,4.938],[-85.741,-37.119],[-86.669,-75.505],[-84.914,-93.578],[-84.117,-111.488],[-83.275,-143.016],[-74.748,-194.123],[-71.187,-205.269],[-64.332,-211.251],[-58.6,-216.571]],"c":true},"ix":2},"nm":"패스 1","mn":"ADBE Vector Shape - Group","hd":false},{"ty":"fl","c":{"a":0,"k":[0.196078446332,0.196078446332,0.192156877705,1],"ix":4},"o":{"a":0,"k":100,"ix":5},"r":1,"bm":0,"nm":"칠 1","mn":"ADBE Vector Graphic - Fill","hd":false},{"ty":"tr","p":{"a":0,"k":[588.537,979.835],"ix":2},"a":{"a":0,"k":[0,0],"ix":1},"s":{"a":0,"k":[100,100],"ix":3},"r":{"a":0,"k":0,"ix":6},"o":{"a":0,"k":100,"ix":7},"sk":{"a":0,"k":0,"ix":4},"sa":{"a":0,"k":0,"ix":5},"nm":"변형"}],"nm":"그룹 4","np":2,"cix":2,"bm":0,"ix":4,"mn":"ADBE Vector Group","hd":false},{"ty":"gr","it":[{"ind":0,"ty":"sh","ix":1,"ks":{"a":0,"k":{"i":[[12.133,1.468],[-0.274,6.792],[-0.36,4.019],[-0.142,1.753],[-0.288,4.14],[0.054,2.747],[-0.227,2.593],[-0.235,4.502],[0.141,4.322],[0.711,8.061],[0.97,9.009],[0.766,3.792],[2.731,11.532],[2.206,7.165],[3.211,6.026],[8.847,12.495],[9.722,9.656],[7.028,3.666],[7.685,1.032],[8.444,-3.31],[5.179,-4.739],[1.615,0.251],[-4.012,6.26],[-7.445,9.048],[-8.034,7.94],[-4.734,3.275],[-6.039,2.825],[-11.478,5.629],[-10.637,7.299],[-8.225,1.855],[-17.569,1.643],[-14.816,0.747],[-18.954,0.356],[-12.003,-0.551],[-10.343,-0.969],[-12.24,-1.349],[-11.031,-2.331],[-12.735,-4.474],[-12.897,-3.651],[-13.909,-5.342],[-7.273,-4.368],[-5.107,-4.212],[-6.387,-6.925],[-5.391,-7.922],[-2.942,-6.239],[-3.188,-7.874],[-3.804,-10.346],[-1.581,-4.438],[-0.207,-1.83],[4.235,0.931],[9.986,-3.33],[6.5,-3.407],[7.885,-5.673],[2.834,-3.278],[6.33,-9.494],[5.287,-16.53],[3.825,-14.425],[-0.024,-4.171],[0.06,-9.635],[-0.026,-17.123],[0,-2.853],[3.273,-0.623],[13.189,-2.545],[5.328,-0.72],[9.983,-1.013],[4.937,-0.247],[10.732,-0.895],[13.495,-0.852],[22.554,-0.862],[14.244,0.574],[16.542,1.59]],"o":[[0,-7.593],[0.162,-4.016],[0.157,-1.749],[0.337,-4.139],[0.19,-2.721],[-0.051,-2.606],[0.393,-4.498],[0.224,-4.31],[-0.265,-8.097],[-0.795,-9.021],[-0.419,-3.896],[-2.347,-11.612],[-1.73,-7.303],[-2.024,-6.572],[-7.227,-13.566],[-7.877,-11.126],[-5.63,-5.592],[-6.913,-3.607],[-8.372,-1.124],[-6.225,2.44],[-0.358,0.328],[3.822,-7.021],[6.343,-9.899],[7.146,-8.685],[4.135,-4.086],[5.456,-3.775],[11.585,-5.419],[11.633,-5.706],[6.632,-4.55],[17.311,-3.903],[14.765,-1.38],[18.939,-0.955],[11.995,-0.225],[10.384,0.476],[12.257,1.149],[11.274,1.242],[13.087,2.766],[12.655,4.446],[14.459,4.092],[7.815,3.002],[5.724,3.437],[7.265,5.992],[6.508,7.054],[3.835,5.635],[3.628,7.695],[4.134,10.212],[1.626,4.422],[0.356,0.999],[-4.711,-1.654],[-9.8,-2.156],[-7.083,2.362],[-8.548,4.479],[-3.53,2.54],[-7.499,8.673],[-9.569,14.352],[-4.544,14.204],[-1.077,4.065],[0.056,9.718],[-0.104,17.122],[0.003,2.249],[-3.008,0.198],[-13.194,2.515],[-5.274,1.017],[-9.947,1.346],[-4.899,0.497],[-10.757,0.539],[-13.481,1.125],[-22.526,1.422],[-14.261,0.545],[-16.593,-0.669],[-12.659,-1.218]],"v":[[-189.839,227.348],[-189.764,206.151],[-188.186,194.144],[-188.791,188.8],[-187.306,176.422],[-187.686,168.191],[-187.51,160.371],[-186.087,146.902],[-186.208,133.931],[-187.228,109.652],[-190.553,82.671],[-190.921,70.898],[-198.781,36.228],[-204.38,14.421],[-211.66,-4.893],[-234.775,-44.78],[-262.185,-75.436],[-281.542,-89.612],[-303.921,-97.051],[-329.348,-94.459],[-347.454,-86.211],[-350.552,-86.643],[-339.517,-106.704],[-319.456,-135.706],[-295.728,-159.871],[-282.878,-171.636],[-265.303,-181.199],[-230.335,-196.997],[-198.026,-218.246],[-173.98,-225.784],[-121.299,-230.919],[-76.881,-233.706],[-20.044,-236.079],[15.975,-234.857],[47.104,-233.006],[83.794,-228.694],[117.603,-225.081],[156.777,-216.065],[195.004,-203.491],[236.284,-186.433],[258.323,-173.78],[275.228,-163.07],[295.754,-143.586],[313.871,-121.167],[322.917,-102.589],[333.675,-79.448],[345.126,-48.428],[350.065,-35.185],[350.552,-31.201],[337.578,-35.663],[307.928,-36.211],[286.627,-29.417],[262.469,-13.167],[252.68,-4.467],[230.923,22.155],[207.631,68.227],[195.615,111.353],[193.689,123.861],[190.188,152.45],[190.231,203.818],[190.231,211.169],[180.535,211.868],[141.017,219.75],[125.066,222.135],[95.201,225.974],[80.361,226.079],[48.113,228.12],[7.704,231.91],[-59.927,235.276],[-102.742,235.731],[-152.441,231.809]],"c":true},"ix":2},"nm":"패스 1","mn":"ADBE Vector Shape - Group","hd":false},{"ty":"fl","c":{"a":0,"k":[1,1,1,1],"ix":4},"o":{"a":0,"k":100,"ix":5},"r":1,"bm":0,"nm":"칠 1","mn":"ADBE Vector Graphic - Fill","hd":false},{"ty":"tr","p":{"a":0,"k":[880.924,824.96],"ix":2},"a":{"a":0,"k":[0,0],"ix":1},"s":{"a":0,"k":[100,100],"ix":3},"r":{"a":0,"k":0,"ix":6},"o":{"a":0,"k":100,"ix":7},"sk":{"a":0,"k":0,"ix":4},"sa":{"a":0,"k":0,"ix":5},"nm":"변형"}],"nm":"그룹 5","np":2,"cix":2,"bm":0,"ix":5,"mn":"ADBE Vector Group","hd":false},{"ty":"gr","it":[{"ind":0,"ty":"sh","ix":1,"ks":{"a":0,"k":{"i":[[-12.803,0.718],[4.579,11.208],[0.873,13.71],[-0.022,13.173],[7.364,-0.681],[2.584,-0.465],[0.096,-0.837],[-0.273,-3.065],[-0.951,-9.539],[-1.559,-8.625],[-3.118,-12.384]],"o":[[-4.26,-11.465],[-5.348,-13.089],[-0.835,-13.116],[0.012,-7.687],[-2.629,0.243],[-0.973,0.175],[-0.35,3.06],[0.85,9.548],[0.872,8.752],[2.271,12.558],[3.225,12.808]],"v":[[219.401,282.628],[206.628,248.482],[199.693,207.826],[199.66,168.32],[190.32,159.492],[182.438,160.166],[179.929,162.332],[179.706,171.595],[182.615,200.206],[185.255,226.449],[193.625,263.838]],"c":true},"ix":2},"nm":"패스 1","mn":"ADBE Vector Shape - Group","hd":false},{"ind":1,"ty":"sh","ix":2,"ks":{"a":0,"k":{"i":[[4.86,-0.517],[-3.241,-0.452],[-9.637,7.955],[-2.712,8.346],[-0.857,8.604],[-0.456,11.84],[0,13.276],[4.042,0.464],[1.173,-1.607],[-1.804,-3.001],[0.149,-1.309],[1.804,-9.092],[3.397,-12.178],[1.663,-4.208],[6.063,-5.58],[0.941,-2.453]],"o":[[1.529,6.598],[11.957,1.669],[7.251,-5.985],[2.628,-8.086],[1.176,-11.8],[0.493,-12.799],[-5.247,-0.602],[-1.315,2.622],[-1.615,2.212],[0.593,0.987],[-1.058,9.237],[-2.459,12.395],[-1.197,4.294],[-2.991,7.574],[-2.041,1.879],[-1.725,4.5]],"v":[[-236.552,303.003],[-225.086,308.986],[-192.114,299.551],[-178.336,276.795],[-174.734,251.159],[-171.857,215.701],[-171.745,176.793],[-185.969,175.161],[-189.146,181.352],[-190.617,188.447],[-190.479,192.378],[-193.901,220.046],[-202.93,256.893],[-208.856,269.132],[-221.779,289.164],[-227.13,295.531]],"c":true},"ix":2},"nm":"패스 2","mn":"ADBE Vector Shape - Group","hd":false},{"ind":2,"ty":"sh","ix":3,"ks":{"a":0,"k":{"i":[[-0.686,-8.23],[-2.157,-5.263],[-6.219,-8.008],[-4.972,-3.326],[-11.851,3.943],[-6.447,3.529],[-3.472,3.648],[-4.002,7.392],[-5.345,15.304],[-2.728,7.204],[-1.597,6.775],[-0.739,7.477],[-0.565,11.157],[0.079,7.751],[0.071,2.13],[0.042,3.252],[0.392,21.281],[2.838,14.251],[4.704,6.914],[1.357,3.42],[8.056,3.795],[6.348,-0.021],[4.971,-1.521],[3.361,-2.144],[5.579,-5.47],[6.462,-9.368],[5.07,-10.12],[2.452,-7.127],[2.002,-7.943],[1.476,-7.306],[0.257,-2.739],[0.137,-2.011],[0.21,-5.869],[-0.129,-8.164],[-1.039,-6.616],[0.908,-13.64],[-0.151,-10.994]],"o":[[1.066,5.213],[3.743,9.134],[3.458,4.453],[10.229,6.844],[6.978,-2.321],[4.379,-2.397],[5.925,-6.226],[7.677,-14.182],[2.54,-7.271],[2.489,-6.57],[1.71,-7.26],[1.101,-11.127],[0.391,-7.718],[-0.022,-2.141],[-0.109,-3.257],[-0.273,-21.284],[-0.265,-14.366],[-1.46,-7.327],[-1.969,-2.895],[-3.578,-9.016],[-5.485,-2.584],[-5.156,0.017],[-3.75,1.148],[-6.699,4.276],[-8.127,7.967],[-6.402,9.282],[-3.367,6.721],[-2.665,7.747],[-1.82,7.217],[-0.55,2.72],[-0.187,1.995],[-0.401,5.868],[-0.291,8.155],[0.107,6.742],[2.089,13.291],[-0.73,10.968],[0.106,7.761]],"v":[[223.514,226.839],[227.082,243.321],[239.863,270.113],[250.956,282.832],[283.88,288.667],[304.158,279.835],[315.964,270.289],[332.621,250.664],[352.177,206.324],[360.232,184.664],[367.612,164.951],[370.276,142.589],[373.281,109.186],[372.755,85.943],[373.759,79.511],[372.589,69.768],[371.979,5.913],[370.061,-37.155],[365.778,-59.236],[362.623,-69.812],[343.267,-88.054],[324.384,-90.47],[308.969,-87.736],[298.383,-82.166],[278.74,-68.735],[256.655,-42.557],[240.081,-12.917],[231.693,8.092],[224.638,31.65],[220.226,53.567],[218.446,61.692],[219.149,67.799],[217.517,85.371],[217.485,109.864],[218.349,130.063],[222.414,170.109],[221.641,203.101]],"c":true},"ix":2},"nm":"패스 3","mn":"ADBE Vector Shape - Group","hd":false},{"ind":3,"ty":"sh","ix":4,"ks":{"a":0,"k":{"i":[[3.451,-1.852],[0,0],[1.962,-1.715],[1.417,-2.486],[0.685,-3.829],[2.145,-17.124],[0.274,-10.517],[0.444,-5.957],[0.005,-6.024],[-0.388,-12.794],[-0.815,-14],[-1.198,-16.941],[-1.536,-15.196],[-1.931,-12.46],[-1.565,-5.468],[-2.703,-7.196],[-5.668,-8.25],[-7.567,-3.86],[-7.293,-1.262],[-9.148,6.43],[-8.525,10.532],[-2.111,4.663],[-2.84,9.557],[-1.129,8.319],[-0.991,7.156],[-4.994,10.182],[-0.056,0.815],[-0.52,7.619],[-0.708,10.365],[-0.146,4.887],[-0.252,4.877],[1.317,2.412],[0.703,5.42],[1.512,11.515],[3.739,15.256],[4.28,10.979],[7.199,9.765],[11.677,10.189],[8.311,2.398],[9.664,-4.567],[2.558,-1.274]],"o":[[0,0],[-1.907,1.778],[-2.301,2.01],[-1.894,3.322],[-3.044,17.003],[-1.3,10.381],[-0.156,5.973],[-0.451,6.037],[-0.011,12.795],[0.425,14.021],[0.986,16.951],[1.077,15.244],[1.266,12.527],[0.877,5.659],[2.111,7.372],[3.441,9.161],[4.719,6.869],[6.735,3.436],[10.656,1.844],[11.107,-7.807],[3.236,-3.997],[4.124,-9.111],[2.374,-7.987],[0.972,-7.158],[1.479,-10.692],[0.344,-0.7],[0.518,-7.62],[0.708,-10.365],[0.333,-4.88],[0.147,-4.886],[0.179,-3.439],[-3.006,-5.502],[-1.496,-11.518],[-2.049,-15.608],[-2.781,-11.353],[-4.396,-11.279],[-9.11,-12.358],[-6.872,-5.998],[-10.209,-2.945],[-2.586,1.222],[-3.504,1.746]],"v":[[-345.435,-135.829],[-345.488,-136.282],[-351.22,-130.962],[-358.074,-124.98],[-361.636,-113.834],[-370.164,-62.727],[-371.005,-31.199],[-371.802,-13.289],[-373.557,4.784],[-372.63,43.17],[-371.164,85.227],[-367.399,136.034],[-364.302,181.774],[-358.695,219.174],[-355.826,236.098],[-348.061,257.805],[-335.69,284.367],[-319.087,302.239],[-298.061,310.732],[-268.174,303.005],[-238.339,275.966],[-230.002,262.909],[-218.943,235.012],[-214.688,210.206],[-212.466,188.636],[-207.748,156.586],[-207.369,154.169],[-205.846,131.308],[-203.688,100.216],[-202.794,85.569],[-202.739,70.902],[-201.526,60.805],[-203.357,44.33],[-206.185,9.561],[-214.096,-37],[-226.515,-70.059],[-243.653,-101.779],[-274.036,-136.179],[-296.958,-149.051],[-327.211,-144.812],[-335.068,-141.358]],"c":true},"ix":2},"nm":"패스 4","mn":"ADBE Vector Shape - Group","hd":false},{"ind":4,"ty":"sh","ix":5,"ks":{"a":0,"k":{"i":[[0,-7.593],[-12.659,-1.217],[-16.594,-0.668],[-14.261,0.545],[-22.525,1.422],[-13.482,1.125],[-10.757,0.539],[-4.899,0.497],[-9.947,1.345],[-5.274,1.018],[-13.194,2.514],[-3.009,0.199],[0.004,2.249],[-0.105,17.122],[0.056,9.718],[-1.078,4.064],[-4.544,14.205],[-9.569,14.353],[-7.499,8.672],[-3.531,2.54],[-8.548,4.48],[-7.083,2.362],[-9.801,-2.155],[-4.711,-1.655],[0.356,1],[1.626,4.422],[4.135,10.211],[3.628,7.695],[3.835,5.635],[6.508,7.055],[7.265,5.992],[5.724,3.438],[7.815,3.001],[14.459,4.093],[12.655,4.447],[13.087,2.766],[11.274,1.243],[12.257,1.148],[10.384,0.476],[11.996,-0.225],[18.938,-0.954],[14.764,-1.38],[17.311,-3.904],[6.631,-4.55],[11.633,-5.705],[11.585,-5.419],[5.456,-3.776],[4.135,-4.086],[7.146,-8.684],[6.343,-9.898],[3.823,-7.021],[-0.358,0.329],[-6.225,2.44],[-8.371,-1.124],[-6.913,-3.606],[-5.63,-5.591],[-7.878,-11.126],[-7.227,-13.566],[-2.024,-6.573],[-1.73,-7.303],[-2.347,-11.612],[-0.419,-3.895],[-0.795,-9.021],[-0.265,-8.097],[0.224,-4.31],[0.393,-4.498],[-0.051,-2.605],[0.189,-2.721],[0.337,-4.139],[0.156,-1.749],[0.162,-4.016]],"o":[[12.133,1.468],[16.542,1.591],[14.244,0.574],[22.554,-0.861],[13.495,-0.852],[10.731,-0.896],[4.937,-0.248],[9.983,-1.012],[5.328,-0.721],[13.189,-2.544],[3.273,-0.624],[0,-2.853],[-0.026,-17.122],[0.059,-9.636],[-0.024,-4.171],[3.824,-14.426],[5.287,-16.529],[6.33,-9.493],[2.834,-3.278],[7.884,-5.672],[6.5,-3.406],[9.987,-3.33],[4.234,0.931],[-0.207,-1.831],[-1.58,-4.438],[-3.804,-10.345],[-3.188,-7.875],[-2.942,-6.24],[-5.391,-7.922],[-6.387,-6.925],[-5.107,-4.212],[-7.273,-4.367],[-13.908,-5.343],[-12.897,-3.65],[-12.734,-4.474],[-11.03,-2.332],[-12.24,-1.349],[-10.343,-0.97],[-12.003,-0.551],[-18.954,0.355],[-14.817,0.747],[-17.57,1.642],[-8.224,1.854],[-10.638,7.299],[-11.477,5.63],[-6.039,2.825],[-4.733,3.274],[-8.034,7.94],[-7.445,9.048],[-4.012,6.261],[1.615,0.252],[5.179,-4.739],[8.444,-3.309],[7.685,1.032],[7.028,3.667],[9.722,9.657],[8.846,12.495],[3.211,6.027],[2.207,7.165],[2.731,11.532],[0.766,3.792],[0.97,9.009],[0.711,8.06],[0.141,4.322],[-0.235,4.502],[-0.227,2.592],[0.054,2.747],[-0.289,4.14],[-0.142,1.754],[-0.361,4.018],[-0.275,6.792]],"v":[[-184.341,152.762],[-146.943,157.224],[-97.243,161.145],[-54.429,160.691],[13.202,157.326],[53.612,153.535],[85.859,151.495],[100.698,151.388],[130.565,147.55],[146.516,145.164],[186.033,137.283],[195.73,136.583],[195.729,129.232],[195.686,77.865],[199.188,49.276],[201.115,36.768],[213.129,-6.359],[236.422,-52.431],[258.178,-79.052],[267.967,-87.752],[292.125,-104.002],[313.427,-110.795],[343.078,-110.249],[356.049,-105.786],[355.563,-109.77],[350.625,-123.014],[339.173,-154.033],[328.415,-177.173],[319.37,-195.752],[301.252,-218.171],[280.726,-237.656],[263.821,-248.366],[241.782,-261.018],[200.502,-278.077],[162.276,-290.651],[123.102,-299.665],[89.292,-303.28],[52.602,-307.591],[21.474,-309.443],[-14.547,-310.664],[-71.382,-308.291],[-115.8,-305.504],[-168.482,-300.367],[-192.526,-292.832],[-224.836,-271.583],[-259.805,-255.785],[-277.38,-246.221],[-290.229,-234.456],[-313.957,-210.291],[-334.018,-181.29],[-345.053,-161.229],[-341.956,-160.797],[-323.849,-169.045],[-298.422,-171.637],[-276.044,-164.198],[-256.687,-150.022],[-229.276,-119.365],[-206.161,-79.479],[-198.882,-60.164],[-193.283,-38.358],[-185.422,-3.687],[-185.055,8.085],[-181.729,35.067],[-180.709,59.346],[-180.589,72.316],[-182.011,85.786],[-182.188,93.605],[-181.807,101.836],[-183.292,114.214],[-182.687,119.559],[-184.265,131.566]],"c":true},"ix":2},"nm":"패스 5","mn":"ADBE Vector Shape - Group","hd":false},{"ind":5,"ty":"sh","ix":6,"ks":{"a":0,"k":{"i":[[-3.577,-0.625],[-6.412,0.285],[-10.704,-0.596],[-16.505,-1.483],[-4.802,-0.346],[-6.889,-0.752],[-15.217,-2.167],[-2.797,-0.599],[-7.377,-1.853],[-3.938,-1.349],[-2.256,-0.792],[-9.855,-3.915],[-12.033,-5.409],[-4.97,-2.898],[-6.603,-4.661],[-6.193,-5.558],[-3.829,-4.672],[-5.579,-8.458],[-3.555,-7.521],[-2.796,-6.837],[-2.242,-6.089],[-4.701,-15.421],[-1.663,-9.764],[-1.317,-11.019],[-0.297,-5.462],[-0.256,-7.64],[0.072,-6.169],[0.351,-2.497],[0.736,-12.724],[0.813,-19.861],[4.074,-9.47],[1.049,-4.281],[2.331,-6.938],[4.16,-10.685],[2.768,-6.215],[1.359,-3.128],[16.328,-10.831],[14.013,-2.346],[9.266,2.617],[6.034,3.484],[0.648,-0.221],[10.499,2.451],[5.741,8.059],[2.296,15.698],[0.525,4.36],[0.706,6.38],[0.873,8.403],[0.378,5.444],[6.374,-2.525],[0.579,-0.075],[7.757,-0.967],[3.218,-0.149],[2.262,0.21],[0.872,-0.199],[3.855,-0.314],[11.142,-0.775],[12.52,-1.089],[9.887,-0.59],[12.885,-0.454],[6.817,0.184],[10.299,0.441],[2.514,0.185],[9.018,0.596],[6.338,0],[0.244,-9.753],[0.388,-7.148],[1.138,-7.619],[1.873,-10.418],[4.569,-1.175],[-0.192,-0.44],[2.662,-3.774],[7.239,-3.896],[9.298,-0.12],[9.355,4.119],[1.969,1.226],[5.166,-2.051],[4.002,-0.92],[11.253,5.153],[9.674,19.002],[5.641,17.947],[0.801,6.965],[1.675,17.684],[0.783,11.568],[0.41,7.211],[0.406,10.212],[0.098,20.63],[-0.461,11.221],[-0.179,5.564],[-0.509,6.317],[-0.445,3.957],[-0.853,5.189],[-0.913,5],[-2.256,8.021],[-3.678,10.993],[-0.33,0.149],[-1.325,3.499],[-9.494,13.622],[-7.526,7.967],[-7.674,5.871],[-9.415,5.427],[-6.998,2.733],[-11.74,7.094],[-9.455,1.974],[-5.766,0.843],[-11.5,1.013],[-7.532,0.468],[-14.365,0.859],[-6.385,0.235]],"o":[[4.932,-4.539],[10.714,-0.477],[16.541,0.921],[4.802,0.431],[6.929,0.499],[15.278,1.668],[2.799,0.399],[7.448,1.598],[3.993,1.003],[2.267,0.776],[10.004,3.515],[12.265,4.872],[5.204,2.34],[7.017,4.092],[6.768,4.779],[4.524,4.06],[6.425,7.841],[4.574,6.935],[3.149,6.661],[2.46,6.015],[5.575,15.142],[2.873,9.424],[1.864,10.943],[0.645,5.403],[0.417,7.638],[0.207,6.152],[-0.03,2.579],[-1.779,12.656],[-1.147,19.826],[-0.398,9.722],[-1.693,3.936],[-1.743,7.112],[-3.652,10.87],[-2.464,6.328],[-1.386,3.115],[-7.635,17.576],[-11.49,7.622],[-9.027,1.512],[-6.757,-1.907],[-0.576,-0.332],[-10.592,3.617],[-8.976,-2.095],[-9.302,-13.059],[-0.636,-4.349],[-0.768,-6.372],[-0.93,-8.397],[-0.564,-5.425],[-0.458,-6.58],[-0.598,0.237],[-7.752,1.004],[-3.211,0.4],[-2.236,0.104],[-0.882,-0.082],[-3.816,0.871],[-11.13,0.904],[-12.537,0.871],[-9.874,0.86],[-12.867,0.767],[-6.828,0.24],[-10.301,-0.278],[-2.532,-0.109],[-9.015,-0.661],[-5.507,-0.364],[0,9.588],[-0.178,7.15],[-0.42,7.736],[-1.561,10.455],[-0.667,3.71],[-0.332,0.085],[2.612,6.006],[-4.749,6.731],[-8.01,4.311],[-10.151,0.131],[-3.652,-1.608],[-6.299,2.349],[-3.881,1.541],[-12.151,2.792],[-18.773,-8.598],[-8.668,-17.029],[-2.097,-6.671],[-2.027,-17.645],[-1.093,-11.544],[-0.487,-7.203],[-0.581,-10.207],[-0.821,-20.619],[-0.053,-11.204],[0.228,-5.557],[0.204,-6.319],[0.321,-3.977],[0.587,-5.219],[0.824,-5.016],[1.502,-8.227],[3.135,-11.145],[0.157,-0.469],[4.7,-2.121],[5.978,-15.781],[6.253,-8.973],[6.64,-7.029],[8.627,-6.6],[6.466,-3.728],[12.894,-5.037],[7.83,-4.732],[5.757,-1.202],[11.406,-1.667],[7.519,-0.663],[14.363,-0.893],[6.382,-0.382],[2.442,-0.089]],"v":[[-45.081,-330.083],[-26.711,-332.43],[5.487,-332.409],[55.042,-328.456],[69.361,-326.2],[90.206,-325.541],[135.931,-319.583],[144.104,-316.786],[166.518,-312.351],[178.033,-307.462],[185.33,-306.587],[215.155,-295.512],[251.705,-280.294],[266.461,-271.364],[287.562,-259.205],[306.559,-243.025],[319.62,-230.306],[337.778,-205.887],[349.831,-184.001],[357.901,-163.366],[365.693,-145.491],[381.714,-99.817],[387.485,-70.682],[392.43,-37.746],[392.703,-21.333],[394.411,1.555],[393.891,20.053],[394.521,27.788],[394.393,65.785],[394.096,125.451],[389.958,154.72],[387.677,167.744],[381.709,188.894],[370.024,221.254],[361.526,239.81],[357.821,249.357],[323.201,292.786],[286.648,310.96],[259.628,310.196],[240.404,302.849],[238.219,302.702],[206.245,303.354],[182.768,289.492],[166.487,245.919],[164.44,232.895],[162.474,213.738],[159.565,188.561],[158.314,172.239],[148.06,166.108],[146.428,167.206],[123.154,170.084],[113.535,171.341],[106.774,170.568],[104.087,170.818],[92.655,173.434],[59.209,175.467],[21.626,178.452],[-7.973,181.264],[-46.623,182.712],[-67.107,183.335],[-97.99,181.728],[-105.628,182.448],[-132.641,180.055],[-150.036,179.987],[-150.097,209.092],[-151.482,230.521],[-152.638,253.719],[-158.955,284.842],[-164.088,293.33],[-164.646,295.065],[-169.737,307.955],[-188.453,322.955],[-213.753,331.257],[-243.24,326.086],[-252.091,320.687],[-268.797,326.948],[-280.318,331.831],[-316.048,328.842],[-359.086,288.177],[-378.112,235.022],[-382.246,214.349],[-387.56,161.327],[-390.501,126.664],[-391.152,104.998],[-393.31,74.4],[-395.076,12.52],[-392.983,-21.106],[-393.737,-37.837],[-391.92,-56.759],[-391.472,-68.73],[-388.979,-84.304],[-386.49,-99.348],[-381.685,-123.963],[-370.799,-156.982],[-370.216,-158.319],[-364.998,-169.172],[-340.477,-212.509],[-319.386,-237.776],[-297.875,-257.324],[-270.641,-275.317],[-249.985,-284.306],[-214.08,-304.275],[-189.737,-317.174],[-172.844,-322.535],[-138.38,-325.851],[-115.81,-327.677],[-72.708,-330.13],[-53.576,-331.484]],"c":true},"ix":2},"nm":"패스 6","mn":"ADBE Vector Shape - Group","hd":false},{"ty":"mm","mm":1,"nm":"패스 병합 1","mn":"ADBE Vector Filter - Merge","hd":false},{"ty":"fl","c":{"a":0,"k":[0,0,0,1],"ix":4},"o":{"a":0,"k":100,"ix":5},"r":1,"bm":0,"nm":"칠 1","mn":"ADBE Vector Graphic - Fill","hd":false},{"ty":"tr","p":{"a":0,"k":[875.426,899.545],"ix":2},"a":{"a":0,"k":[0,0],"ix":1},"s":{"a":0,"k":[100,100],"ix":3},"r":{"a":0,"k":0,"ix":6},"o":{"a":0,"k":100,"ix":7},"sk":{"a":0,"k":0,"ix":4},"sa":{"a":0,"k":0,"ix":5},"nm":"변형"}],"nm":"그룹 6","np":8,"cix":2,"bm":0,"ix":6,"mn":"ADBE Vector Group","hd":false}],"ip":0,"op":90.0000036657751,"st":0,"bm":0},{"ddd":0,"ind":5,"ty":4,"nm":"꼬리 윤곽선","sr":1,"ks":{"o":{"a":0,"k":100,"ix":11},"r":{"a":1,"k":[{"i":{"x":[0.833],"y":[0.833]},"o":{"x":[0.167],"y":[0.167]},"t":0,"s":[0]},{"t":89.0000036250443,"s":[360]}],"ix":10},"p":{"a":0,"k":[1201.072,648.352,0],"ix":2},"a":{"a":0,"k":[1201.072,648.352,0],"ix":1},"s":{"a":0,"k":[100,100,100],"ix":6}},"ao":0,"shapes":[{"ty":"gr","it":[{"ind":0,"ty":"sh","ix":1,"ks":{"a":0,"k":{"i":[[-1.52,0.203],[-11.943,-18.68],[-0.26,-10.844],[8.626,-11.344],[10.585,-3.212],[0.109,0.275],[3.505,1.006],[0.629,-0.4],[11.227,4.396],[5.623,13.509],[-1.316,9.394],[-5.22,8.963],[-3.697,2.882],[-10.405,1.856]],"o":[[23.851,0.823],[6.443,10.077],[0.329,13.741],[-6.691,8.8],[-0.761,0.231],[-2.281,-5.789],[-0.707,-0.202],[-11.252,7.161],[-13.86,-5.426],[-3.423,-8.225],[1.446,-10.322],[2.328,-3.996],[8.316,-6.486],[2.743,-0.49]],"v":[[0.841,-61.827],[52.37,-31],[61.334,1.13],[49.601,40.316],[22.267,57.122],[19.881,57.141],[9.239,54.292],[6.868,54.666],[-26.938,54.808],[-56.563,26.024],[-60.347,-0.595],[-50.482,-29.339],[-34.012,-47.92],[-6.205,-60.868]],"c":true},"ix":2},"nm":"패스 1","mn":"ADBE Vector Shape - Group","hd":false},{"ty":"fl","c":{"a":0,"k":[0.196078446332,0.196078446332,0.192156877705,1],"ix":4},"o":{"a":0,"k":100,"ix":5},"r":1,"bm":0,"nm":"칠 1","mn":"ADBE Vector Graphic - Fill","hd":false},{"ty":"tr","p":{"a":0,"k":[1201.13,647.767],"ix":2},"a":{"a":0,"k":[0,0],"ix":1},"s":{"a":0,"k":[100,100],"ix":3},"r":{"a":0,"k":0,"ix":6},"o":{"a":0,"k":100,"ix":7},"sk":{"a":0,"k":0,"ix":4},"sa":{"a":0,"k":0,"ix":5},"nm":"변형"}],"nm":"그룹 1","np":2,"cix":2,"bm":0,"ix":1,"mn":"ADBE Vector Group","hd":false},{"ty":"gr","it":[{"ind":0,"ty":"sh","ix":1,"ks":{"a":0,"k":{"i":[[23.851,0.823],[2.743,-0.49],[8.316,-6.486],[2.328,-3.996],[1.446,-10.322],[-3.423,-8.225],[-13.86,-5.426],[-11.252,7.161],[-0.707,-0.202],[-2.281,-5.789],[-0.761,0.231],[-6.691,8.8],[0.329,13.741],[6.443,10.077]],"o":[[-1.52,0.203],[-10.405,1.856],[-3.697,2.882],[-5.22,8.963],[-1.316,9.394],[5.623,13.509],[11.227,4.396],[0.629,-0.4],[3.505,1.006],[0.109,0.275],[10.585,-3.212],[8.626,-11.344],[-0.26,-10.844],[-11.943,-18.68]],"v":[[1.413,-61.848],[-5.633,-60.889],[-33.44,-47.941],[-49.911,-29.36],[-59.776,-0.616],[-55.991,26.003],[-26.366,54.787],[7.44,54.645],[9.811,54.271],[20.453,57.12],[22.839,57.101],[50.172,40.295],[61.906,1.109],[52.942,-31.021]],"c":true},"ix":2},"nm":"패스 1","mn":"ADBE Vector Shape - Group","hd":false},{"ind":1,"ty":"sh","ix":2,"ks":{"a":0,"k":{"i":[[-0.224,0.451],[3.175,4.507],[1.061,3.119],[0.639,2.826],[-4.958,14.744],[-9.366,10.293],[-10.52,4.548],[-16.739,-3.756],[-11.894,-15.164],[-3.112,-6.407],[-0.761,-6.033],[0.206,-10.449],[1.8,-5.107],[3.222,-5.081],[4.841,-4.458],[11.28,-2.832],[11.784,-2.374],[5.599,2.791],[3.82,0.767],[6.659,5.218],[2.093,2.227]],"o":[[-6.587,-1.598],[-1.769,-2.51],[-0.951,-2.793],[-3.341,-14.766],[4.489,-13.352],[7.731,-8.498],[15.309,-6.619],[18.801,4.22],[4.376,5.579],[2.705,5.568],[1.306,10.351],[-0.106,5.351],[-2.006,5.688],[-3.548,5.596],[-8.555,7.88],[-11.63,2.919],[-6.981,1.407],[-3.632,-1.811],[-8.901,-1.787],[-2.378,-1.863],[0.224,-0.451]],"v":[[-62.281,53.693],[-73.18,41.073],[-75.711,31.561],[-79.387,23.473],[-78.054,-20.596],[-57.465,-56.006],[-30.161,-76.184],[17.941,-82.537],[64.331,-53.539],[75.299,-35.146],[81.465,-17.583],[82.807,13.768],[79.359,29.715],[71.594,46.125],[59.193,61.742],[29.248,78.493],[-6.241,84.886],[-24.05,79.988],[-34.886,74.552],[-56.627,61.668],[-62.953,55.046]],"c":true},"ix":2},"nm":"패스 2","mn":"ADBE Vector Shape - Group","hd":false},{"ty":"mm","mm":1,"nm":"패스 병합 1","mn":"ADBE Vector Filter - Merge","hd":false},{"ty":"fl","c":{"a":0,"k":[0,0,0,1],"ix":4},"o":{"a":0,"k":100,"ix":5},"r":1,"bm":0,"nm":"칠 1","mn":"ADBE Vector Graphic - Fill","hd":false},{"ty":"tr","p":{"a":0,"k":[1200.559,647.788],"ix":2},"a":{"a":0,"k":[0,0],"ix":1},"s":{"a":0,"k":[100,100],"ix":3},"r":{"a":0,"k":0,"ix":6},"o":{"a":0,"k":100,"ix":7},"sk":{"a":0,"k":0,"ix":4},"sa":{"a":0,"k":0,"ix":5},"nm":"변형"}],"nm":"그룹 2","np":4,"cix":2,"bm":0,"ix":2,"mn":"ADBE Vector Group","hd":false}],"ip":0,"op":90.0000036657751,"st":0,"bm":0}],"markers":[]}