{"v":"4.8.0","meta":{"g":"LottieFiles AE 3.5.3","a":"","k":"","d":"","tc":""},"fr":29.9700012207031,"ip":0,"op":90.0000036657751,"w":1500,"h":1500,"nm":"사자_Base","ddd":0,"assets":[],"layers":[{"ddd":0,"ind":1,"ty":4,"nm":"머리 윤곽선","sr":1,"ks":{"o":{"a":0,"k":100,"ix":11},"r":{"a":0,"k":0,"ix":10},"p":{"a":0,"k":[750,750,0],"ix":2},"a":{"a":0,"k":[750,750,0],"ix":1},"s":{"a":0,"k":[100,100,100],"ix":6}},"ao":0,"shapes":[{"ty":"gr","it":[{"ind":0,"ty":"sh","ix":1,"ks":{"a":0,"k":{"i":[[5.016,-0.161],[0.416,4.722],[-7.926,0.414],[-0.513,-8.365]],"o":[[-7.412,0.879],[-0.874,-9.93],[6.728,-0.352],[0.285,4.634]],"v":[[1.036,14.167],[-13.076,2.826],[-0.851,-14.694],[13.664,1.37]],"c":true},"ix":2},"nm":"패스 1","mn":"ADBE Vector Shape - Group","hd":false},{"ty":"fl","c":{"a":0,"k":[0,0,0,1],"ix":4},"o":{"a":0,"k":100,"ix":5},"r":1,"bm":0,"nm":"칠 1","mn":"ADBE Vector Graphic - Fill","hd":false},{"ty":"tr","p":{"a":0,"k":[520.733,661.783],"ix":2},"a":{"a":0,"k":[0,0],"ix":1},"s":{"a":0,"k":[100,100],"ix":3},"r":{"a":0,"k":0,"ix":6},"o":{"a":0,"k":100,"ix":7},"sk":{"a":0,"k":0,"ix":4},"sa":{"a":0,"k":0,"ix":5},"nm":"변형"}],"nm":"그룹 1","np":2,"cix":2,"bm":0,"ix":1,"mn":"ADBE Vector Group","hd":false},{"ty":"gr","it":[{"ind":0,"ty":"sh","ix":1,"ks":{"a":0,"k":{"i":[[-7.307,-0.373],[0.135,-4.879],[5.394,0.809],[-0.64,8.948]],"o":[[5.543,0.283],[-0.174,6.257],[-8.058,-1.21],[0.497,-6.955]],"v":[[0.617,-14.023],[14.868,-0.107],[-1.488,13.586],[-14.363,-1.234]],"c":true},"ix":2},"nm":"패스 1","mn":"ADBE Vector Shape - Group","hd":false},{"ty":"fl","c":{"a":0,"k":[0,0,0,1],"ix":4},"o":{"a":0,"k":100,"ix":5},"r":1,"bm":0,"nm":"칠 1","mn":"ADBE Vector Graphic - Fill","hd":false},{"ty":"tr","p":{"a":0,"k":[458.104,664.185],"ix":2},"a":{"a":0,"k":[0,0],"ix":1},"s":{"a":0,"k":[100,100],"ix":3},"r":{"a":0,"k":0,"ix":6},"o":{"a":0,"k":100,"ix":7},"sk":{"a":0,"k":0,"ix":4},"sa":{"a":0,"k":0,"ix":5},"nm":"변형"}],"nm":"그룹 2","np":2,"cix":2,"bm":0,"ix":2,"mn":"ADBE Vector Group","hd":false},{"ty":"gr","it":[{"ind":0,"ty":"sh","ix":1,"ks":{"a":0,"k":{"i":[[1.592,-1.017],[-4.027,-2.199],[-4.873,-2.982],[2.692,-2.791],[8.566,5.692],[4.361,2.603],[4.724,3.2],[3.546,-4.021],[2.487,-1.965],[4.383,7.995],[-3.624,3.24],[-1.644,1.783],[-3.142,3.723],[2.69,2.218],[1.15,2.522],[-1.037,4.156],[-2.876,3.802],[-4.249,-1.021],[-2.871,-0.029],[-3.709,-9.541],[5.226,-4.694]],"o":[[4.621,2.628],[5.022,2.742],[3.301,2.021],[-6.912,7.165],[-4.213,-2.8],[-4.287,-2.56],[-3.408,4.176],[-2.093,2.374],[-7.085,5.6],[-1.232,-2.247],[1.768,-1.581],[3.313,-3.593],[1.365,-1.616],[-2.23,-1.838],[-1.606,-3.522],[1.289,-5.164],[2.616,-3.46],[2.724,0.655],[10.208,0.104],[2.583,6.644],[-1.207,1.085]],"v":[[11.804,-1.375],[24.41,5.776],[39.519,13.918],[40.528,27.677],[21.835,29.237],[8.403,22.023],[-4.636,13.266],[-14.871,25.718],[-21.826,32.236],[-38.461,28.569],[-39.596,21.677],[-35.485,15.589],[-25.159,5.177],[-25.406,-1.185],[-31.231,-7.628],[-31.413,-18.987],[-24.169,-31.299],[-5.457,-36.814],[3.128,-36.565],[23.358,-21.922],[16.142,-4.191]],"c":true},"ix":2},"nm":"패스 1","mn":"ADBE Vector Shape - Group","hd":false},{"ty":"fl","c":{"a":0,"k":[0,0,0,1],"ix":4},"o":{"a":0,"k":100,"ix":5},"r":1,"bm":0,"nm":"칠 1","mn":"ADBE Vector Graphic - Fill","hd":false},{"ty":"tr","p":{"a":0,"k":[493.424,714.95],"ix":2},"a":{"a":0,"k":[0,0],"ix":1},"s":{"a":0,"k":[100,100],"ix":3},"r":{"a":0,"k":0,"ix":6},"o":{"a":0,"k":100,"ix":7},"sk":{"a":0,"k":0,"ix":4},"sa":{"a":0,"k":0,"ix":5},"nm":"변형"}],"nm":"그룹 3","np":2,"cix":2,"bm":0,"ix":3,"mn":"ADBE Vector Group","hd":false},{"ty":"gr","it":[{"ind":0,"ty":"sh","ix":1,"ks":{"a":0,"k":{"i":[[-7.412,0.879],[0.285,4.634],[6.728,-0.352],[-0.874,-9.93]],"o":[[5.016,-0.161],[-0.513,-8.365],[-7.926,0.414],[0.416,4.722]],"v":[[32.192,-14.233],[44.821,-27.03],[30.306,-43.094],[18.081,-25.574]],"c":true},"ix":2},"nm":"패스 1","mn":"ADBE Vector Shape - Group","hd":false},{"ind":1,"ty":"sh","ix":2,"ks":{"a":0,"k":{"i":[[5.543,0.283],[0.497,-6.955],[-8.058,-1.21],[-0.174,6.256]],"o":[[-7.307,-0.373],[-0.64,8.948],[5.394,0.81],[0.135,-4.88]],"v":[[-30.856,-40.021],[-45.836,-27.232],[-32.961,-12.412],[-16.605,-26.105]],"c":true},"ix":2},"nm":"패스 2","mn":"ADBE Vector Shape - Group","hd":false},{"ind":2,"ty":"sh","ix":3,"ks":{"a":0,"k":{"i":[[4.621,2.628],[-1.207,1.085],[2.583,6.644],[10.208,0.104],[2.724,0.655],[2.616,-3.46],[1.289,-5.164],[-1.606,-3.522],[-2.23,-1.838],[1.365,-1.616],[3.314,-3.593],[1.768,-1.58],[-1.232,-2.247],[-7.085,5.6],[-2.093,2.374],[-3.408,4.177],[-4.288,-2.56],[-4.213,-2.8],[-6.912,7.165],[3.302,2.021],[5.022,2.742]],"o":[[1.592,-1.017],[5.226,-4.694],[-3.709,-9.541],[-2.871,-0.029],[-4.249,-1.021],[-2.876,3.802],[-1.038,4.156],[1.15,2.522],[2.69,2.218],[-3.142,3.723],[-1.643,1.783],[-3.624,3.24],[4.383,7.995],[2.487,-1.965],[3.545,-4.021],[4.724,3.2],[4.361,2.603],[8.566,5.692],[2.692,-2.791],[-4.872,-2.982],[-4.027,-2.199]],"v":[[15.651,23.393],[19.989,20.576],[27.205,2.845],[6.975,-11.798],[-1.61,-12.047],[-20.322,-6.532],[-27.566,5.78],[-27.384,17.139],[-21.559,23.582],[-21.312,29.944],[-31.639,40.356],[-35.749,46.445],[-34.614,53.336],[-17.978,57.003],[-11.024,50.485],[-0.789,38.033],[12.25,46.79],[25.682,54.004],[44.376,52.444],[43.365,38.685],[28.257,30.543]],"c":true},"ix":2},"nm":"패스 3","mn":"ADBE Vector Shape - Group","hd":false},{"ind":3,"ty":"sh","ix":4,"ks":{"a":0,"k":{"i":[[0.028,0.138],[6.281,-0.743],[5.674,-0.118],[6.821,0.739],[6.164,1.756],[11.974,7.909],[4.555,5.021],[4.712,6.814],[1.248,3.678],[1.943,6.065],[0.464,2.731],[0.617,3.576],[-1.324,10.653],[-2.328,6.452],[-9.658,11.131],[-15.126,8.504],[-13.872,2.585],[-6.977,-0.073],[-7.199,0.336],[-9.096,-1.908],[-5.755,-2.251],[-5.393,-2.641],[-3.249,-2.964],[-5.51,-5.718],[-4.347,-6.37],[-1.916,-3.618],[-1.121,-11.617],[2.022,-9.499],[4.032,-10.206],[3.409,-5.336],[2.73,-2.964],[5.067,-4.579],[20.268,-4.794],[3.518,-0.808]],"o":[[-6.236,1.117],[-5.623,0.665],[-6.902,0.144],[-6.327,-0.685],[-13.816,-3.936],[-5.657,-3.736],[-5.551,-6.118],[-2.193,-3.17],[-2.045,-6.027],[-0.869,-2.712],[-0.607,-3.579],[-1.868,-10.83],[0.838,-6.75],[5.026,-13.932],[11.166,-12.87],[12.606,-7.087],[6.803,-1.267],[7.239,0.076],[9.731,-0.453],[6.054,1.269],[5.568,2.178],[3.811,1.867],[5.892,5.375],[5.333,5.534],[2.271,3.327],[5.663,10.697],[0.923,9.567],[-2.28,10.709],[-2.284,5.783],[-2.201,3.446],[-4.617,5.014],[-15.661,14.154],[-3.513,0.831],[-0.028,-0.138]],"v":[[25.179,115.637],[6.46,118.9],[-10.545,119.732],[-31.237,119.66],[-49.96,115.304],[-88.874,97.759],[-104.387,84.421],[-119.451,64.648],[-124.444,54.069],[-129.87,35.746],[-133.265,27.885],[-133.54,16.886],[-132.742,-15.35],[-127.309,-35.219],[-105.433,-73.235],[-66.279,-105.576],[-26.411,-119.132],[-5.501,-120.164],[16.199,-119.039],[43.524,-113.27],[61.364,-108.029],[77.503,-100.048],[88.43,-93.606],[106.474,-77.905],[120.744,-59.67],[125.71,-48.422],[134.485,-14.274],[131.958,14.863],[122.051,46.3],[112.063,62.41],[105.314,72.628],[90.52,86.797],[35.818,113.623],[25.263,116.051]],"c":true},"ix":2},"nm":"패스 4","mn":"ADBE Vector Shape - Group","hd":false},{"ty":"mm","mm":1,"nm":"패스 병합 1","mn":"ADBE Vector Filter - Merge","hd":false},{"ty":"fl","c":{"a":0,"k":[0.984313785329,0.945098099054,0.84313731474,1],"ix":4},"o":{"a":0,"k":100,"ix":5},"r":1,"bm":0,"nm":"칠 1","mn":"ADBE Vector Graphic - Fill","hd":false},{"ty":"tr","p":{"a":0,"k":[489.577,690.183],"ix":2},"a":{"a":0,"k":[0,0],"ix":1},"s":{"a":0,"k":[100,100],"ix":3},"r":{"a":0,"k":0,"ix":6},"o":{"a":0,"k":100,"ix":7},"sk":{"a":0,"k":0,"ix":4},"sa":{"a":0,"k":0,"ix":5},"nm":"변형"}],"nm":"그룹 4","np":6,"cix":2,"bm":0,"ix":4,"mn":"ADBE Vector Group","hd":false},{"ty":"gr","it":[{"ind":0,"ty":"sh","ix":1,"ks":{"a":0,"k":{"i":[[-6.236,1.116],[-0.028,-0.138],[-3.513,0.831],[-15.661,14.154],[-4.617,5.013],[-2.201,3.447],[-2.285,5.783],[-2.28,10.708],[0.923,9.566],[5.663,10.697],[2.271,3.326],[5.333,5.534],[5.892,5.374],[3.812,1.867],[5.568,2.178],[6.054,1.27],[9.732,-0.453],[7.239,0.075],[6.803,-1.267],[12.606,-7.088],[11.167,-12.87],[5.026,-13.932],[0.839,-6.751],[-1.868,-10.83],[-0.608,-3.579],[-0.868,-2.712],[-2.045,-6.026],[-2.192,-3.17],[-5.55,-6.117],[-5.657,-3.737],[-13.816,-3.936],[-6.327,-0.686],[-6.901,0.144],[-5.624,0.665]],"o":[[0.028,0.138],[3.518,-0.808],[20.268,-4.794],[5.067,-4.579],[2.73,-2.965],[3.408,-5.335],[4.031,-10.205],[2.023,-9.499],[-1.121,-11.617],[-1.915,-3.618],[-4.347,-6.37],[-5.509,-5.718],[-3.249,-2.964],[-5.393,-2.641],[-5.755,-2.251],[-9.096,-1.907],[-7.198,0.335],[-6.977,-0.074],[-13.871,2.584],[-15.126,8.504],[-9.658,11.131],[-2.327,6.451],[-1.324,10.652],[0.617,3.575],[0.463,2.731],[1.944,6.065],[1.248,3.679],[4.712,6.814],[4.556,5.021],[11.974,7.909],[6.165,1.756],[6.821,0.739],[5.675,-0.118],[6.28,-0.743]],"v":[[25.178,116.13],[25.262,116.544],[35.817,114.117],[90.519,87.29],[105.312,73.122],[112.062,62.903],[122.051,46.793],[131.957,15.357],[134.484,-13.78],[125.708,-47.928],[120.743,-59.177],[106.473,-77.411],[88.429,-93.112],[77.502,-99.555],[61.363,-107.536],[43.523,-112.777],[16.198,-118.545],[-5.502,-119.67],[-26.412,-118.638],[-66.28,-105.082],[-105.434,-72.741],[-127.31,-34.725],[-132.743,-14.857],[-133.541,17.38],[-133.265,28.379],[-129.871,36.24],[-124.445,54.562],[-119.452,65.141],[-104.388,84.914],[-88.875,98.253],[-49.961,115.798],[-31.238,120.154],[-10.546,120.226],[6.46,119.393]],"c":true},"ix":2},"nm":"패스 1","mn":"ADBE Vector Shape - Group","hd":false},{"ind":1,"ty":"sh","ix":2,"ks":{"a":0,"k":{"i":[[0,0],[2.13,0.867],[10.917,9.417],[4.344,5.165],[1.165,1.956],[2.977,6.567],[1.756,6.936],[1.006,8.358],[-0.558,8.379],[-2.923,9.76],[-5.309,9.834],[-5.503,6.612],[-6.917,5.968],[-9.081,5.715],[-5.073,2.067],[-4.625,1.21],[-5.88,1.016],[-2.733,0.052],[-8.85,-3.272],[-5.189,-0.863],[-11.677,-3.14],[-8.325,-3.927],[-6.539,-4.473],[-5.195,-4.833],[-3.839,-5.214],[-4.2,-6.863],[-1.011,-3.538],[-1.148,-9.703],[0.883,-10.181],[2.527,-9.155],[11.736,-14.418],[6.795,-6.301],[14.538,-5.14],[13.25,-2.424],[15.457,-0.767],[8.306,1.563],[5.308,1.674],[3.525,1.476]],"o":[[-2.345,-0.339],[-13.444,-5.469],[-5.031,-4.339],[-1.511,-1.796],[-3.698,-6.208],[-2.962,-6.532],[-2.063,-8.148],[-1.01,-8.403],[0.68,-10.204],[3.202,-10.688],[4.045,-7.491],[5.884,-7.069],[8.102,-6.991],[4.552,-2.864],[4.478,-1.825],[5.742,-1.503],[2.757,-0.477],[8.553,-0.165],[4.689,1.734],[11.941,1.986],[8.878,2.387],[7.134,3.364],[5.866,4.012],[4.732,4.404],[4.765,6.47],[1.935,3.162],[2.705,9.472],[1.196,10.107],[-0.82,9.458],[-4.951,17.932],[-5.837,7.17],[-11.349,10.525],[-12.705,4.491],[-15.227,2.785],[-8.276,0.41],[-5.461,-1.028],[-3.629,-1.144],[0,0]],"v":[[-70.623,130.568],[-77.628,129.476],[-114.136,106.809],[-127.069,91.275],[-132.061,86.293],[-142.45,67.265],[-149.811,47.008],[-154.175,22.116],[-155.78,-3.221],[-150.773,-33.573],[-137.67,-64.534],[-122.257,-85.219],[-103.63,-105.565],[-77.425,-124.294],[-62.201,-130.404],[-48.84,-136.006],[-31.184,-138.888],[-23.013,-140.807],[2.766,-140.591],[18.627,-140.157],[54.199,-132.794],[80.108,-123.065],[100.447,-110.75],[117.243,-97.576],[130.096,-82.951],[143.298,-62.742],[148.039,-52.635],[155.143,-23.977],[155.097,6.737],[150.019,34.858],[124.734,83.523],[105.405,103.536],[66.527,127.587],[27.405,138.102],[-18.785,143.454],[-43.836,139.853],[-59.988,135.585],[-70.582,131.219]],"c":true},"ix":2},"nm":"패스 2","mn":"ADBE Vector Shape - Group","hd":false},{"ty":"mm","mm":1,"nm":"패스 병합 1","mn":"ADBE Vector Filter - Merge","hd":false},{"ty":"fl","c":{"a":0,"k":[0,0,0,1],"ix":4},"o":{"a":0,"k":100,"ix":5},"r":1,"bm":0,"nm":"칠 1","mn":"ADBE Vector Graphic - Fill","hd":false},{"ty":"tr","p":{"a":0,"k":[489.578,689.69],"ix":2},"a":{"a":0,"k":[0,0],"ix":1},"s":{"a":0,"k":[100,100],"ix":3},"r":{"a":0,"k":0,"ix":6},"o":{"a":0,"k":100,"ix":7},"sk":{"a":0,"k":0,"ix":4},"sa":{"a":0,"k":0,"ix":5},"nm":"변형"}],"nm":"그룹 5","np":4,"cix":2,"bm":0,"ix":5,"mn":"ADBE Vector Group","hd":false}],"ip":0,"op":90.0000036657751,"st":0,"bm":0},{"ddd":0,"ind":2,"ty":4,"nm":"갈퀴 윤곽선","sr":1,"ks":{"o":{"a":0,"k":100,"ix":11},"r":{"a":1,"k":[{"i":{"x":[0.833],"y":[0.833]},"o":{"x":[0.167],"y":[0.167]},"t":30,"s":[0]},{"i":{"x":[0.833],"y":[0.833]},"o":{"x":[0.167],"y":[0.167]},"t":32,"s":[8]},{"i":{"x":[0.833],"y":[0.833]},"o":{"x":[0.167],"y":[0.167]},"t":34,"s":[0]},{"i":{"x":[0.833],"y":[0.833]},"o":{"x":[0.167],"y":[0.167]},"t":36,"s":[8]},{"t":38.0000015477717,"s":[0]}],"ix":10},"p":{"a":0,"k":[489.372,677.356,0],"ix":2},"a":{"a":0,"k":[489.372,677.356,0],"ix":1},"s":{"a":0,"k":[100,100,100],"ix":6}},"ao":0,"shapes":[{"ty":"gr","it":[{"ind":0,"ty":"sh","ix":1,"ks":{"a":0,"k":{"i":[[0.009,0.366],[3.271,0.853],[3.582,2.267],[5.85,4.647],[5.477,4.426],[3.637,-2.608],[-0.392,-2.819],[2.753,-11.234],[5.061,-6.023],[8.647,5.11],[7.428,11.235],[6.678,-1.779],[-0.515,-3.188],[7.179,-9.712],[7.602,1.993],[7.263,4.021],[1.93,2.487],[3.188,4.87],[1.24,2.585],[2.823,3.972],[4.077,-1.412],[2.017,-2.819],[2.548,-3.209],[3.765,-4.576],[10.477,1.134],[1.721,7.664],[-2.169,13.59],[3.628,2.229],[0.247,0.358],[4.631,-2.235],[5.92,-1.094],[4.744,2.433],[0.437,7.664],[-5.751,11.965],[0.017,4.433],[0.238,0.217],[2.258,-1.027],[7.336,-1.913],[6.858,-0.408],[-5.841,10.681],[-5.75,6.402],[-5.058,3.867],[-0.92,3.095],[3.662,1.556],[5.338,0.093],[9.055,11.613],[-1.347,5.024],[-3.045,7.241],[-1.873,1.251],[-4.256,3.123],[-9.069,2.033],[-0.307,3.136],[-0.618,0.63],[0.134,1.484],[4.502,2.216],[5.276,3.718],[1.487,4.076],[-1.635,4.272],[-5.071,2.741],[-9.752,-0.793],[-5.037,2.795],[0.018,0.363],[1.767,2.849],[4.112,4.444],[-5.238,7.928],[-8.52,-3.236],[-4.337,-4.812],[-1.708,-1.011],[-0.868,-0.341],[-1.194,0.617],[0.041,4.474],[-0.107,6.818],[-0.849,6.566],[-3.423,4.799],[-12.934,-3.127],[-5.161,-10.572],[-2.584,-7.658],[-6.347,2.808],[0.007,0.97],[-2.116,0.469],[0.059,4.399],[0.322,1.721],[-2.814,12.434],[-1.693,6.224],[-2.257,-9.42],[-2.09,-4.688],[-3.642,2.429],[-1.543,1.637],[1.139,3.893],[-4.265,11.002],[-3.208,4.543],[-6.596,-9.058],[-2.767,-6.721],[-1.68,-6.821],[-1.092,-4.066],[-1.87,-6.601],[-3.259,2.314],[-0.539,2.237],[-1.873,7.775],[-1.627,3.31],[-4.208,7.667],[-5.908,1.97],[-3.362,-6.123],[-0.737,-11.41],[-0.492,-4.042],[0.08,-1.796],[-0.187,-6.727],[-1.32,-1.018],[-3.716,-0.314],[-2.144,2.901],[-6.248,8.38],[-6.255,7.242],[-1.32,1.221],[-0.868,0.699],[0.093,-1.056],[0.697,-3.726],[5.694,-11.03],[1.751,-2.397],[-5.794,-2.42],[-2.3,2.726],[-12.72,2.135],[-4.373,-3.92],[1.768,-5.244],[3.635,-7.128],[3.06,-4.649],[2.532,-6.182],[-1.855,-2.799],[-5.785,2.742],[-11.114,-0.541],[-3.31,-1.29],[0.343,-3.731],[6.846,-9.259],[9.508,-7.251],[0.109,-5.017],[-4.837,2.005],[-1.253,-0.405],[-4.627,-2.611],[0.016,-8.051],[9.736,-10.816],[6.72,-5.585],[3.071,-2.708],[-0.128,-3.386],[-4.892,-4.261],[-0.654,-4.89],[15.501,-13.576],[11.068,2.626],[2.843,0.317],[1.557,-1.165],[1.756,-1.508],[-0.656,-2.337],[-0.869,-7.192],[5.069,-8.461],[4.395,-1.5],[3.236,-2.074]],"o":[[-3.493,0],[-4.076,-1.064],[-6.316,-3.997],[-5.51,-4.379],[-4.405,-3.561],[-2.036,1.46],[1.547,11.112],[-2.046,8.351],[-6.043,7.192],[-11.656,-6.888],[-4.196,-6.347],[-2.242,0.598],[2.11,13.067],[-4.569,6.183],[-8.454,-2.217],[-2.503,-1.386],[-3.582,-4.618],[-1.518,-2.317],[-2.111,-4.402],[-3.064,-4.312],[-2.775,0.961],[-2.393,3.344],[-3.682,4.639],[-7.137,8.677],[-5.628,-0.608],[-3.051,-13.587],[0.701,-4.395],[-0.422,-0.26],[-4.72,-6.86],[-5.699,2.751],[-4.874,0.901],[-7.485,-3.84],[-0.758,-13.26],[1.734,-3.609],[0,-0.247],[-1.768,-1.612],[-6.994,3.182],[-6.641,1.731],[-2.022,-13.935],[4.167,-7.62],[4.108,-4.575],[2.614,-1.998],[1.033,-3.475],[-4.459,-1.895],[-14.003,-0.245],[-3.367,-4.319],[2.032,-7.577],[0.707,-1.682],[4.393,-2.933],[7.921,-5.813],[2.806,-0.629],[0.079,-0.805],[1.684,-1.717],[-0.393,-4.356],[-5.837,-2.873],[-3.691,-2.602],[-1.61,-4.411],[2.264,-5.916],[7.855,-4.247],[5.894,0.479],[0.565,-0.313],[-0.187,-3.761],[-3.138,-5.059],[-7.089,-7.663],[5.052,-7.648],[6.587,2.501],[1.287,1.428],[0.79,0.468],[1.908,0.751],[3.115,-1.611],[-0.063,-6.833],[0.104,-6.587],[0.718,-5.549],[8.855,-12.415],[12.385,2.993],[3.538,7.246],[2.23,6.612],[1.165,-0.516],[-0.027,-3.367],[4.462,-0.989],[-0.023,-1.761],[-2.373,-12.699],[1.157,-5.114],[5.718,9.757],[1.203,5.023],[1.794,4.026],[1.93,-1.287],[3.755,-3.986],[-3.624,-12.392],[2.003,-5.169],[7.756,-10.984],[4.303,5.907],[2.643,6.419],[0.758,3.072],[-1.918,5.691],[1.068,3.769],[1.884,-1.336],[1.876,-7.774],[0.852,-3.538],[3.862,-7.852],[2.893,-5.273],[5.42,-1.807],[5.48,9.977],[0.261,4.034],[0.205,1.68],[-0.3,6.727],[0.043,1.566],[3.347,2.581],[2.933,0.248],[6.214,-8.408],[5.706,-7.656],[1.172,-1.357],[0.816,-0.756],[0.546,1.111],[-0.331,3.769],[-2.317,12.369],[-1.339,2.592],[-3.756,5.139],[2.362,0.987],[8.717,-10.337],[4.4,-0.739],[4.87,4.366],[-2.561,7.596],[-2.498,4.898],[-3.715,5.642],[-1.294,3.158],[3.304,4.987],[9.886,-4.685],[3.562,0.173],[4.652,1.813],[-1.043,11.334],[-7.132,9.644],[-3.236,2.468],[-0.166,7.544],[1.225,-0.508],[5.125,1.656],[7.184,4.053],[-0.03,14.775],[-5.824,6.471],[-3.166,2.631],[-2.038,1.798],[0.375,9.922],[4.623,4.024],[2.673,19.984],[-8.524,7.466],[-2.834,-0.673],[-1.868,-0.208],[-1.826,1.365],[-2.786,2.393],[1.963,7],[1.181,9.772],[-1.822,3.042],[-3.533,1.205],[-0.009,-0.367]],"v":[[169.855,230.565],[159.42,230.393],[147.764,225.131],[129.414,212.213],[113.605,198.166],[100.547,199.349],[97.755,208.053],[96.835,241.067],[85.689,262.075],[59.652,264.846],[31.34,237.262],[14.353,229.947],[7.802,241.226],[-3.548,274.133],[-29.746,280.818],[-51.635,268.784],[-57.341,261.363],[-68.064,247.51],[-70.535,239.179],[-77.836,226.455],[-90.249,223.402],[-96.841,231.221],[-103.708,241.469],[-115.325,254.932],[-142.411,264.471],[-154.547,249.842],[-155.089,209.036],[-159.05,199.481],[-160.358,198.794],[-174.661,198.703],[-191.459,207.292],[-207.151,203.467],[-216.925,184.12],[-208.243,146.618],[-207.943,133.447],[-208.553,132.713],[-223.437,130.989],[-244.555,140.119],[-265.308,141.636],[-258.009,105.576],[-243.629,83.833],[-227.753,73.254],[-221.799,65.024],[-226.64,56.976],[-240.488,52.924],[-276.136,36.609],[-279.444,22.135],[-271.551,-0.087],[-265.953,-3.679],[-252.871,-12.622],[-226.308,-21.004],[-221.329,-25.36],[-219.928,-27.641],[-215.003,-32.597],[-221.779,-43.22],[-238.947,-52.461],[-247.903,-62.92],[-248.296,-77.513],[-237.457,-93.317],[-211.387,-101.761],[-195.188,-105.565],[-193.687,-106.72],[-194.793,-117.826],[-206.766,-131.414],[-210.851,-165.41],[-188.007,-172.198],[-173.445,-159.598],[-168.502,-156.302],[-165.897,-155.292],[-160.296,-153.243],[-152.633,-160.504],[-153.984,-180.989],[-151.803,-200.718],[-145.734,-215.855],[-114.284,-226.644],[-89.651,-204.315],[-80.809,-181.725],[-66.727,-175.271],[-63.963,-178.135],[-59.405,-182.28],[-50.61,-192.566],[-50.966,-197.839],[-49.21,-235.5],[-44.799,-251.862],[-34.605,-223.286],[-30.033,-208.477],[-17.923,-205.848],[-12.124,-209.657],[-11.403,-222.743],[-6.72,-257.156],[1.373,-271.828],[27.362,-271.222],[38.44,-252.235],[43.605,-231.839],[46.327,-221.659],[47.82,-202.464],[64.435,-197.734],[68.563,-203.735],[73.413,-227.245],[77.727,-237.427],[89.607,-260.837],[102.669,-272.156],[119.346,-263.565],[128.843,-231.655],[131.277,-219.652],[129.779,-214.343],[129.487,-194.143],[132.172,-189.6],[142.786,-183.033],[151.999,-189.164],[169.569,-215.178],[188.14,-237.061],[191.984,-240.846],[194.58,-242.953],[196.119,-239.628],[194.459,-228.38],[180.829,-193.882],[175.409,-186.827],[180.133,-169.583],[194.535,-174.501],[227.747,-192.211],[242.754,-188.35],[245.542,-173.248],[236.437,-150.966],[226.692,-137.412],[216.443,-119.966],[217.387,-108.811],[233.869,-106.019],[265.099,-113.657],[275.668,-111.499],[280.448,-100.932],[268.217,-70.118],[243.094,-45.142],[236.123,-34.708],[250.969,-24.388],[255.138,-24.589],[270.289,-19.037],[280.157,0.133],[265.072,38.649],[245.735,56.36],[235.061,62.831],[233.22,71.089],[247.556,84.902],[255.099,99.294],[236.806,150.752],[206.644,157.284],[198.29,154.721],[192.509,156.551],[187.963,161.902],[187.97,168.356],[192.724,189.651],[186.387,217.199],[179.651,225.618],[169.883,231.664]],"c":true},"ix":2},"nm":"패스 1","mn":"ADBE Vector Shape - Group","hd":false},{"ty":"fl","c":{"a":0,"k":[0.937254961799,0.588235294118,0.435294147566,1],"ix":4},"o":{"a":0,"k":100,"ix":5},"r":1,"bm":0,"nm":"칠 1","mn":"ADBE Vector Graphic - Fill","hd":false},{"ty":"tr","p":{"a":0,"k":[488.637,676.399],"ix":2},"a":{"a":0,"k":[0,0],"ix":1},"s":{"a":0,"k":[100,100],"ix":3},"r":{"a":0,"k":0,"ix":6},"o":{"a":0,"k":100,"ix":7},"sk":{"a":0,"k":0,"ix":4},"sa":{"a":0,"k":0,"ix":5},"nm":"변형"}],"nm":"그룹 1","np":2,"cix":2,"bm":0,"ix":1,"mn":"ADBE Vector Group","hd":false},{"ty":"gr","it":[{"ind":0,"ty":"sh","ix":1,"ks":{"a":0,"k":{"i":[[-3.493,0],[-0.009,-0.367],[-3.533,1.205],[-1.822,3.042],[1.181,9.772],[1.963,7],[-2.786,2.393],[-1.826,1.365],[-1.868,-0.208],[-2.834,-0.673],[-8.524,7.466],[2.673,19.984],[4.623,4.024],[0.375,9.922],[-2.038,1.798],[-3.166,2.631],[-5.824,6.471],[-0.03,14.775],[7.184,4.053],[5.125,1.656],[1.225,-0.508],[-0.166,7.544],[-3.236,2.468],[-7.132,9.644],[-1.043,11.334],[4.652,1.813],[3.562,0.173],[9.886,-4.685],[3.304,4.987],[-1.294,3.158],[-3.715,5.642],[-2.498,4.898],[-2.561,7.596],[4.87,4.366],[4.4,-0.739],[8.717,-10.337],[2.362,0.987],[-3.756,5.139],[-1.339,2.592],[-2.317,12.369],[-0.331,3.769],[0.546,1.111],[0.816,-0.756],[1.172,-1.357],[5.706,-7.656],[6.214,-8.408],[2.933,0.248],[3.347,2.581],[0.043,1.566],[-0.3,6.727],[0.205,1.68],[0.261,4.034],[5.48,9.977],[5.42,-1.807],[2.893,-5.273],[3.862,-7.852],[0.852,-3.538],[1.876,-7.774],[1.884,-1.336],[1.068,3.769],[-1.918,5.691],[0.758,3.072],[2.643,6.419],[4.303,5.907],[7.756,-10.984],[2.003,-5.169],[-3.624,-12.392],[3.755,-3.986],[1.93,-1.287],[1.794,4.026],[1.203,5.023],[5.718,9.757],[1.157,-5.114],[-2.373,-12.699],[-0.023,-1.761],[4.462,-0.989],[-0.027,-3.367],[1.165,-0.516],[2.23,6.612],[3.538,7.246],[12.385,2.993],[8.855,-12.415],[0.718,-5.549],[0.104,-6.587],[-0.063,-6.833],[3.115,-1.611],[1.908,0.751],[0.79,0.468],[1.287,1.428],[6.587,2.501],[5.052,-7.648],[-7.089,-7.663],[-3.138,-5.059],[-0.187,-3.761],[0.565,-0.313],[5.894,0.479],[7.855,-4.247],[2.264,-5.916],[-1.61,-4.411],[-3.691,-2.602],[-5.837,-2.873],[-0.393,-4.356],[1.684,-1.717],[0.079,-0.805],[2.806,-0.629],[7.921,-5.813],[4.393,-2.933],[0.707,-1.682],[2.032,-7.577],[-3.367,-4.319],[-14.003,-0.245],[-4.459,-1.895],[1.033,-3.475],[2.614,-1.998],[4.108,-4.575],[4.167,-7.62],[-2.022,-13.935],[-6.641,1.731],[-6.994,3.182],[-1.768,-1.612],[0,-0.247],[1.734,-3.609],[-0.758,-13.26],[-7.485,-3.84],[-4.874,0.901],[-5.699,2.751],[-4.72,-6.86],[-0.422,-0.26],[0.701,-4.395],[-3.051,-13.587],[-5.628,-0.608],[-7.137,8.677],[-3.682,4.639],[-2.393,3.344],[-2.775,0.961],[-3.064,-4.312],[-2.111,-4.402],[-1.518,-2.317],[-3.582,-4.618],[-2.503,-1.386],[-8.454,-2.217],[-4.569,6.183],[2.11,13.067],[-2.242,0.598],[-4.196,-6.347],[-11.656,-6.888],[-6.043,7.192],[-2.046,8.351],[1.547,11.112],[-2.036,1.46],[-4.405,-3.561],[-5.51,-4.379],[-6.316,-3.997],[-4.076,-1.064]],"o":[[0.009,0.366],[3.236,-2.074],[4.395,-1.5],[5.069,-8.461],[-0.869,-7.192],[-0.656,-2.337],[1.756,-1.508],[1.557,-1.165],[2.843,0.317],[11.068,2.626],[15.501,-13.576],[-0.654,-4.89],[-4.892,-4.261],[-0.128,-3.386],[3.071,-2.708],[6.72,-5.585],[9.736,-10.816],[0.016,-8.051],[-4.627,-2.611],[-1.253,-0.405],[-4.837,2.005],[0.109,-5.017],[9.508,-7.251],[6.846,-9.259],[0.343,-3.731],[-3.31,-1.29],[-11.114,-0.541],[-5.785,2.742],[-1.855,-2.799],[2.532,-6.182],[3.06,-4.649],[3.635,-7.128],[1.768,-5.244],[-4.373,-3.92],[-12.72,2.135],[-2.3,2.726],[-5.794,-2.42],[1.751,-2.397],[5.694,-11.03],[0.697,-3.726],[0.093,-1.056],[-0.868,0.699],[-1.32,1.221],[-6.255,7.242],[-6.248,8.38],[-2.144,2.901],[-3.716,-0.314],[-1.32,-1.018],[-0.187,-6.727],[0.08,-1.796],[-0.492,-4.042],[-0.737,-11.41],[-3.362,-6.123],[-5.908,1.97],[-4.208,7.667],[-1.627,3.31],[-1.873,7.775],[-0.539,2.237],[-3.259,2.314],[-1.87,-6.601],[-1.092,-4.066],[-1.68,-6.821],[-2.767,-6.721],[-6.596,-9.058],[-3.208,4.543],[-4.265,11.002],[1.139,3.893],[-1.543,1.637],[-3.642,2.429],[-2.09,-4.688],[-2.257,-9.42],[-1.693,6.224],[-2.814,12.434],[0.322,1.721],[0.059,4.399],[-2.116,0.469],[0.007,0.97],[-6.347,2.808],[-2.584,-7.658],[-5.161,-10.572],[-12.934,-3.127],[-3.423,4.799],[-0.849,6.566],[-0.107,6.818],[0.041,4.474],[-1.194,0.617],[-0.868,-0.341],[-1.708,-1.011],[-4.337,-4.812],[-8.52,-3.236],[-5.238,7.928],[4.112,4.444],[1.767,2.849],[0.018,0.363],[-5.037,2.795],[-9.752,-0.793],[-5.071,2.741],[-1.635,4.272],[1.487,4.076],[5.276,3.718],[4.502,2.216],[0.134,1.484],[-0.618,0.63],[-0.307,3.136],[-9.069,2.033],[-4.256,3.123],[-1.873,1.251],[-3.045,7.241],[-1.347,5.024],[9.055,11.613],[5.338,0.093],[3.662,1.556],[-0.92,3.095],[-5.058,3.867],[-5.75,6.402],[-5.841,10.681],[6.858,-0.408],[7.336,-1.913],[2.258,-1.027],[0.238,0.217],[0.017,4.433],[-5.751,11.965],[0.437,7.664],[4.744,2.433],[5.92,-1.094],[4.631,-2.235],[0.247,0.358],[3.628,2.229],[-2.169,13.59],[1.721,7.664],[10.477,1.134],[3.765,-4.576],[2.548,-3.209],[2.017,-2.819],[4.077,-1.412],[2.823,3.972],[1.24,2.585],[3.188,4.87],[1.93,2.487],[7.263,4.021],[7.602,1.993],[7.179,-9.712],[-0.515,-3.188],[6.678,-1.779],[7.428,11.235],[8.647,5.11],[5.061,-6.023],[2.753,-11.234],[-0.392,-2.819],[3.637,-2.608],[5.477,4.426],[5.85,4.647],[3.582,2.267],[3.271,0.853]],"v":[[168.351,229.717],[168.378,230.817],[178.146,224.771],[184.883,216.352],[191.219,188.803],[186.466,167.508],[186.458,161.055],[191.005,155.703],[196.786,153.873],[205.14,156.437],[235.302,149.904],[253.594,98.446],[246.052,84.055],[231.716,70.242],[233.557,61.984],[244.23,55.513],[263.568,37.802],[278.653,-0.715],[268.784,-19.885],[253.633,-25.437],[249.464,-25.236],[234.618,-35.556],[241.589,-45.99],[266.713,-70.966],[278.943,-101.78],[274.164,-112.346],[263.594,-114.505],[232.365,-106.867],[215.883,-109.659],[214.938,-120.814],[225.188,-138.26],[234.932,-151.814],[244.037,-174.096],[241.25,-189.198],[226.242,-193.059],[193.031,-175.349],[178.628,-170.431],[173.904,-187.674],[179.325,-194.729],[192.954,-229.228],[194.615,-240.476],[193.076,-243.801],[190.479,-241.694],[186.635,-237.909],[168.065,-216.026],[150.495,-190.012],[141.281,-183.88],[130.667,-190.448],[127.982,-194.991],[128.274,-215.19],[129.773,-220.5],[127.339,-232.503],[117.841,-264.413],[101.164,-273.004],[88.102,-261.685],[76.222,-238.275],[71.909,-228.093],[67.058,-204.583],[62.93,-198.582],[46.315,-203.311],[44.823,-222.507],[42.101,-232.687],[36.935,-253.083],[25.857,-272.07],[-0.131,-272.675],[-8.224,-258.003],[-12.907,-223.591],[-13.628,-210.505],[-19.427,-206.695],[-31.537,-209.325],[-36.109,-224.134],[-46.303,-252.71],[-50.714,-236.348],[-52.47,-198.687],[-52.114,-193.414],[-60.909,-183.128],[-65.467,-178.983],[-68.231,-176.119],[-82.313,-182.573],[-91.155,-205.163],[-115.788,-227.492],[-147.238,-216.703],[-153.307,-201.565],[-155.488,-181.836],[-154.137,-161.352],[-161.8,-154.091],[-167.401,-156.14],[-170.006,-157.15],[-174.949,-160.445],[-189.511,-173.046],[-212.355,-166.258],[-208.27,-132.262],[-196.297,-118.674],[-195.191,-107.568],[-196.692,-106.413],[-212.891,-102.609],[-238.961,-94.164],[-249.8,-78.361],[-249.407,-63.768],[-240.451,-53.309],[-223.283,-44.068],[-216.507,-33.445],[-221.432,-28.489],[-222.833,-26.208],[-227.812,-21.852],[-254.375,-13.469],[-267.457,-4.526],[-273.055,-0.935],[-280.948,21.287],[-277.64,35.761],[-241.992,52.076],[-228.144,56.128],[-223.303,64.177],[-229.257,72.406],[-245.133,82.985],[-259.513,104.729],[-266.812,140.789],[-246.059,139.271],[-224.941,130.141],[-210.057,131.865],[-209.447,132.599],[-209.747,145.771],[-218.429,183.273],[-208.655,202.62],[-192.963,206.445],[-176.165,197.855],[-161.862,197.946],[-160.554,198.633],[-156.593,208.188],[-156.051,248.995],[-143.915,263.623],[-116.829,254.084],[-105.212,240.622],[-98.345,230.373],[-91.753,222.555],[-79.34,225.607],[-72.039,238.331],[-69.568,246.662],[-58.845,260.516],[-53.139,267.937],[-31.25,279.971],[-5.052,273.286],[6.298,240.378],[12.849,229.099],[29.836,236.414],[58.148,263.998],[84.185,261.227],[95.331,240.219],[96.25,207.206],[99.043,198.502],[112.101,197.318],[127.909,211.365],[146.26,224.284],[157.915,229.545]],"c":true},"ix":2},"nm":"패스 1","mn":"ADBE Vector Shape - Group","hd":false},{"ind":1,"ty":"sh","ix":2,"ks":{"a":0,"k":{"i":[[0.291,2.959],[7.473,1.083],[5.516,10.769],[-0.597,9.265],[-0.233,6.957],[-0.19,1.394],[6.683,0.588],[4.436,3.775],[-2.668,12.747],[-5.397,10.557],[-2.035,2.539],[-1.814,6.114],[3.571,2.025],[3.507,12.228],[0.031,2.7],[-2.37,7.468],[-1.45,4.539],[-1.485,1.891],[-2.149,2.77],[-11.697,4.345],[0.676,0.564],[2.714,8.128],[-9.734,11.297],[-13.825,3.296],[-0.34,0.312],[-3.779,15.185],[-11.141,4.935],[-5.397,0.058],[-7.899,-1.123],[-1.315,4.596],[-2.806,5.146],[-4.807,4.11],[-8.664,-0.917],[-3.864,0.236],[-12.353,-13.91],[-2.744,-3.31],[-0.936,4.273],[-5.723,9.263],[-7.4,-0.504],[-4.51,-2.586],[-1.038,-1.182],[-1.427,2.24],[-4.15,4.873],[-7.367,2.402],[-7.381,-4.951],[-4.818,-11.625],[-1.604,-4.749],[-3.485,4.919],[-13.527,2.799],[-6.201,-2.575],[-4.501,-18.797],[-0.885,-6.818],[-1.677,3.068],[-8.556,5.982],[-5.673,0.668],[-0.215,-11.307],[1.27,-9.535],[0.736,-2.006],[-2.236,0.178],[-4.31,-0.497],[-5.045,-1.953],[-3.461,-2.337],[-1.255,-4.651],[2.669,-8.621],[5.333,-6.986],[0.755,-2.298],[-3.702,2.738],[-2.568,-0.066],[-6.323,-6.263],[5.033,-14.844],[2.908,-5.932],[2.702,-3.487],[2.603,-4.138],[-1.719,-0.598],[-2.916,-10.53],[8.739,-16.145],[6.875,-7.224],[2.773,-2.336],[1.05,-1.544],[-2.264,-4.629],[-0.343,-5.359],[0.405,-7.194],[1.139,-3.511],[13.359,-8.885],[9.32,0.412],[3.707,-0.672],[0.253,-6.327],[0.715,-2.675],[8.791,-8.286],[5.36,-2.639],[4.598,-0.06],[4.785,3.792],[2.861,0.401],[8.993,4.905],[3.991,-8.62],[9.917,-4.448],[1.282,-0.942],[6.375,-0.434],[1.685,-0.174],[2.863,1.764],[7.998,5.708],[0.768,1.006],[15.159,-5.661],[6.125,2.14],[3.948,0.515],[4.214,1.922],[4.223,3.926],[6.172,14.306],[10.191,-5.762],[9.086,0.812],[6.922,4.446],[3.201,6.156],[0.71,9.335]],"o":[[-7.806,0.407],[-11.411,-1.654],[-3.807,-7.43],[0.447,-6.941],[0.049,-1.44],[-7.11,0.522],[-6.309,-0.555],[-9.174,-7.808],[2.423,-11.579],[1.182,-2.313],[-1.558,-6.496],[-3.504,-1.606],[-10.113,-5.734],[-0.807,-2.814],[-0.094,-8.072],[1.343,-4.233],[0.669,-2.094],[2.166,-2.757],[7.669,-9.886],[-0.47,-0.909],[-6.818,-5.689],[-4.749,-14.231],[8.96,-10.399],[0.274,-0.066],[-8.125,-13.227],[2.788,-11.201],[5.054,-2.238],[7.371,-0.081],[0.577,-3.226],[1.628,-5.686],[3.09,-5.666],[5.127,-4.383],[3.655,0.387],[18.718,-1.144],[1.941,2.185],[0.79,-5.277],[2.273,-10.388],[4.028,-6.518],[4.789,0.326],[1.585,0.909],[1.128,-2.65],[3.452,-5.418],[5.59,-6.564],[9.148,-2.983],[10.382,6.963],[1.625,3.921],[3.514,-6.201],[7.356,-10.381],[6.682,-1.383],[19.844,8.239],[1.378,5.755],[2.928,-3.072],[5.191,-9.5],[4.748,-3.32],[10.411,-1.227],[0.181,9.531],[-0.275,2.066],[2.203,-0.594],[4.359,-0.348],[5.424,0.626],[3.758,1.454],[4.082,2.756],[2.316,8.583],[-2.581,8.335],[-1.4,1.834],[3.273,2.603],[1.685,-1.246],[8.705,0.223],[12.126,12.012],[-2.127,6.272],[-1.913,3.904],[-3.016,3.892],[-0.457,0.728],[11.637,4.046],[4.762,17.199],[-4.8,8.867],[-2.458,2.582],[-1.536,1.294],[3.226,4.095],[2.525,5.162],[0.46,7.179],[-0.207,3.664],[-4.838,14.917],[-6.779,4.509],[-3.669,-0.163],[0,5.372],[-0.11,2.727],[-2.9,10.856],[-4.201,3.96],[-4.245,2.09],[-4.711,0.06],[-1.912,-1.515],[-11.161,-1.564],[-3.089,8.668],[-4.342,9.374],[-1.428,0.64],[-5.739,4.213],[-1.468,0.1],[-3.532,-0.68],[-8.352,-5.147],[-1.01,-0.721],[-6.233,14.423],[-4.367,1.631],[-3.561,-1.245],[-4.642,-0.607],[-5.311,-2.423],[-10.781,-10.022],[-6.732,10.823],[-7.412,4.19],[-8.014,-0.717],[-6.021,-3.867],[-4.473,-8.601],[-0.244,-3.212]],"v":[[-180.82,226.628],[-203.962,227.557],[-231.852,210.377],[-240.339,186.32],[-239.708,165.448],[-239.148,161.183],[-259.793,162.456],[-278.137,157.268],[-289.69,125.937],[-278.164,92.596],[-272.882,85.883],[-264.701,70.782],[-275.668,65.695],[-298.967,41.535],[-302.471,33.458],[-300.793,9.396],[-295.735,-3.734],[-291.091,-9.185],[-284.836,-17.645],[-255.009,-37.651],[-256.388,-40.219],[-270.877,-61.328],[-263.029,-100.55],[-229.315,-122.41],[-228.496,-123.138],[-236.203,-165.825],[-216.6,-191.741],[-200.508,-196.081],[-177.845,-193.141],[-175.481,-205.8],[-169.334,-222.453],[-157.844,-238.109],[-139.567,-247.947],[-128.151,-250.863],[-81.715,-230.957],[-75.229,-223.154],[-73.093,-237.091],[-63.17,-267.273],[-45.706,-277.749],[-31.775,-271.024],[-28.138,-267.028],[-24.84,-274.592],[-12.867,-289.584],[6.909,-301.051],[31.951,-296.381],[54.669,-268.035],[59.037,-255.243],[68.609,-271.927],[97.367,-295.133],[116.747,-292.82],[147.591,-248.153],[150.102,-229.555],[157.894,-237.935],[179.445,-260.414],[195.799,-267.117],[216.4,-246.758],[213.249,-218.106],[211.109,-212.081],[217.724,-213.789],[230.842,-214.04],[246.874,-210.581],[257.039,-203.331],[265.363,-192.284],[264.834,-166.505],[253.52,-143.401],[251.143,-136.535],[260.946,-136.142],[268.508,-136.47],[290.56,-126.62],[298.019,-86.029],[290.692,-67.555],[283.014,-56.801],[273.941,-45.177],[277.627,-40.023],[298.401,-16.038],[292.279,34.269],[275.082,58.518],[266.226,64.866],[262.765,69.784],[270.639,82.69],[275.185,98.164],[274.997,119.787],[272.753,130.674],[247.442,168.209],[224.742,178.148],[213.629,180.025],[213.549,198.068],[211.836,206.19],[197.549,236.159],[184.073,246.156],[171.185,250.911],[156.776,249.649],[148.308,248.544],[120.049,234.477],[110.39,261.039],[89.758,282.922],[85.825,285.615],[66.951,288.854],[62.211,287.456],[51.72,285.245],[27.485,268.48],[25.112,265.453],[-4.818,298.445],[-20.099,301.894],[-32.077,301.786],[-45.739,298.344],[-60.716,289.127],[-88.553,254.703],[-114.065,279.474],[-139.064,285.698],[-161.886,279.414],[-174.452,263.333],[-179.909,236]],"c":true},"ix":2},"nm":"패스 2","mn":"ADBE Vector Shape - Group","hd":false},{"ty":"mm","mm":1,"nm":"패스 병합 1","mn":"ADBE Vector Filter - Merge","hd":false},{"ty":"fl","c":{"a":0,"k":[0,0,0,1],"ix":4},"o":{"a":0,"k":100,"ix":5},"r":1,"bm":0,"nm":"칠 1","mn":"ADBE Vector Graphic - Fill","hd":false},{"ty":"tr","p":{"a":0,"k":[490.141,677.247],"ix":2},"a":{"a":0,"k":[0,0],"ix":1},"s":{"a":0,"k":[100,100],"ix":3},"r":{"a":0,"k":0,"ix":6},"o":{"a":0,"k":100,"ix":7},"sk":{"a":0,"k":0,"ix":4},"sa":{"a":0,"k":0,"ix":5},"nm":"변형"}],"nm":"그룹 2","np":4,"cix":2,"bm":0,"ix":2,"mn":"ADBE Vector Group","hd":false}],"ip":0,"op":90.0000036657751,"st":0,"bm":0},{"ddd":0,"ind":3,"ty":4,"nm":"몸 윤곽선","sr":1,"ks":{"o":{"a":0,"k":100,"ix":11},"r":{"a":0,"k":0,"ix":10},"p":{"a":0,"k":[750,750,0],"ix":2},"a":{"a":0,"k":[750,750,0],"ix":1},"s":{"a":0,"k":[100,100,100],"ix":6}},"ao":0,"shapes":[{"ty":"gr","it":[{"ind":0,"ty":"sh","ix":1,"ks":{"a":0,"k":{"i":[[-4.573,1],[-2.035,-14.879],[-2.058,-11.681],[-2.422,-10.042],[-3.381,-10.28],[2.407,-3.905],[8.063,2.161],[2.053,11.577],[3.663,17.997],[0.59,6.97],[0.457,9.651],[-0.323,6.985],[-6.056,0.32]],"o":[[1.493,14.602],[1.605,11.737],[1.798,10.204],[2.53,10.493],[0.808,2.459],[-4.108,6.664],[-10.314,-2.764],[-3.204,-18.07],[-1.387,-6.815],[-0.814,-9.633],[-0.329,-6.978],[0.27,-5.834],[4.613,-0.244]],"v":[[-3.542,-78.657],[1.13,-34.175],[7.613,0.808],[12.695,31.463],[22.46,62.413],[24.524,69.955],[8.562,76.496],[-10.592,56.605],[-22.309,2.766],[-24.362,-18.105],[-26.603,-47.018],[-26.403,-68.002],[-17.271,-75.808]],"c":true},"ix":2},"nm":"패스 1","mn":"ADBE Vector Shape - Group","hd":false},{"ty":"fl","c":{"a":0,"k":[0.937254961799,0.588235294118,0.435294147566,1],"ix":4},"o":{"a":0,"k":100,"ix":5},"r":1,"bm":0,"nm":"칠 1","mn":"ADBE Vector Graphic - Fill","hd":false},{"ty":"tr","p":{"a":0,"k":[1043.028,1075.546],"ix":2},"a":{"a":0,"k":[0,0],"ix":1},"s":{"a":0,"k":[100,100],"ix":3},"r":{"a":0,"k":0,"ix":6},"o":{"a":0,"k":100,"ix":7},"sk":{"a":0,"k":0,"ix":4},"sa":{"a":0,"k":0,"ix":5},"nm":"변형"}],"nm":"그룹 1","np":2,"cix":2,"bm":0,"ix":1,"mn":"ADBE Vector Group","hd":false},{"ty":"gr","it":[{"ind":0,"ty":"sh","ix":1,"ks":{"a":0,"k":{"i":[[3.239,3.588],[-0.359,2.325],[-1.072,9.18],[-0.711,8.823],[-0.153,1.847],[-0.309,2.271],[-0.727,6.242],[-13.722,-1.168],[0.33,-9.458],[1.59,-17.538],[7.117,-8.7],[5.829,-0.052],[6.382,4.103],[-2.735,7.03]],"o":[[1.219,-3.359],[1.409,-9.133],[1.027,-8.791],[0.148,-1.848],[0.187,-2.267],[0.848,-6.245],[12.626,1.076],[0.137,9.117],[-0.615,17.611],[-1.001,11.037],[-3.143,3.842],[-6.87,0.062],[-6.252,-4.019],[1.614,-4.148]],"v":[[-23.523,31.411],[-20.737,23.533],[-16.982,-3.939],[-14.45,-30.375],[-15.163,-36.014],[-13.604,-42.734],[-11.376,-61.495],[27.179,-58.212],[27.516,-30.149],[24.696,22.638],[12.78,53.016],[-0.696,60.012],[-20.84,57.391],[-25.11,43.564]],"c":true},"ix":2},"nm":"패스 1","mn":"ADBE Vector Shape - Group","hd":false},{"ty":"fl","c":{"a":0,"k":[0.937254961799,0.588235294118,0.435294147566,1],"ix":4},"o":{"a":0,"k":100,"ix":5},"r":1,"bm":0,"nm":"칠 1","mn":"ADBE Vector Graphic - Fill","hd":false},{"ty":"tr","p":{"a":0,"k":[677.866,1083.855],"ix":2},"a":{"a":0,"k":[0,0],"ix":1},"s":{"a":0,"k":[100,100],"ix":3},"r":{"a":0,"k":0,"ix":6},"o":{"a":0,"k":100,"ix":7},"sk":{"a":0,"k":0,"ix":4},"sa":{"a":0,"k":0,"ix":5},"nm":"변형"}],"nm":"그룹 2","np":2,"cix":2,"bm":0,"ix":2,"mn":"ADBE Vector Group","hd":false},{"ty":"gr","it":[{"ind":0,"ty":"sh","ix":1,"ks":{"a":0,"k":{"i":[[-2.667,3.681],[-4.2,-0.11],[-10.526,-0.077],[-7.297,-0.255],[-7.042,-0.704],[-8.723,-0.376],[-13.388,-7.83],[-9.705,-7.527],[-5.639,-6.593],[-3.186,-5.285],[-2.419,-6.398],[-4.746,-15.503],[-1.837,-9.606],[-1.416,-8.036],[-0.349,-3.229],[1.132,-14.775],[0.333,-9.119],[0.356,-5.7],[0.618,-14.219],[0.266,-13.381],[-0.013,-12.789],[0.552,-7.33],[1.994,-7.06],[4.779,-13.335],[3.458,-6.42],[0.996,-0.244],[4.74,-0.73],[1.561,0.642],[4.034,1.853],[2.304,2.46],[3.371,9.95],[4.269,15.993],[0.587,4.067],[0.585,4.916],[0.829,8.918],[-0.145,7.496],[7.201,3.332],[3.009,-0.601],[1.8,-0.469],[6.169,-1.275],[7.456,-1.274],[6.166,-2.513],[8.742,-1.479],[12.978,-1.619],[13.374,-1.32],[18.888,-1.732],[8.827,0.215],[8.062,0.213],[10.522,0.442],[8.286,0.43],[5.22,0.24],[4.061,0.528],[5.003,0.789],[1.332,-10.396],[1.524,-6.961],[-0.161,-0.574],[0.139,-7.124],[0.777,-7.232],[2.374,-10.388],[3.741,-8.538],[8.547,0.623],[7.918,8.517],[3.557,12.303],[1.566,9.719],[1.126,10.941],[2.373,11.585],[0.669,5.015],[0.268,5.448],[0.137,11.851],[-0.523,5.85],[-0.761,8.084],[-0.5,4.056],[2.903,5.255],[-0.564,2.236],[-2.12,8.418],[-2.451,9.212],[-2.371,6.892],[-2.042,4.098],[-4.483,7.862],[-5.813,8.444],[-6.916,10.281],[-9.993,5.771],[-11.106,3.459],[-10.237,2.151],[-5.705,1.016],[-8.768,1.617],[-2.043,0.244],[-5.14,1.703],[-9.465,1.793],[-10.919,0.888],[-5.312,0.306],[-4.495,-0.004],[-4.02,-0.041],[-6.563,0.464]],"o":[[5.303,0.558],[10.521,0.275],[7.305,0.054],[7.071,0.247],[8.712,0.871],[15.796,0.681],[10.645,6.226],[6.743,5.229],[4.041,4.725],[3.521,5.84],[5.738,15.18],[2.843,9.286],[1.532,8.018],[0.559,3.174],[1.599,14.799],[-0.696,9.083],[-0.208,5.701],[-0.886,14.205],[-0.581,13.37],[-0.255,12.786],[0.007,7.39],[-0.551,7.302],[-3.851,13.638],[-2.439,6.807],[-0.459,0.853],[-4.666,1.142],[-1.541,0.237],[-3.026,-1.245],[-1.316,-1.376],[-7.228,-7.713],[-5.376,-15.869],[-1.067,-3.998],[-0.706,-4.891],[-1.058,-8.902],[-0.694,-7.458],[0.159,-8.241],[-2.374,-1.099],[-1.808,0.36],[-6.099,1.588],[-7.404,1.53],[-6.737,1.152],[-8.696,3.544],[-12.882,2.18],[-13.34,1.663],[-18.875,1.862],[-8.818,0.809],[-8.063,-0.196],[-10.526,-0.278],[-8.291,-0.347],[-5.219,-0.27],[-4.122,-0.189],[-5.011,-0.651],[-10.164,-1.604],[-0.902,7.04],[-0.14,0.642],[2.051,7.276],[-0.14,7.243],[-1.147,10.67],[-2.011,8.803],[-4.755,10.852],[-12.355,-0.899],[-8.885,-9.557],[-2.735,-9.46],[-1.747,-10.844],[-1.217,-11.827],[-1.087,-5.305],[-0.719,-5.39],[-0.584,-11.844],[-0.068,-5.829],[0.721,-8.089],[0.382,-4.063],[0.61,-4.944],[-0.791,-1.431],[2.122,-8.418],[2.328,-9.245],[1.877,-7.053],[1.478,-4.297],[4.043,-8.111],[5.078,-8.905],[7.029,-10.21],[6.736,-10.015],[9.948,-5.746],[9.969,-3.104],[5.66,-1.189],[8.777,-1.563],[2,-0.369],[5.457,-0.653],[9.321,-3.088],[10.696,-2.026],[5.308,-0.432],[4.478,-0.258],[4.02,0.003],[6.605,0.068],[4.576,-0.323]],"v":[[58.878,-259.826],[72.565,-258.44],[104.141,-258.064],[126.056,-257.97],[147.241,-256.489],[173.333,-253.514],[216.802,-239.86],[247.957,-219.928],[265.44,-200.714],[276.917,-186.023],[285.67,-167.428],[302.019,-121.573],[307.453,-92.764],[312.298,-68.759],[312.679,-59.006],[312.132,-14.704],[311.578,12.666],[310.162,29.742],[307.737,72.372],[306.596,112.508],[306.183,150.874],[306.706,173.032],[302.71,194.737],[289.952,235.297],[280.012,254.765],[277.341,256.579],[263.252,259.589],[258.349,258.346],[248.348,253.794],[242.376,247.544],[228.033,220.528],[218.036,171.928],[214.911,159.924],[213.907,145.089],[210.313,118.436],[209.658,95.938],[199.155,78.258],[190.11,79.211],[184.865,81.203],[166.495,85.68],[144.169,89.728],[124.038,93.264],[97.646,96.813],[58.732,101.768],[18.71,106.737],[-37.985,111.61],[-64.425,112.131],[-88.625,112.05],[-120.19,110.738],[-145.062,109.705],[-160.702,108.552],[-173.078,108.435],[-187.957,105.273],[-205.423,119.381],[-209.892,140.276],[-210.182,142.214],[-212.012,163.382],[-214.223,185.078],[-217.937,217.023],[-225.94,243.214],[-250.685,258.287],[-280.098,242.415],[-297.34,208.617],[-303.874,179.77],[-307.531,146.983],[-311.417,111.563],[-311.644,96.485],[-312.638,80.159],[-314.21,44.621],[-312.359,27.109],[-310.463,2.82],[-308.61,-9.303],[-308.389,-24.296],[-306.715,-30.834],[-300.41,-56.103],[-293.341,-83.816],[-287.26,-104.847],[-281.324,-117.22],[-269.057,-141.478],[-252.691,-167.539],[-230.856,-197.653],[-205.174,-221.344],[-172.596,-233.784],[-142.093,-241.16],[-124.853,-243.493],[-98.61,-248.673],[-92.388,-248.585],[-76.118,-251.098],[-47.605,-254.977],[-14.884,-257.715],[1.013,-259.324],[14.495,-259.284],[26.556,-259.36],[46.359,-259.167]],"c":true},"ix":2},"nm":"패스 1","mn":"ADBE Vector Shape - Group","hd":false},{"ty":"fl","c":{"a":0,"k":[0.937254961799,0.588235294118,0.435294147566,1],"ix":4},"o":{"a":0,"k":100,"ix":5},"r":1,"bm":0,"nm":"칠 1","mn":"ADBE Vector Graphic - Fill","hd":false},{"ty":"tr","p":{"a":0,"k":[852.465,894.268],"ix":2},"a":{"a":0,"k":[0,0],"ix":1},"s":{"a":0,"k":[100,100],"ix":3},"r":{"a":0,"k":0,"ix":6},"o":{"a":0,"k":100,"ix":7},"sk":{"a":0,"k":0,"ix":4},"sa":{"a":0,"k":0,"ix":5},"nm":"변형"}],"nm":"그룹 3","np":2,"cix":2,"bm":0,"ix":3,"mn":"ADBE Vector Group","hd":false},{"ty":"gr","it":[{"ind":0,"ty":"sh","ix":1,"ks":{"a":0,"k":{"i":[[1.493,14.602],[4.613,-0.244],[0.27,-5.834],[-0.329,-6.978],[-0.814,-9.633],[-1.387,-6.815],[-3.204,-18.07],[-10.314,-2.764],[-4.108,6.664],[0.808,2.459],[2.53,10.493],[1.798,10.204],[1.605,11.737]],"o":[[-4.573,1],[-6.056,0.32],[-0.323,6.985],[0.457,9.651],[0.59,6.97],[3.663,17.997],[2.053,11.577],[8.063,2.161],[2.407,-3.905],[-3.381,-10.28],[-2.422,-10.042],[-2.058,-11.681],[-2.035,-14.879]],"v":[[187.702,101.728],[173.974,104.577],[164.842,112.383],[164.642,133.367],[166.883,162.28],[168.936,183.151],[180.653,236.99],[199.807,256.881],[215.769,250.34],[213.705,242.798],[203.94,211.848],[198.858,181.193],[192.374,146.21]],"c":true},"ix":2},"nm":"패스 1","mn":"ADBE Vector Shape - Group","hd":false},{"ind":1,"ty":"sh","ix":2,"ks":{"a":0,"k":{"i":[[1.219,-3.359],[1.614,-4.148],[-6.251,-4.019],[-6.87,0.062],[-3.143,3.842],[-1.001,11.037],[-0.614,17.611],[0.137,9.117],[12.626,1.075],[0.849,-6.245],[0.187,-2.267],[0.149,-1.849],[1.027,-8.791],[1.41,-9.133]],"o":[[3.239,3.588],[-2.736,7.03],[6.383,4.103],[5.83,-0.052],[7.117,-8.7],[1.591,-17.538],[0.331,-9.458],[-13.721,-1.168],[-0.727,6.242],[-0.308,2.271],[-0.152,1.847],[-0.711,8.823],[-1.072,9.179],[-0.359,2.325]],"v":[[-197.441,220.105],[-199.027,232.258],[-194.758,246.085],[-174.614,248.706],[-161.137,241.709],[-149.222,211.332],[-146.402,158.545],[-146.739,130.482],[-185.294,127.199],[-187.522,145.959],[-189.081,152.68],[-188.368,158.319],[-190.9,184.755],[-194.655,212.227]],"c":true},"ix":2},"nm":"패스 2","mn":"ADBE Vector Shape - Group","hd":false},{"ind":2,"ty":"sh","ix":3,"ks":{"a":0,"k":{"i":[[5.303,0.558],[4.576,-0.323],[6.605,0.068],[4.021,0.003],[4.478,-0.259],[5.308,-0.432],[10.695,-2.026],[9.32,-3.088],[5.457,-0.653],[2,-0.369],[8.777,-1.563],[5.66,-1.189],[9.969,-3.105],[9.948,-5.746],[6.736,-10.015],[7.029,-10.21],[5.078,-8.905],[4.042,-8.111],[1.478,-4.297],[1.877,-7.053],[2.328,-9.245],[2.122,-8.418],[-0.791,-1.431],[0.609,-4.945],[0.382,-4.063],[0.722,-8.088],[-0.068,-5.829],[-0.583,-11.845],[-0.719,-5.39],[-1.087,-5.304],[-1.217,-11.828],[-1.747,-10.844],[-2.735,-9.46],[-8.885,-9.557],[-12.355,-0.899],[-4.755,10.852],[-2.012,8.803],[-1.147,10.67],[-0.14,7.244],[2.051,7.276],[-0.14,0.642],[-0.902,7.041],[-10.164,-1.604],[-5.011,-0.651],[-4.122,-0.189],[-5.22,-0.27],[-8.291,-0.348],[-10.526,-0.278],[-8.063,-0.196],[-8.818,0.808],[-18.875,1.862],[-13.34,1.663],[-12.881,2.18],[-8.696,3.543],[-6.737,1.152],[-7.404,1.53],[-6.099,1.588],[-1.809,0.36],[-2.374,-1.099],[0.159,-8.241],[-0.694,-7.458],[-1.058,-8.902],[-0.706,-4.891],[-1.067,-3.998],[-5.376,-15.869],[-7.228,-7.713],[-1.316,-1.376],[-3.026,-1.245],[-1.541,0.237],[-4.666,1.141],[-0.459,0.853],[-2.439,6.806],[-3.851,13.637],[-0.551,7.302],[0.007,7.39],[-0.255,12.786],[-0.581,13.37],[-0.886,14.206],[-0.208,5.701],[-0.696,9.083],[1.599,14.799],[0.559,3.174],[1.532,8.018],[2.843,9.286],[5.738,15.181],[3.521,5.84],[4.041,4.725],[6.743,5.229],[10.645,6.226],[15.796,0.681],[8.712,0.871],[7.071,0.247],[7.305,0.054],[10.521,0.275]],"o":[[-2.667,3.681],[-6.563,0.464],[-4.02,-0.041],[-4.495,-0.004],[-5.312,0.306],[-10.919,0.888],[-9.465,1.792],[-5.14,1.703],[-2.043,0.244],[-8.768,1.617],[-5.705,1.016],[-10.237,2.151],[-11.106,3.459],[-9.993,5.771],[-6.916,10.281],[-5.813,8.444],[-4.483,7.862],[-2.042,4.098],[-2.371,6.892],[-2.451,9.212],[-2.12,8.418],[-0.564,2.236],[2.903,5.255],[-0.5,4.056],[-0.761,8.084],[-0.522,5.851],[0.137,11.851],[0.269,5.448],[0.669,5.015],[2.373,11.586],[1.126,10.941],[1.566,9.719],[3.557,12.303],[7.918,8.517],[8.547,0.623],[3.741,-8.538],[2.374,-10.389],[0.777,-7.232],[0.139,-7.123],[-0.162,-0.574],[1.524,-6.962],[1.332,-10.395],[5.003,0.789],[4.061,0.528],[5.22,0.24],[8.286,0.43],[10.522,0.442],[8.062,0.213],[8.827,0.214],[18.888,-1.732],[13.374,-1.32],[12.978,-1.619],[8.742,-1.479],[6.166,-2.513],[7.456,-1.274],[6.169,-1.275],[1.8,-0.469],[3.009,-0.601],[7.201,3.332],[-0.145,7.496],[0.829,8.918],[0.585,4.916],[0.587,4.067],[4.269,15.993],[3.371,9.95],[2.304,2.459],[4.034,1.853],[1.561,0.642],[4.74,-0.73],[0.996,-0.244],[3.458,-6.421],[4.779,-13.335],[1.994,-7.06],[0.552,-7.33],[-0.013,-12.789],[0.266,-13.381],[0.618,-14.219],[0.356,-5.699],[0.333,-9.119],[1.132,-14.775],[-0.349,-3.229],[-1.416,-8.036],[-1.837,-9.606],[-4.746,-15.503],[-2.419,-6.397],[-3.186,-5.286],[-5.639,-6.593],[-9.705,-7.527],[-13.388,-7.83],[-8.723,-0.376],[-7.042,-0.704],[-7.297,-0.255],[-10.526,-0.078],[-4.2,-0.11]],"v":[[59.56,-260.719],[47.041,-260.06],[27.238,-260.253],[15.176,-260.177],[1.695,-260.217],[-14.202,-258.608],[-46.923,-255.87],[-75.436,-251.991],[-91.706,-249.478],[-97.928,-249.566],[-124.171,-244.386],[-141.411,-242.053],[-171.914,-234.677],[-204.492,-222.237],[-230.174,-198.546],[-252.009,-168.432],[-268.375,-142.371],[-280.642,-118.113],[-286.578,-105.74],[-292.659,-84.709],[-299.728,-56.996],[-306.033,-31.727],[-307.707,-25.189],[-307.928,-10.196],[-309.781,1.927],[-311.678,26.215],[-313.528,43.728],[-311.957,79.266],[-310.962,95.592],[-310.735,110.669],[-306.849,146.09],[-303.192,178.877],[-296.658,207.724],[-279.416,241.522],[-250.003,257.394],[-225.258,242.321],[-217.255,216.13],[-213.541,184.185],[-211.33,162.488],[-209.5,141.321],[-209.21,139.383],[-204.741,118.487],[-187.275,104.38],[-172.396,107.542],[-160.02,107.659],[-144.38,108.812],[-119.508,109.845],[-87.943,111.157],[-63.743,111.238],[-37.303,110.717],[19.392,105.844],[59.414,100.875],[98.327,95.92],[124.72,92.371],[144.851,88.835],[167.177,84.787],[185.547,80.31],[190.792,78.318],[199.837,77.365],[210.34,95.045],[210.995,117.543],[214.589,144.196],[215.593,159.031],[218.718,171.035],[228.715,219.635],[243.058,246.651],[249.03,252.901],[259.031,257.453],[263.934,258.696],[278.023,255.686],[280.694,253.872],[290.634,234.404],[303.392,193.844],[307.388,172.139],[306.865,149.981],[307.278,111.615],[308.419,71.479],[310.844,28.848],[312.26,11.773],[312.814,-15.597],[313.361,-59.899],[312.98,-69.652],[308.135,-93.657],[302.701,-122.466],[286.352,-168.322],[277.599,-186.916],[266.122,-201.607],[248.639,-220.821],[217.484,-240.753],[174.015,-254.407],[147.923,-257.382],[126.738,-258.863],[104.823,-258.957],[73.247,-259.333]],"c":true},"ix":2},"nm":"패스 3","mn":"ADBE Vector Shape - Group","hd":false},{"ind":3,"ty":"sh","ix":4,"ks":{"a":0,"k":{"i":[[5.03,2.767],[5.02,-1.663],[8.717,4.822],[1.869,0.311],[0.91,0.522],[3.113,8.873],[2.91,11.152],[0.883,4.965],[1.468,9.61],[0.454,7.713],[0.319,11.775],[0.201,3.989],[4.407,-0.899],[1.711,-0.243],[14.285,-1.775],[11.33,-1.269],[5.272,-0.547],[14.756,-1.333],[6.833,-0.266],[8.027,-0.183],[5.531,0.12],[15.83,0.588],[1.591,0.501],[-0.012,-6.396],[5.19,-23.968],[12.849,-9.273],[8.695,0.434],[6.35,1.153],[6.869,2.77],[5.361,-3.239],[10.646,2.923],[8.066,6.461],[5.428,7.588],[3.702,10.522],[1.213,5.8],[0.764,4.83],[1.332,9.212],[0.389,3.907],[0.67,10.261],[-0.636,2.295],[0.382,5.327],[0.194,12.267],[-3.334,11.964],[-0.314,2.169],[-0.096,8.962],[3.379,4.889],[-0.111,0.479],[-3.613,13.589],[-1.921,6.709],[-2.152,5.201],[-4.05,9.135],[-1.928,3.599],[-2.503,4.247],[-2.484,3.895],[-3.015,4.562],[-3.055,4.05],[-5.542,6.361],[-6.353,5.187],[-7.737,3.306],[-11.399,3.448],[-7.247,1.361],[-8.64,1.302],[-9.081,1.314],[-3.161,-0.172],[-7.756,1.286],[-9.182,0.928],[-9.822,0.215],[-11.901,-0.137],[-4.92,-0.003],[-21.806,-0.56],[-16.897,0.016],[-8.134,-2.996],[-9.673,-6.425],[-8.718,-5.402],[-9.55,-13.949],[-6.113,-11.85],[-5.268,-13.698],[-0.462,-4.314],[-1.302,-11.216],[-1.526,-11.821],[-0.133,-5.047],[0.185,-5.508],[0.405,-6.274],[0.499,-8.361],[0.476,-8.905],[0.152,-5.367],[0.388,-15.166],[0.151,-10.768],[1.134,-12.194],[2.957,-13.491],[3.399,-9.849],[0.948,-2.061],[2.288,-4.225],[14.339,-0.565],[6.765,2.07]],"o":[[-4.999,3.528],[-8.813,2.919],[-1.565,-0.865],[-1.106,-0.184],[-7.773,-4.46],[-3.807,-10.848],[-1.272,-4.877],[-1.702,-9.571],[-1.17,-7.656],[-0.691,-11.752],[-0.087,-3.213],[-4.764,1.048],[-1.688,0.344],[-14.254,2.028],[-11.311,1.405],[-5.27,0.591],[-14.737,1.526],[-6.818,0.616],[-8.02,0.311],[-5.544,0.126],[-15.836,-0.344],[-0.941,-0.035],[0.355,6.647],[0.044,24.401],[-3.193,14.743],[-6.271,4.526],[-6.582,-0.328],[-6.73,-1.223],[-4.146,3.409],[-9.422,5.694],[-9.397,-2.58],[-7.197,-5.765],[-6.685,-9.347],[-1.947,-5.532],[-1.003,-4.797],[-1.453,-9.192],[-0.563,-3.896],[-1.019,-10.233],[-0.124,-1.902],[-4.342,-3.873],[-0.876,-12.239],[-0.193,-12.158],[0.568,-2.037],[1.299,-8.971],[0.05,-4.731],[-0.196,-0.285],[3.166,-13.673],[1.793,-6.745],[1.558,-5.437],[3.817,-9.229],[1.666,-3.758],[2.32,-4.333],[2.352,-3.991],[2.937,-4.606],[2.813,-4.256],[5.075,-6.729],[5.446,-6.249],[6.516,-5.321],[10.925,-4.668],[7.038,-2.13],[8.586,-1.613],[9.073,-1.368],[3.227,-0.466],[8.12,0.443],[9.096,-1.509],[9.793,-0.99],[11.888,-0.261],[4.917,0.057],[21.818,0.014],[16.912,0.435],[8.945,-0.009],[10.31,3.798],[8.52,5.66],[14.079,8.723],[7.586,11.08],[6.694,12.977],[1.584,4.119],[1.201,11.231],[1.374,11.833],[0.64,4.963],[0.146,5.53],[-0.21,6.272],[-0.54,8.357],[-0.532,8.902],[-0.286,5.355],[-0.429,15.165],[-0.275,10.765],[-0.172,12.281],[-1.28,13.752],[-2.218,10.126],[-0.729,2.112],[-2.017,4.381],[-6.977,12.882],[-7.059,0.278],[-5.936,-1.817]],"v":[[233.236,268.194],[219.115,277.819],[192.321,276.185],[186.76,275.161],[183.464,274.582],[164.318,256.739],[155.083,223.431],[151.93,208.63],[147.127,179.863],[144.169,156.821],[143.182,121.5],[142.667,111.089],[129.112,114.048],[123.968,114.686],[81.201,120.729],[47.165,124.12],[31.451,126.741],[-12.806,130.866],[-33.273,132.523],[-57.361,132.748],[-73.98,133.586],[-121.475,131.999],[-124.931,130.945],[-123.942,150.384],[-129.046,223.229],[-150.573,261.436],[-172.248,270.01],[-192.026,270.474],[-211.908,262.793],[-225.918,274.102],[-256.659,278.984],[-283.525,267.142],[-302.213,247.613],[-316.927,217.615],[-320.526,200.228],[-323.693,185.874],[-327.555,158.22],[-329.576,146.583],[-332.143,115.838],[-330.523,109.659],[-333.754,94.5],[-335.491,57.724],[-332.891,21.375],[-333.142,14.709],[-329.224,-12.148],[-327.715,-25.832],[-327.478,-27.256],[-320.08,-68.647],[-314.5,-88.826],[-309.528,-105.041],[-297.198,-132.365],[-292.675,-143.84],[-284.657,-156.276],[-278.163,-168.575],[-268.531,-181.87],[-260.703,-195.034],[-244.539,-214.509],[-227.655,-232.723],[-205.917,-245.901],[-172.132,-257.514],[-150.531,-262.278],[-124.675,-266.589],[-97.408,-270.369],[-87.798,-272.084],[-64.499,-275.899],[-37.013,-279.219],[-7.589,-281.646],[28.107,-280.985],[42.866,-281.561],[108.318,-281.212],[159.014,-278.593],[185.018,-275.515],[216.438,-265.873],[243.498,-251.144],[280.443,-218.657],[302.728,-185.145],[319.123,-144.316],[322.965,-131.649],[329.814,-98.7],[335.232,-63.349],[335.234,-48.209],[336.04,-31.637],[334.206,-12.859],[333.119,12.248],[331.146,38.932],[331.147,55.044],[329.671,100.534],[329.292,132.84],[328.488,169.662],[322.101,210.654],[312.47,240.371],[309.1,246.303],[303.304,259.559],[270.693,279.711],[249.458,276.814]],"c":true},"ix":2},"nm":"패스 4","mn":"ADBE Vector Shape - Group","hd":false},{"ty":"mm","mm":1,"nm":"패스 병합 1","mn":"ADBE Vector Filter - Merge","hd":false},{"ty":"fl","c":{"a":0,"k":[0,0,0,1],"ix":4},"o":{"a":0,"k":100,"ix":5},"r":1,"bm":0,"nm":"칠 1","mn":"ADBE Vector Graphic - Fill","hd":false},{"ty":"tr","p":{"a":0,"k":[851.783,895.161],"ix":2},"a":{"a":0,"k":[0,0],"ix":1},"s":{"a":0,"k":[100,100],"ix":3},"r":{"a":0,"k":0,"ix":6},"o":{"a":0,"k":100,"ix":7},"sk":{"a":0,"k":0,"ix":4},"sa":{"a":0,"k":0,"ix":5},"nm":"변형"}],"nm":"그룹 4","np":6,"cix":2,"bm":0,"ix":4,"mn":"ADBE Vector Group","hd":false}],"ip":0,"op":90.0000036657751,"st":0,"bm":0},{"ddd":0,"ind":4,"ty":4,"nm":"꼬리 윤곽선","sr":1,"ks":{"o":{"a":0,"k":100,"ix":11},"r":{"a":0,"k":0,"ix":10},"p":{"a":1,"k":[{"i":{"x":0.833,"y":0.833},"o":{"x":0.167,"y":0.167},"t":10,"s":[1188,612,0],"to":[0,0,0],"ti":[0,0,0]},{"i":{"x":0.833,"y":0.833},"o":{"x":0.167,"y":0.167},"t":12,"s":[1172.885,627.998,0],"to":[0,0,0],"ti":[0,0,0]},{"i":{"x":0.833,"y":0.833},"o":{"x":0.167,"y":0.167},"t":14,"s":[1188,612,0],"to":[0,0,0],"ti":[0,0,0]},{"i":{"x":0.833,"y":0.833},"o":{"x":0.167,"y":0.167},"t":16,"s":[1172.885,627.998,0],"to":[0,0,0],"ti":[0,0,0]},{"i":{"x":0.833,"y":0.833},"o":{"x":0.167,"y":0.167},"t":18,"s":[1188,612,0],"to":[0,0,0],"ti":[0,0,0]},{"i":{"x":0.833,"y":0.833},"o":{"x":0.167,"y":0.167},"t":40,"s":[1188,612,0],"to":[0,0,0],"ti":[0,0,0]},{"i":{"x":0.833,"y":0.833},"o":{"x":0.167,"y":0.167},"t":42,"s":[1172.885,627.998,0],"to":[0,0,0],"ti":[0,0,0]},{"i":{"x":0.833,"y":0.833},"o":{"x":0.167,"y":0.167},"t":44,"s":[1188,612,0],"to":[0,0,0],"ti":[0,0,0]},{"i":{"x":0.833,"y":0.833},"o":{"x":0.167,"y":0.167},"t":46,"s":[1172.885,627.998,0],"to":[0,0,0],"ti":[0,0,0]},{"i":{"x":0.833,"y":0.833},"o":{"x":0.167,"y":0.167},"t":48,"s":[1188,612,0],"to":[0,0,0],"ti":[0,0,0]},{"i":{"x":0.833,"y":0.833},"o":{"x":0.167,"y":0.167},"t":70,"s":[1188,612,0],"to":[0,0,0],"ti":[0,0,0]},{"i":{"x":0.833,"y":0.833},"o":{"x":0.167,"y":0.167},"t":72,"s":[1172.885,627.998,0],"to":[0,0,0],"ti":[0,0,0]},{"i":{"x":0.833,"y":0.833},"o":{"x":0.167,"y":0.167},"t":74,"s":[1188,612,0],"to":[0,0,0],"ti":[0,0,0]},{"i":{"x":0.833,"y":0.833},"o":{"x":0.167,"y":0.167},"t":76,"s":[1172.885,627.998,0],"to":[0,0,0],"ti":[0,0,0]},{"t":78.0000031770051,"s":[1188,612,0]}],"ix":2},"a":{"a":0,"k":[1204.885,589.998,0],"ix":1},"s":{"a":0,"k":[100,100,100],"ix":6}},"ao":0,"shapes":[{"ty":"gr","it":[{"ind":0,"ty":"sh","ix":1,"ks":{"a":0,"k":{"i":[[-0.241,0.602],[-2.525,-0.451],[-9.029,5.188],[-5.595,3.542],[-1.218,0.865],[-1.969,1.437],[-0.303,-0.358],[5.43,-7.555],[-11.028,-4.611],[-3.749,-1.128],[3.869,-1.677],[5.378,-2.616],[3.617,4.467],[4.692,2.685],[-0.433,3.464],[-0.9,10]],"o":[[2.486,0.444],[2.359,8.669],[5.737,-3.297],[1.263,-0.799],[1.988,-1.411],[0.303,0.357],[-5.274,7.666],[-8.655,12.041],[2.511,1.05],[-4.614,1.942],[-5.492,2.379],[-4.145,2.016],[-3.227,-3.984],[-2.752,-1.574],[1.245,-9.955],[0.086,-0.949]],"v":[[-24.17,-19.451],[-16.795,-18.134],[-0.656,-15.571],[16.171,-26.128],[19.904,-28.612],[25.816,-32.915],[26.725,-31.842],[10.873,-8.864],[19.272,15.184],[28.245,17.926],[15.862,23.149],[-0.552,30.421],[-11.03,28.447],[-24.498,19.596],[-27.812,12.998],[-25.113,-16.998]],"c":true},"ix":2},"nm":"패스 1","mn":"ADBE Vector Shape - Group","hd":false},{"ty":"fl","c":{"a":0,"k":[0.937254961799,0.588235294118,0.435294147566,1],"ix":4},"o":{"a":0,"k":100,"ix":5},"r":1,"bm":0,"nm":"칠 1","mn":"ADBE Vector Graphic - Fill","hd":false},{"ty":"tr","p":{"a":0,"k":[1250.541,550.781],"ix":2},"a":{"a":0,"k":[0,0],"ix":1},"s":{"a":0,"k":[100,100],"ix":3},"r":{"a":0,"k":0,"ix":6},"o":{"a":0,"k":100,"ix":7},"sk":{"a":0,"k":0,"ix":4},"sa":{"a":0,"k":0,"ix":5},"nm":"변형"}],"nm":"그룹 1","np":2,"cix":2,"bm":0,"ix":1,"mn":"ADBE Vector Group","hd":false},{"ty":"gr","it":[{"ind":0,"ty":"sh","ix":1,"ks":{"a":0,"k":{"i":[[2.486,0.444],[0.086,-0.949],[1.245,-9.955],[-2.752,-1.574],[-3.227,-3.984],[-4.145,2.016],[-5.492,2.379],[-4.614,1.942],[2.511,1.05],[-8.655,12.041],[-5.274,7.666],[0.303,0.357],[1.988,-1.411],[1.263,-0.799],[5.737,-3.297],[2.359,8.669]],"o":[[-0.241,0.602],[-0.9,10],[-0.433,3.464],[4.692,2.685],[3.617,4.467],[5.378,-2.616],[3.869,-1.677],[-3.749,-1.128],[-11.028,-4.611],[5.43,-7.555],[-0.303,-0.358],[-1.969,1.437],[-1.218,0.865],[-5.595,3.542],[-9.029,5.188],[-2.525,-0.451]],"v":[[21.461,-59.226],[20.517,-56.773],[17.818,-26.776],[21.133,-20.178],[34.6,-11.328],[45.078,-9.354],[61.493,-16.625],[73.875,-21.849],[64.902,-24.591],[56.504,-48.638],[72.355,-71.617],[71.447,-72.69],[65.535,-68.386],[61.802,-65.902],[44.974,-55.346],[28.836,-57.909]],"c":true},"ix":2},"nm":"패스 1","mn":"ADBE Vector Shape - Group","hd":false},{"ind":1,"ty":"sh","ix":2,"ks":{"a":0,"k":{"i":[[-2.649,1.927],[-4.041,3.863],[-0.29,0.821],[-7.362,7.818],[-9.94,10.063],[-0.725,0.299],[-0.932,10.554],[-1.207,8.086],[-2.141,12.453],[-9.1,-0.33],[-1.487,-3.143],[-3.782,-10.068],[-4.752,2.85],[-11.211,6.483],[-3.444,-5.422],[1.212,-3.6],[3.601,-6.379],[5.985,-10.244],[-4.007,-2.414],[-1.616,-7.062],[0.241,-0.218],[6.682,-2.174],[4.892,-2.398],[2.102,-9.915],[1.638,-0.502],[5.91,3.406],[7.249,3.892],[7.232,-6.683],[7.849,-7.759],[4.914,-5.755],[5.229,-6.221],[3.28,-3.777],[1.778,-2.543],[1.923,-3.361],[3.695,-5.664],[2.164,4.919],[-0.842,3.908],[-2.227,3.449],[-2.417,2.285],[-0.961,1.57],[-2.18,3.171]],"o":[[-0.613,-5.61],[0.783,-0.749],[3.782,-10.718],[9.694,-10.295],[0.583,-0.59],[12.027,-4.952],[0.717,-8.132],[1.866,-12.5],[1.554,-9.042],[3.08,0.112],[4.047,8.554],[4.889,-3.126],[11.106,-6.661],[5.748,-3.325],[2.064,3.25],[-2.311,6.86],[-5.553,9.84],[4.044,2.124],[5.927,3.572],[0.144,0.631],[-4.552,4.095],[-5.255,1.709],[-6.687,3.279],[-0.258,1.215],[-6.529,2.001],[-7.122,-4.104],[-8.564,-4.598],[-8.113,7.497],[-5.362,5.3],[-5.278,6.179],[-3.219,3.831],[-2.064,2.378],[-2.202,3.15],[-3.362,5.875],[-3.077,4.715],[-1.5,-3.408],[0.859,-3.988],[1.748,-2.707],[1.376,-1.302],[2.019,-3.299],[1.183,-1.72]],"v":[[-79.289,59.273],[-70.754,46.549],[-68.068,44.711],[-48.099,19.433],[-18.354,-10.828],[-16.484,-12.458],[-3.447,-38.672],[-0.042,-62.958],[5.706,-100.432],[20.365,-113.047],[29.121,-106.011],[39.826,-78.281],[54.068,-87.357],[87.521,-107.117],[105.655,-104.049],[107.323,-91.729],[97.415,-72.161],[80.068,-42.381],[92.381,-35.854],[104.573,-20.482],[104.922,-18.635],[93.191,-4.776],[77.37,0.093],[59.281,13.365],[54.928,16.188],[36.508,13.409],[14.611,2.016],[-1.073,4.083],[-25.531,26.44],[-40.341,43.632],[-56.178,62.167],[-65.646,73.82],[-72.307,80.528],[-77.797,90.76],[-88.177,108.211],[-107.036,108.458],[-107.059,96.38],[-102.129,84.982],[-94.961,78.097],[-90.987,74.058],[-85.41,63.878]],"c":true},"ix":2},"nm":"패스 2","mn":"ADBE Vector Shape - Group","hd":false},{"ty":"mm","mm":1,"nm":"패스 병합 1","mn":"ADBE Vector Filter - Merge","hd":false},{"ty":"fl","c":{"a":0,"k":[0,0,0,1],"ix":4},"o":{"a":0,"k":100,"ix":5},"r":1,"bm":0,"nm":"칠 1","mn":"ADBE Vector Graphic - Fill","hd":false},{"ty":"tr","p":{"a":0,"k":[1204.911,590.556],"ix":2},"a":{"a":0,"k":[0,0],"ix":1},"s":{"a":0,"k":[100,100],"ix":3},"r":{"a":0,"k":0,"ix":6},"o":{"a":0,"k":100,"ix":7},"sk":{"a":0,"k":0,"ix":4},"sa":{"a":0,"k":0,"ix":5},"nm":"변형"}],"nm":"그룹 2","np":4,"cix":2,"bm":0,"ix":2,"mn":"ADBE Vector Group","hd":false}],"ip":0,"op":90.0000036657751,"st":0,"bm":0}],"markers":[]}