{"v":"4.8.0","meta":{"g":"LottieFiles AE 3.5.3","a":"","k":"","d":"","tc":""},"fr":29.9700012207031,"ip":0,"op":90.0000036657751,"w":1500,"h":1500,"nm":"토끼_Base","ddd":0,"assets":[],"layers":[{"ddd":0,"ind":1,"ty":4,"nm":"머리 윤곽선","sr":1,"ks":{"o":{"a":0,"k":100,"ix":11},"r":{"a":0,"k":0,"ix":10},"p":{"a":0,"k":[750,750,0],"ix":2},"a":{"a":0,"k":[750,750,0],"ix":1},"s":{"a":0,"k":[100,100,100],"ix":6}},"ao":0,"shapes":[{"ty":"gr","it":[{"ind":0,"ty":"sh","ix":1,"ks":{"a":0,"k":{"i":[[-0.165,-4.634],[1.267,-3.574],[1.062,-0.325],[0.365,-0.62],[2.729,0.761],[-4.297,7.504],[-3.87,-1.01]],"o":[[-1.139,4.074],[-0.247,0.695],[-1.016,0.312],[-2.021,3.423],[-8.531,-2.38],[2.182,-3.811],[5.977,1.561]],"v":[[14.947,-1.787],[11.649,9.569],[8.653,10.834],[5.621,11.568],[-1.807,13.023],[-10.65,-7.555],[3.242,-13.982]],"c":true},"ix":2},"nm":"패스 1","mn":"ADBE Vector Shape - Group","hd":false},{"ty":"fl","c":{"a":0,"k":[0,0,0,1],"ix":4},"o":{"a":0,"k":100,"ix":5},"r":1,"bm":0,"nm":"칠 1","mn":"ADBE Vector Graphic - Fill","hd":false},{"ty":"tr","p":{"a":0,"k":[623.945,737.107],"ix":2},"a":{"a":0,"k":[0,0],"ix":1},"s":{"a":0,"k":[100,100],"ix":3},"r":{"a":0,"k":0,"ix":6},"o":{"a":0,"k":100,"ix":7},"sk":{"a":0,"k":0,"ix":4},"sa":{"a":0,"k":0,"ix":5},"nm":"변형"}],"nm":"그룹 1","np":2,"cix":2,"bm":0,"ix":1,"mn":"ADBE Vector Group","hd":false},{"ty":"gr","it":[{"ind":0,"ty":"sh","ix":1,"ks":{"a":0,"k":{"i":[[-9.216,0.183],[-0.455,-8.007],[8.218,0.195],[1.149,8.601]],"o":[[6.467,-0.19],[0.402,7.066],[-10.47,-0.249],[-1.025,-7.674]],"v":[[1.307,-14.136],[15.987,-0.548],[0.016,14.13],[-15.365,0.876]],"c":true},"ix":2},"nm":"패스 1","mn":"ADBE Vector Shape - Group","hd":false},{"ty":"fl","c":{"a":0,"k":[0,0,0,1],"ix":4},"o":{"a":0,"k":100,"ix":5},"r":1,"bm":0,"nm":"칠 1","mn":"ADBE Vector Graphic - Fill","hd":false},{"ty":"tr","p":{"a":0,"k":[521.37,745.893],"ix":2},"a":{"a":0,"k":[0,0],"ix":1},"s":{"a":0,"k":[100,100],"ix":3},"r":{"a":0,"k":0,"ix":6},"o":{"a":0,"k":100,"ix":7},"sk":{"a":0,"k":0,"ix":4},"sa":{"a":0,"k":0,"ix":5},"nm":"변형"}],"nm":"그룹 2","np":2,"cix":2,"bm":0,"ix":2,"mn":"ADBE Vector Group","hd":false},{"ty":"gr","it":[{"ind":0,"ty":"sh","ix":1,"ks":{"a":0,"k":{"i":[[3.538,-0.433],[6.285,-0.662],[4.698,5.802],[-3.443,1.742],[-4.525,-1.89],[-1.526,0.165],[-6.914,0.02],[-4.302,-1.335],[1.846,-2.937],[-0.281,-0.934],[3.371,-1.072]],"o":[[-6.294,0.57],[-6.604,0.695],[-2.442,-3.015],[3.88,-1.963],[1.178,0.493],[6.906,-0.745],[4.419,-0.012],[4.087,1.268],[-0.732,1.164],[1.663,5.528],[-3.339,1.061]],"v":[[8.941,10.122],[-9.939,11.859],[-27.367,6.474],[-24.872,-8.085],[-12.736,-9.836],[-8.251,-10.603],[12.482,-12.541],[25.721,-9.79],[27.292,-2.659],[25.455,0.938],[19.512,8.68]],"c":true},"ix":2},"nm":"패스 1","mn":"ADBE Vector Shape - Group","hd":false},{"ty":"fl","c":{"a":0,"k":[0,0,0,1],"ix":4},"o":{"a":0,"k":100,"ix":5},"r":1,"bm":0,"nm":"칠 1","mn":"ADBE Vector Graphic - Fill","hd":false},{"ty":"tr","p":{"a":0,"k":[471.491,813.766],"ix":2},"a":{"a":0,"k":[0,0],"ix":1},"s":{"a":0,"k":[100,100],"ix":3},"r":{"a":0,"k":0,"ix":6},"o":{"a":0,"k":100,"ix":7},"sk":{"a":0,"k":0,"ix":4},"sa":{"a":0,"k":0,"ix":5},"nm":"변형"}],"nm":"그룹 3","np":2,"cix":2,"bm":0,"ix":3,"mn":"ADBE Vector Group","hd":false},{"ty":"gr","it":[{"ind":0,"ty":"sh","ix":1,"ks":{"a":0,"k":{"i":[[1.047,-0.329],[6.986,-2.216],[5.726,-2.024],[-0.265,5.312],[-1.727,1.461],[-4.772,1.462],[-9.114,1.76],[-4.857,-0.274],[0.666,-3.947],[-0.325,-0.315],[1.93,-3.68]],"o":[[-8.81,-0.804],[-5.788,1.837],[-5.546,1.96],[0.155,-3.11],[3.757,-3.179],[8.872,-2.718],[4.737,-0.914],[3.206,0.181],[-0.109,0.646],[5.43,5.267],[-0.776,1.48]],"v":[[20.454,5.692],[-2.389,9.086],[-19.658,14.898],[-33.085,6.692],[-31.864,-2.331],[-18.489,-9.291],[8.571,-15.944],[23.184,-16.453],[28.165,-10.488],[28.161,-8.548],[25.758,3.821]],"c":true},"ix":2},"nm":"패스 1","mn":"ADBE Vector Shape - Group","hd":false},{"ty":"fl","c":{"a":0,"k":[0,0,0,1],"ix":4},"o":{"a":0,"k":100,"ix":5},"r":1,"bm":0,"nm":"칠 1","mn":"ADBE Vector Graphic - Fill","hd":false},{"ty":"tr","p":{"a":0,"k":[704.788,788.649],"ix":2},"a":{"a":0,"k":[0,0],"ix":1},"s":{"a":0,"k":[100,100],"ix":3},"r":{"a":0,"k":0,"ix":6},"o":{"a":0,"k":100,"ix":7},"sk":{"a":0,"k":0,"ix":4},"sa":{"a":0,"k":0,"ix":5},"nm":"변형"}],"nm":"그룹 4","np":2,"cix":2,"bm":0,"ix":4,"mn":"ADBE Vector Group","hd":false},{"ty":"gr","it":[{"ind":0,"ty":"sh","ix":1,"ks":{"a":0,"k":{"i":[[10.038,-0.186],[10.842,1.798],[7.172,1.928],[2.432,2.006],[-0.291,1.62],[-0.342,2.7],[-3.657,-0.111],[-8.129,-2.014],[-3.741,-0.476],[-7.504,-1.328],[1.104,-4.592],[-0.42,-0.952]],"o":[[-9.199,-1.32],[-7.33,-1.216],[-2.998,-0.807],[-0.807,-0.666],[0.483,-2.692],[0.366,-2.89],[8.515,0.259],[3.62,0.896],[7.564,0.962],[3.65,0.646],[-0.25,1.041],[3.233,7.335]],"v":[[24.628,15.481],[-6.324,10.977],[-28.132,6.301],[-36.415,1.566],[-36.437,-3.274],[-34.56,-11.268],[-30.023,-15.369],[-5.398,-10.758],[5.854,-9.643],[28.503,-6.446],[33.823,0.794],[33.99,4.104]],"c":true},"ix":2},"nm":"패스 1","mn":"ADBE Vector Shape - Group","hd":false},{"ty":"fl","c":{"a":0,"k":[0,0,0,1],"ix":4},"o":{"a":0,"k":100,"ix":5},"r":1,"bm":0,"nm":"칠 1","mn":"ADBE Vector Graphic - Fill","hd":false},{"ty":"tr","p":{"a":0,"k":[471.423,778.642],"ix":2},"a":{"a":0,"k":[0,0],"ix":1},"s":{"a":0,"k":[100,100],"ix":3},"r":{"a":0,"k":0,"ix":6},"o":{"a":0,"k":100,"ix":7},"sk":{"a":0,"k":0,"ix":4},"sa":{"a":0,"k":0,"ix":5},"nm":"변형"}],"nm":"그룹 5","np":2,"cix":2,"bm":0,"ix":5,"mn":"ADBE Vector Group","hd":false},{"ty":"gr","it":[{"ind":0,"ty":"sh","ix":1,"ks":{"a":0,"k":{"i":[[-3.136,6.204],[0.79,4.09],[0.552,5.291],[1.63,0.948],[-2.915,6.051],[-5.885,0.625],[-2.612,0.658],[-4.607,-2.485],[-0.744,-1.877],[-0.343,-0.69],[3.816,-5.777],[-0.73,-4.511],[1.936,-6.482],[0.725,-2.438],[5.629,3.462]],"o":[[-6.42,-1.623],[-0.999,-5.163],[-0.177,-1.695],[-5.216,-3.032],[2.041,-4.238],[2.627,-0.279],[5.818,-1.465],[1.418,0.765],[0.292,0.735],[3.198,6.426],[-2.331,3.527],[1.001,6.192],[-0.727,2.437],[-1.879,6.325],[-6.016,-3.7]],"v":[[-0.997,24.654],[-6.216,13.099],[-6.873,-2.857],[-10.547,-7.521],[-17.991,-24.76],[-7.903,-34.186],[-0.18,-36.555],[14.769,-32.03],[17.343,-26.665],[17.708,-24.262],[15.863,-10.41],[14.178,3.475],[15.63,22.018],[15.044,29.805],[1.883,34.557]],"c":true},"ix":2},"nm":"패스 1","mn":"ADBE Vector Shape - Group","hd":false},{"ty":"fl","c":{"a":0,"k":[0,0,0,1],"ix":4},"o":{"a":0,"k":100,"ix":5},"r":1,"bm":0,"nm":"칠 1","mn":"ADBE Vector Graphic - Fill","hd":false},{"ty":"tr","p":{"a":0,"k":[574.615,791.566],"ix":2},"a":{"a":0,"k":[0,0],"ix":1},"s":{"a":0,"k":[100,100],"ix":3},"r":{"a":0,"k":0,"ix":6},"o":{"a":0,"k":100,"ix":7},"sk":{"a":0,"k":0,"ix":4},"sa":{"a":0,"k":0,"ix":5},"nm":"변형"}],"nm":"그룹 6","np":2,"cix":2,"bm":0,"ix":6,"mn":"ADBE Vector Group","hd":false},{"ty":"gr","it":[{"ind":0,"ty":"sh","ix":1,"ks":{"a":0,"k":{"i":[[-0.351,-4.196],[0.708,-0.846],[-0.066,-0.586],[2.859,-1.166],[6.054,-2.467],[13.037,-5.959],[2.535,7.548],[-3.22,3.044],[-3.742,1.659],[-5.543,2.113],[-10.619,3.569],[-3.019,-0.375]],"o":[[-0.4,0.565],[-0.615,0.734],[0.617,5.526],[-6.054,2.467],[-13.275,5.41],[-7.192,3.287],[-2.673,-7.958],[2.85,-2.695],[5.424,-2.404],[10.472,-3.992],[2.781,-0.935],[3.928,0.488]],"v":[[43.508,-13.084],[41.811,-10.725],[39.855,-8.712],[32.693,-2.218],[14.033,3.962],[-25.464,20.986],[-40.835,12.685],[-33.906,0.709],[-23.065,-4.936],[-6.626,-11.764],[24.938,-23.339],[34.103,-23.584]],"c":true},"ix":2},"nm":"패스 1","mn":"ADBE Vector Shape - Group","hd":false},{"ty":"fl","c":{"a":0,"k":[0,0,0,1],"ix":4},"o":{"a":0,"k":100,"ix":5},"r":1,"bm":0,"nm":"칠 1","mn":"ADBE Vector Graphic - Fill","hd":false},{"ty":"tr","p":{"a":0,"k":[700.477,757.283],"ix":2},"a":{"a":0,"k":[0,0],"ix":1},"s":{"a":0,"k":[100,100],"ix":3},"r":{"a":0,"k":0,"ix":6},"o":{"a":0,"k":100,"ix":7},"sk":{"a":0,"k":0,"ix":4},"sa":{"a":0,"k":0,"ix":5},"nm":"변형"}],"nm":"그룹 7","np":2,"cix":2,"bm":0,"ix":7,"mn":"ADBE Vector Group","hd":false},{"ty":"gr","it":[{"ind":0,"ty":"sh","ix":1,"ks":{"a":0,"k":{"i":[[-1.139,4.074],[5.977,1.561],[2.182,-3.811],[-8.531,-2.38],[-2.021,3.423],[-1.016,0.312],[-0.247,0.695]],"o":[[-0.165,-4.634],[-3.87,-1.01],[-4.297,7.504],[2.729,0.761],[0.365,-0.62],[1.062,-0.325],[1.267,-3.574]],"v":[[52.71,-26.466],[41.005,-38.66],[27.113,-32.233],[35.956,-11.655],[43.384,-13.11],[46.416,-13.844],[49.412,-15.109]],"c":true},"ix":2},"nm":"패스 1","mn":"ADBE Vector Shape - Group","hd":false},{"ind":1,"ty":"sh","ix":2,"ks":{"a":0,"k":{"i":[[6.468,-0.19],[-1.025,-7.674],[-10.47,-0.249],[0.402,7.065]],"o":[[-9.215,0.183],[1.149,8.601],[8.219,0.195],[-0.456,-8.007]],"v":[[-63.506,-30.027],[-80.176,-15.016],[-64.797,-1.761],[-48.824,-16.44]],"c":true},"ix":2},"nm":"패스 2","mn":"ADBE Vector Shape - Group","hd":false},{"ind":2,"ty":"sh","ix":3,"ks":{"a":0,"k":{"i":[[-6.294,0.567],[-3.339,1.061],[1.663,5.528],[-0.732,1.164],[4.087,1.268],[4.419,-0.013],[6.906,-0.745],[1.178,0.493],[3.88,-1.963],[-2.442,-3.015],[-6.604,0.696]],"o":[[3.538,-0.436],[3.371,-1.072],[-0.281,-0.934],[1.846,-2.937],[-4.302,-1.335],[-6.914,0.02],[-1.526,0.165],[-4.525,-1.89],[-3.443,1.742],[4.698,5.802],[6.284,-0.661]],"v":[[-105.749,62.106],[-95.178,60.661],[-89.235,52.919],[-87.398,49.322],[-88.969,42.19],[-102.208,39.44],[-122.941,41.378],[-127.426,42.145],[-139.562,43.896],[-142.057,58.455],[-124.629,63.839]],"c":true},"ix":2},"nm":"패스 3","mn":"ADBE Vector Shape - Group","hd":false},{"ind":3,"ty":"sh","ix":4,"ks":{"a":0,"k":{"i":[[-8.81,-0.803],[-0.776,1.48],[5.431,5.267],[-0.109,0.646],[3.207,0.181],[4.737,-0.915],[8.872,-2.718],[3.758,-3.179],[0.155,-3.109],[-5.547,1.96],[-5.789,1.837]],"o":[[1.047,-0.329],[1.931,-3.681],[-0.325,-0.315],[0.666,-3.946],[-4.856,-0.274],[-9.114,1.759],[-4.771,1.462],[-1.726,1.461],[-0.264,5.312],[5.726,-2.024],[6.985,-2.217]],"v":[[139.06,32.556],[144.364,30.685],[146.767,18.315],[146.771,16.375],[141.79,10.411],[127.177,10.921],[100.117,17.573],[86.742,24.533],[85.521,33.556],[98.949,41.763],[116.218,35.951]],"c":true},"ix":2},"nm":"패스 4","mn":"ADBE Vector Shape - Group","hd":false},{"ind":4,"ty":"sh","ix":5,"ks":{"a":0,"k":{"i":[[-9.199,-1.32],[3.233,7.335],[-0.251,1.041],[3.65,0.646],[7.564,0.962],[3.619,0.896],[8.515,0.258],[0.367,-2.89],[0.483,-2.692],[-0.807,-0.666],[-2.999,-0.806],[-7.33,-1.216]],"o":[[10.038,-0.186],[-0.42,-0.952],[1.103,-4.593],[-7.504,-1.328],[-3.741,-0.476],[-8.13,-2.014],[-3.657,-0.111],[-0.342,2.7],[-0.29,1.62],[2.432,2.006],[7.171,1.929],[10.842,1.799]],"v":[[-90.132,32.338],[-80.77,20.961],[-80.935,17.651],[-86.256,10.411],[-108.905,7.214],[-120.156,6.099],[-144.783,1.487],[-149.319,5.589],[-151.196,13.583],[-151.175,18.422],[-142.89,23.156],[-121.083,27.833]],"c":true},"ix":2},"nm":"패스 5","mn":"ADBE Vector Shape - Group","hd":false},{"ind":5,"ty":"sh","ix":6,"ks":{"a":0,"k":{"i":[[-6.421,-1.624],[-6.017,-3.7],[-1.879,6.325],[-0.727,2.437],[1.002,6.191],[-2.331,3.528],[3.198,6.427],[0.291,0.734],[1.418,0.765],[5.818,-1.465],[2.627,-0.28],[2.042,-4.237],[-5.215,-3.032],[-0.177,-1.695],[-0.998,-5.163]],"o":[[-3.137,6.203],[5.629,3.462],[0.724,-2.439],[1.936,-6.482],[-0.729,-4.511],[3.816,-5.776],[-0.343,-0.689],[-0.745,-1.877],[-4.607,-2.485],[-2.612,0.657],[-5.885,0.625],[-2.915,6.051],[1.631,0.948],[0.553,5.29],[0.791,4.09]],"v":[[-12.564,54.435],[-9.684,64.339],[3.477,59.586],[4.063,51.799],[2.61,33.257],[4.296,19.37],[6.141,5.518],[5.776,3.117],[3.202,-2.248],[-11.747,-6.773],[-19.47,-4.404],[-29.559,5.021],[-22.115,22.26],[-18.441,26.924],[-17.784,42.88]],"c":true},"ix":2},"nm":"패스 6","mn":"ADBE Vector Shape - Group","hd":false},{"ind":6,"ty":"sh","ix":7,"ks":{"a":0,"k":{"i":[[-0.4,0.565],[3.929,0.488],[2.782,-0.935],[10.473,-3.991],[5.423,-2.405],[2.851,-2.695],[-2.672,-7.958],[-7.192,3.288],[-13.275,5.41],[-6.054,2.467],[0.618,5.526],[-0.615,0.734]],"o":[[-0.351,-4.195],[-3.018,-0.375],[-10.619,3.568],[-5.543,2.113],[-3.743,1.659],[-3.219,3.043],[2.535,7.548],[13.037,-5.959],[6.054,-2.467],[2.859,-1.165],[-0.065,-0.585],[0.709,-0.847]],"v":[[157.802,-17.586],[148.398,-28.086],[139.233,-27.841],[107.669,-16.266],[91.23,-9.438],[80.388,-3.792],[73.46,8.182],[88.831,16.484],[128.329,-0.539],[146.988,-6.72],[154.15,-13.214],[156.106,-15.227]],"c":true},"ix":2},"nm":"패스 7","mn":"ADBE Vector Shape - Group","hd":false},{"ind":7,"ty":"sh","ix":8,"ks":{"a":0,"k":{"i":[[-1.054,-6.81],[1.778,-8.538],[3.344,-6.691],[5.675,-7.344],[8.15,-7.056],[10.856,-7.264],[6.851,-2.827],[10.457,-3.451],[8.525,-1.683],[13.145,-1.603],[9.159,-0.255],[21.043,4.959],[18.452,11.457],[10.091,11.454],[4.863,8.966],[2.034,18.258],[-1.646,10.737],[-3.322,10.143],[-7.785,9.974],[-9.328,9.114],[-9.19,6.717],[-12.654,4.528],[-8.203,3.307],[-8.403,1.501],[-10.557,-0.062],[-5.536,0.076],[-3.995,-0.471],[-16.242,-2.177],[-8.84,-2.326],[-6.822,-4.109],[-6.718,-6.263],[-5.962,-6.987],[-6.479,-11.808],[-2.758,-6.473],[-1.987,-3.977],[-1.137,-6.914]],"o":[[-0.731,9.234],[-1.51,7.248],[-4.178,8.362],[-6.587,8.525],[-9.868,8.541],[-6.095,4.078],[-10.189,4.204],[-8.237,2.718],[-13.004,2.568],[-9.051,1.104],[-21.717,0.605],[-21.308,-5.02],[-13.012,-8.079],[-6.89,-7.82],[-8.914,-16.436],[-1.211,-10.871],[1.595,-10.403],[4.038,-12.328],[8.019,-10.273],[8.134,-7.948],[10.835,-7.92],[8.364,-2.993],[8.308,-3.349],[10.215,-1.825],[5.536,0.033],[4.069,-0.055],[16.273,1.919],[9.124,1.222],[7.683,2.022],[7.868,4.74],[6.681,6.229],[8.849,10.371],[3.392,6.18],[1.763,4.136],[3.252,6.512],[1.172,7.123]],"v":[[205.453,5.809],[203.08,32.518],[194.986,53.484],[180.851,77.715],[158.511,101.242],[127.173,124.823],[107.098,134.359],[76.226,146.208],[50.92,152.533],[11.726,159.257],[-15.734,160.064],[-79.574,151.833],[-138.609,126.164],[-172.703,96.487],[-188.971,70.646],[-203.778,17.991],[-203.807,-14.924],[-194.145,-45.388],[-174.738,-78.043],[-148.469,-107.102],[-122.24,-129.045],[-86.877,-147.936],[-61.143,-155.086],[-35.765,-158.844],[-4.177,-159.055],[12.432,-159.068],[24.624,-159.409],[73.374,-153.066],[100.66,-149],[122.733,-139.477],[144.824,-122.832],[163.026,-102.172],[183.885,-67.592],[193.42,-48.717],[197.08,-35.626],[202.174,-15.266]],"c":true},"ix":2},"nm":"패스 8","mn":"ADBE Vector Shape - Group","hd":false},{"ty":"mm","mm":1,"nm":"패스 병합 1","mn":"ADBE Vector Filter - Merge","hd":false},{"ty":"fl","c":{"a":0,"k":[1,1,1,1],"ix":4},"o":{"a":0,"k":100,"ix":5},"r":1,"bm":0,"nm":"칠 1","mn":"ADBE Vector Graphic - Fill","hd":false},{"ty":"tr","p":{"a":0,"k":[586.182,761.786],"ix":2},"a":{"a":0,"k":[0,0],"ix":1},"s":{"a":0,"k":[100,100],"ix":3},"r":{"a":0,"k":0,"ix":6},"o":{"a":0,"k":100,"ix":7},"sk":{"a":0,"k":0,"ix":4},"sa":{"a":0,"k":0,"ix":5},"nm":"변형"}],"nm":"그룹 8","np":10,"cix":2,"bm":0,"ix":8,"mn":"ADBE Vector Group","hd":false},{"ty":"gr","it":[{"ind":0,"ty":"sh","ix":1,"ks":{"a":0,"k":{"i":[[-0.731,9.234],[1.171,7.123],[3.251,6.511],[1.763,4.136],[3.392,6.18],[8.849,10.371],[6.682,6.23],[7.867,4.739],[7.683,2.022],[9.124,1.223],[16.274,1.92],[4.068,-0.055],[5.537,0.033],[10.216,-1.825],[8.307,-3.349],[8.363,-2.992],[10.834,-7.92],[8.134,-7.948],[8.019,-10.272],[4.037,-12.328],[1.595,-10.404],[-1.211,-10.871],[-8.914,-16.436],[-6.89,-7.82],[-13.012,-8.079],[-21.308,-5.021],[-21.716,0.605],[-9.052,1.104],[-13.005,2.567],[-8.237,2.719],[-10.189,4.203],[-6.094,4.078],[-9.867,8.542],[-6.587,8.524],[-4.178,8.361],[-1.51,7.248]],"o":[[-1.055,-6.809],[-1.137,-6.913],[-1.987,-3.978],[-2.758,-6.472],[-6.48,-11.807],[-5.963,-6.988],[-6.717,-6.263],[-6.822,-4.11],[-8.84,-2.327],[-16.242,-2.177],[-3.994,-0.471],[-5.536,0.075],[-10.556,-0.063],[-8.403,1.5],[-8.203,3.307],[-12.655,4.529],[-9.19,6.718],[-9.328,9.115],[-7.786,9.975],[-3.322,10.144],[-1.646,10.736],[2.034,18.259],[4.862,8.965],[10.091,11.454],[18.452,11.456],[21.043,4.958],[9.16,-0.255],[13.145,-1.603],[8.525,-1.683],[10.456,-3.451],[6.852,-2.827],[10.856,-7.264],[8.151,-7.055],[5.674,-7.344],[3.343,-6.692],[1.778,-8.539]],"v":[[204.964,5.912],[201.684,-15.163],[196.59,-35.522],[192.93,-48.613],[183.395,-67.489],[162.536,-102.067],[144.333,-122.729],[122.243,-139.373],[100.17,-148.896],[72.884,-152.963],[24.133,-159.306],[11.943,-158.963],[-4.668,-158.951],[-36.255,-158.739],[-61.633,-154.981],[-87.366,-147.833],[-122.729,-128.942],[-148.958,-106.999],[-175.228,-77.94],[-194.634,-45.284],[-204.297,-14.82],[-204.268,18.094],[-189.461,70.75],[-173.193,96.591],[-139.099,126.269],[-80.064,151.938],[-16.225,160.168],[11.236,159.361],[50.43,152.637],[75.736,146.312],[106.607,134.464],[126.682,124.928],[158.02,101.345],[180.361,77.819],[194.496,53.589],[202.59,32.622]],"c":true},"ix":2},"nm":"패스 1","mn":"ADBE Vector Shape - Group","hd":false},{"ind":1,"ty":"sh","ix":2,"ks":{"a":0,"k":{"i":[[0.179,0.031],[-0.78,9.68],[-10.045,16.936],[-2.572,5.489],[-12.215,12.47],[-9.953,7.979],[-4.334,2.32],[-10.083,4.64],[-4.588,1.044],[-9.98,1.901],[-5.557,0.666],[-6.136,0.137],[-10.647,-0.512],[-9.865,-0.995],[-10.67,-1.147],[-5.914,-1.362],[-5.05,-1.49],[-2.219,-0.693],[-9.357,-7.342],[-6.353,-6.846],[-5.436,-8.158],[-5.585,-10.574],[-2.881,-7.395],[-1.697,-14.915],[-0.753,-5.545],[0.035,-0.136],[3.137,-9.587],[3.737,-9.27],[12.616,-13.197],[19.163,-10.107],[12.756,-4.885],[9.361,-2.423],[10.453,-1.957],[8.417,-0.667],[10.652,-0.237],[6.382,0.563],[7.846,1.414],[9.349,2.733],[9.047,3.628],[4.221,2.226],[2.643,1.695],[8.954,7.685],[7.545,10.145],[5.061,10.572],[1.542,15.162],[0.52,2.39]],"o":[[0,-9.743],[1.552,-19.273],[3.119,-5.259],[7.623,-16.27],[8.863,-9.047],[3.899,-3.127],[9.778,-5.233],[4.301,-1.979],[9.9,-2.253],[5.51,-1.049],[6.089,-0.73],[10.671,-0.239],[9.885,0.477],[10.678,1.077],[6.046,0.649],[5.109,1.176],[2.236,0.659],[11.406,3.565],[7.319,5.743],[6.701,7.221],[6.611,9.922],[3.711,7.024],[5.398,13.86],[0.632,5.558],[0.022,0.162],[-2.51,9.644],[-3.115,9.521],[-6.814,16.905],[-15.03,15.722],[-12.066,6.364],[-8.995,3.445],[-10.306,2.668],[-8.28,1.55],[-10.627,0.842],[-6.381,0.143],[-7.965,-0.702],[-9.586,-1.726],[-9.352,-2.735],[-4.379,-1.756],[-2.815,-1.484],[-10,-6.415],[-9.608,-8.246],[-6.942,-9.334],[-6.548,-13.682],[-0.246,-2.418],[-0.18,-0.03]],"v":[[-226.776,22.146],[-226.639,-7.073],[-211.172,-62.075],[-201.34,-77.555],[-169.121,-118.888],[-139.487,-143.047],[-127.691,-152.262],[-97.717,-166.76],[-84.375,-171.69],[-54.466,-177.524],[-37.919,-180.551],[-19.536,-181.747],[12.482,-181.885],[42.055,-178.743],[74.112,-175.734],[92.148,-172.949],[107.168,-168.063],[114.16,-167.052],[145.737,-151.064],[165.947,-131.635],[184.88,-108.931],[202.492,-77.69],[212.59,-56.082],[224.406,-13.207],[226.636,3.429],[226.774,3.901],[224.282,33.256],[214.817,61.771],[185.132,106.614],[133.986,145.702],[96.458,162.23],[68.583,170.226],[37.506,177.58],[12.335,180.424],[-19.594,182.254],[-38.77,181.019],[-62.617,178.501],[-91.083,171.781],[-118.694,162.097],[-131.064,154.892],[-139.939,151.271],[-169.406,131.274],[-195.552,103.53],[-212.704,72.829],[-224.715,29.412],[-226.237,22.238]],"c":true},"ix":2},"nm":"패스 2","mn":"ADBE Vector Shape - Group","hd":false},{"ty":"mm","mm":1,"nm":"패스 병합 1","mn":"ADBE Vector Filter - Merge","hd":false},{"ty":"fl","c":{"a":0,"k":[0,0,0,1],"ix":4},"o":{"a":0,"k":100,"ix":5},"r":1,"bm":0,"nm":"칠 1","mn":"ADBE Vector Graphic - Fill","hd":false},{"ty":"tr","p":{"a":0,"k":[586.672,761.682],"ix":2},"a":{"a":0,"k":[0,0],"ix":1},"s":{"a":0,"k":[100,100],"ix":3},"r":{"a":0,"k":0,"ix":6},"o":{"a":0,"k":100,"ix":7},"sk":{"a":0,"k":0,"ix":4},"sa":{"a":0,"k":0,"ix":5},"nm":"변형"}],"nm":"그룹 9","np":4,"cix":2,"bm":0,"ix":9,"mn":"ADBE Vector Group","hd":false}],"ip":0,"op":90.0000036657751,"st":0,"bm":0},{"ddd":0,"ind":2,"ty":4,"nm":"왼쪽귀 윤곽선","sr":1,"ks":{"o":{"a":0,"k":100,"ix":11},"r":{"a":0,"k":0,"ix":10},"p":{"a":1,"k":[{"i":{"x":0.833,"y":0.833},"o":{"x":0.167,"y":0.167},"t":6,"s":[477.282,495.161,0],"to":[0,0,0],"ti":[0,0,0]},{"i":{"x":0.833,"y":0.833},"o":{"x":0.167,"y":0.167},"t":14,"s":[487.282,529.161,0],"to":[0,0,0],"ti":[0,0,0]},{"i":{"x":0.833,"y":0.833},"o":{"x":0.167,"y":0.167},"t":22,"s":[477.282,495.161,0],"to":[0,0,0],"ti":[0,0,0]},{"i":{"x":0.833,"y":0.833},"o":{"x":0.167,"y":0.167},"t":30,"s":[487.282,529.161,0],"to":[0,0,0],"ti":[0,0,0]},{"t":38.0000015477717,"s":[477.282,495.161,0]}],"ix":2},"a":{"a":0,"k":[477.282,495.161,0],"ix":1},"s":{"a":0,"k":[100,100,100],"ix":6}},"ao":0,"shapes":[{"ty":"gr","it":[{"ind":0,"ty":"sh","ix":1,"ks":{"a":0,"k":{"i":[[-0.035,-0.55],[6.708,4.168],[6.422,5.558],[9.48,14.444],[5.288,12.48],[4.638,14.118],[1.74,6.378],[0.238,16.462],[-3.541,10.644],[-4.29,7.75],[-12.572,-0.841],[-6.88,-6.498],[-5.552,-9.896],[-2.289,-3.931],[-1.472,-3.702],[-3.447,-10.189],[-1.923,-8.025],[-2.644,-13.143],[-2.021,-13.501],[-0.744,-13.565],[5.54,-11.672],[3.28,-2.859],[2.193,-1.512]],"o":[[-7.376,-3.094],[-7.143,-4.438],[-13.27,-11.483],[-7.402,-11.28],[-5.792,-13.668],[-2.054,-6.25],[-4.394,-16.111],[-0.158,-10.897],[2.835,-8.522],[5.947,-10.744],[9.215,0.616],[8.221,7.765],[2.223,3.961],[1.993,3.421],[3.981,10.005],[2.637,7.796],[3.126,13.043],[2.691,13.381],[2.016,13.468],[0.681,12.409],[-1.745,3.678],[-1.995,1.739],[0.036,0.55]],"v":[[48.328,144.111],[26.343,134.6],[6.694,118.43],[-26.131,78.217],[-44.498,41.898],[-59.67,-0.028],[-63.769,-19.46],[-69.166,-68.583],[-66.017,-101.338],[-56.828,-126.62],[-28.231,-143.27],[-4.352,-130.605],[16.623,-104.509],[24.403,-93.25],[29.257,-82.335],[40.926,-52.218],[47.173,-28.27],[56.223,10.934],[63.155,51.304],[68.193,91.839],[64.018,128.782],[54.764,137.884],[48.222,142.462]],"c":true},"ix":2},"nm":"패스 1","mn":"ADBE Vector Shape - Group","hd":false},{"ty":"fl","c":{"a":0,"k":[1,0.882353001015,0.882353001015,1],"ix":4},"o":{"a":0,"k":100,"ix":5},"r":1,"bm":0,"nm":"칠 1","mn":"ADBE Vector Graphic - Fill","hd":false},{"ty":"tr","p":{"a":0,"k":[477.562,495.158],"ix":2},"a":{"a":0,"k":[0,0],"ix":1},"s":{"a":0,"k":[100,100],"ix":3},"r":{"a":0,"k":0,"ix":6},"o":{"a":0,"k":100,"ix":7},"sk":{"a":0,"k":0,"ix":4},"sa":{"a":0,"k":0,"ix":5},"nm":"변형"}],"nm":"그룹 1","np":2,"cix":2,"bm":0,"ix":1,"mn":"ADBE Vector Group","hd":false},{"ty":"gr","it":[{"ind":0,"ty":"sh","ix":1,"ks":{"a":0,"k":{"i":[[-7.376,-3.094],[0.036,0.55],[-1.995,1.739],[-1.745,3.678],[0.681,12.409],[2.016,13.468],[2.691,13.381],[3.126,13.043],[2.637,7.796],[3.981,10.005],[1.993,3.421],[2.223,3.961],[8.221,7.765],[9.215,0.616],[5.947,-10.744],[2.835,-8.522],[-0.158,-10.897],[-4.394,-16.111],[-2.054,-6.25],[-5.792,-13.668],[-7.402,-11.28],[-13.27,-11.483],[-7.143,-4.438]],"o":[[-0.035,-0.55],[2.193,-1.512],[3.28,-2.859],[5.54,-11.672],[-0.744,-13.565],[-2.021,-13.501],[-2.644,-13.143],[-1.923,-8.025],[-3.447,-10.189],[-1.472,-3.702],[-2.289,-3.931],[-5.552,-9.896],[-6.88,-6.498],[-12.572,-0.841],[-4.29,7.75],[-3.541,10.644],[0.238,16.462],[1.74,6.378],[4.638,14.118],[5.288,12.48],[9.48,14.444],[6.422,5.558],[6.708,4.168]],"v":[[48.541,142.383],[48.435,140.734],[54.977,136.156],[64.23,127.055],[68.406,90.112],[63.367,49.577],[56.435,9.206],[47.385,-29.997],[41.138,-53.945],[29.47,-84.062],[24.616,-94.977],[16.836,-106.236],[-4.139,-132.333],[-28.018,-144.997],[-56.615,-128.347],[-65.804,-103.065],[-68.953,-70.31],[-63.556,-21.188],[-59.457,-1.755],[-44.285,40.171],[-25.918,76.49],[6.907,116.703],[26.556,132.872]],"c":true},"ix":2},"nm":"패스 1","mn":"ADBE Vector Shape - Group","hd":false},{"ind":1,"ty":"sh","ix":2,"ks":{"a":0,"k":{"i":[[-12.544,0.004],[-7.115,-4.684],[-4.229,-3.266],[-5.491,-6.46],[-4.415,-7.812],[-5.065,-10.762],[-1.601,-4.791],[-1.298,-4.379],[-2.524,-9.317],[-1.814,-8.204],[-1.209,-6.949],[-1.201,-7.658],[-1.025,-10.617],[0.21,-11.028],[6.525,-10.488],[10.332,-2.87],[0.463,-0.35],[9.901,5.142],[7.202,5.014],[4.091,4.431],[7.289,8.976],[5.223,11.426],[5.164,10.601],[1.358,3.874],[1.025,3.846],[2.061,8.722],[1.266,7.714],[0.034,9.533],[-1.125,13.2],[-1.456,6.181],[-10.299,9.699]],"o":[[7.87,0.265],[4.508,2.969],[6.751,5.215],[5.782,6.801],[5.851,10.352],[2.127,4.521],[1.45,4.341],[2.744,9.252],[2.198,8.117],[1.52,6.875],[1.329,7.639],[1.653,10.547],[1.062,10.999],[-0.226,11.918],[-5.499,8.839],[-0.621,0.172],[-10.578,7.996],[-7.778,-4.039],[-4.952,-3.448],[-7.843,-8.493],[-7.873,-9.694],[-4.897,-10.715],[-1.777,-3.649],[-1.326,-3.779],[-2.308,-8.656],[-1.803,-7.626],[-1.551,-9.455],[-0.047,-13.227],[0.537,-6.304],[3.26,-13.839],[8.538,-8.04]],"v":[[-33.924,-166.714],[-11.033,-161.959],[3.183,-154.128],[22.18,-136.942],[37.102,-114.507],[53.364,-82.732],[57.815,-68.256],[62.617,-55.386],[70.333,-27.477],[76.748,-3.083],[80.206,17.789],[84.385,40.674],[88.791,72.393],[90.552,105.51],[82.62,140.005],[59.19,158.312],[57.31,158.718],[26.487,157.604],[4.07,143.757],[-9.671,131.856],[-32.334,105.583],[-51.834,73.849],[-67.893,42.325],[-71.633,30.598],[-75.968,19.393],[-82.233,-6.75],[-87.528,-29.647],[-90.715,-58.219],[-88.49,-97.898],[-85.085,-116.651],[-65.083,-152.595]],"c":true},"ix":2},"nm":"패스 2","mn":"ADBE Vector Shape - Group","hd":false},{"ty":"mm","mm":1,"nm":"패스 병합 1","mn":"ADBE Vector Filter - Merge","hd":false},{"ty":"fl","c":{"a":0,"k":[0,0,0,1],"ix":4},"o":{"a":0,"k":100,"ix":5},"r":1,"bm":0,"nm":"칠 1","mn":"ADBE Vector Graphic - Fill","hd":false},{"ty":"tr","p":{"a":0,"k":[477.349,496.886],"ix":2},"a":{"a":0,"k":[0,0],"ix":1},"s":{"a":0,"k":[100,100],"ix":3},"r":{"a":0,"k":0,"ix":6},"o":{"a":0,"k":100,"ix":7},"sk":{"a":0,"k":0,"ix":4},"sa":{"a":0,"k":0,"ix":5},"nm":"변형"}],"nm":"그룹 2","np":4,"cix":2,"bm":0,"ix":2,"mn":"ADBE Vector Group","hd":false}],"ip":0,"op":90.0000036657751,"st":0,"bm":0},{"ddd":0,"ind":3,"ty":4,"nm":"오른쪽귀 윤곽선","sr":1,"ks":{"o":{"a":0,"k":100,"ix":11},"r":{"a":0,"k":0,"ix":10},"p":{"a":1,"k":[{"i":{"x":0.833,"y":0.833},"o":{"x":0.167,"y":0.167},"t":6,"s":[668.088,479.759,0],"to":[0,0,0],"ti":[0,0,0]},{"i":{"x":0.833,"y":0.833},"o":{"x":0.167,"y":0.167},"t":14,"s":[672.088,455.759,0],"to":[0,0,0],"ti":[0,0,0]},{"i":{"x":0.833,"y":0.833},"o":{"x":0.167,"y":0.167},"t":22,"s":[668.088,479.759,0],"to":[0,0,0],"ti":[0,0,0]},{"i":{"x":0.833,"y":0.833},"o":{"x":0.167,"y":0.167},"t":30,"s":[672.088,455.759,0],"to":[0,0,0],"ti":[0,0,0]},{"t":38.0000015477717,"s":[668.088,479.759,0]}],"ix":2},"a":{"a":0,"k":[668.088,479.759,0],"ix":1},"s":{"a":0,"k":[100,100,100],"ix":6}},"ao":0,"shapes":[{"ty":"gr","it":[{"ind":0,"ty":"sh","ix":1,"ks":{"a":0,"k":{"i":[[-0.394,3.853],[-2.808,5.462],[-5.086,7.813],[-6.132,5.544],[-12.252,-3.045],[-5.786,-8.782],[-2.034,-11.32],[0.325,-8.222],[1.559,-15.266],[1.657,-9.77],[0.646,-2.926],[0.913,-3.397],[2.891,-9.988],[4.125,-8.533],[12.003,-14.44],[6.591,-5.856],[1.568,0.029],[4.521,0.856],[0.795,1.874],[3.106,9.673],[0.983,5.961],[0.913,9.117],[0.297,13.187],[0.237,8.3],[-1.077,9.989],[-2.025,9.651],[-1.372,5.804]],"o":[[5.007,-2.936],[4.292,-8.35],[4.484,-6.888],[8.897,-8.044],[11.193,2.782],[6.421,9.745],[1.444,8.04],[-0.607,15.34],[-1.003,9.827],[-0.505,2.976],[-0.754,3.418],[-2.702,10.045],[-2.658,9.177],[-8.074,16.701],[-5.59,6.726],[-1.12,0.996],[-4.628,-0.087],[-2.179,-0.412],[-3.971,-9.355],[-1.833,-5.708],[-1.493,-9.053],[-1.315,-13.135],[-0.188,-8.306],[-0.292,-10.243],[1.053,-9.78],[1.223,-5.829],[0.668,-2.826]],"v":[[-44.354,-79.377],[-36.641,-94.833],[-23.981,-119.966],[-7.479,-138.593],[24.128,-146.666],[48.09,-127.425],[59.327,-94.886],[60.315,-70.19],[57.308,-24.228],[52.096,5.032],[51.506,14.111],[48.06,24.106],[40.216,54.311],[31.103,81.473],[4.21,130.183],[-15.083,148.246],[-19.75,149.682],[-33.592,148.66],[-39.447,144.661],[-50.26,116.141],[-53.685,98.355],[-57.829,71.147],[-60.583,31.637],[-58.742,6.665],[-55.281,-23.313],[-50.031,-52.421],[-45.409,-69.711]],"c":true},"ix":2},"nm":"패스 1","mn":"ADBE Vector Shape - Group","hd":false},{"ty":"fl","c":{"a":0,"k":[1,0.882353001015,0.882353001015,1],"ix":4},"o":{"a":0,"k":100,"ix":5},"r":1,"bm":0,"nm":"칠 1","mn":"ADBE Vector Graphic - Fill","hd":false},{"ty":"tr","p":{"a":0,"k":[667.576,477.826],"ix":2},"a":{"a":0,"k":[0,0],"ix":1},"s":{"a":0,"k":[100,100],"ix":3},"r":{"a":0,"k":0,"ix":6},"o":{"a":0,"k":100,"ix":7},"sk":{"a":0,"k":0,"ix":4},"sa":{"a":0,"k":0,"ix":5},"nm":"변형"}],"nm":"그룹 1","np":2,"cix":2,"bm":0,"ix":1,"mn":"ADBE Vector Group","hd":false},{"ty":"gr","it":[{"ind":0,"ty":"sh","ix":1,"ks":{"a":0,"k":{"i":[[5.007,-2.936],[0.668,-2.826],[1.223,-5.829],[1.053,-9.78],[-0.292,-10.243],[-0.188,-8.306],[-1.315,-13.135],[-1.493,-9.053],[-1.833,-5.708],[-3.971,-9.355],[-2.179,-0.412],[-4.628,-0.087],[-1.12,0.996],[-5.59,6.726],[-8.074,16.701],[-2.658,9.177],[-2.702,10.045],[-0.754,3.418],[-0.505,2.976],[-1.003,9.827],[-0.607,15.34],[1.444,8.04],[6.421,9.745],[11.193,2.782],[8.897,-8.044],[4.484,-6.888],[4.292,-8.35]],"o":[[-0.394,3.853],[-1.372,5.804],[-2.025,9.651],[-1.077,9.989],[0.237,8.3],[0.297,13.187],[0.913,9.117],[0.983,5.961],[3.106,9.673],[0.795,1.874],[4.521,0.856],[1.568,0.029],[6.591,-5.856],[12.003,-14.44],[4.125,-8.533],[2.891,-9.988],[0.913,-3.397],[0.646,-2.926],[1.657,-9.77],[1.559,-15.266],[0.325,-8.222],[-2.034,-11.32],[-5.786,-8.782],[-12.252,-3.045],[-6.132,5.544],[-5.086,7.813],[-2.808,5.462]],"v":[[-44.86,-81.212],[-45.914,-71.546],[-50.537,-54.255],[-55.787,-25.147],[-59.248,4.831],[-61.089,29.802],[-58.335,69.312],[-54.19,96.52],[-50.766,114.306],[-39.953,142.826],[-34.098,146.826],[-20.255,147.847],[-15.589,146.411],[3.704,128.348],[30.597,79.638],[39.711,52.477],[47.554,22.271],[51,12.276],[51.591,3.197],[56.802,-26.062],[59.81,-72.025],[58.821,-96.72],[47.584,-129.26],[23.622,-148.5],[-7.984,-140.427],[-24.487,-121.801],[-37.146,-96.667]],"c":true},"ix":2},"nm":"패스 1","mn":"ADBE Vector Shape - Group","hd":false},{"ind":1,"ty":"sh","ix":2,"ks":{"a":0,"k":{"i":[[10.671,-0.575],[7.494,3.121],[1.928,4.147],[2.388,14.673],[1.387,11.019],[0.468,11.85],[-0.227,8.352],[-0.729,9.135],[-1.31,7.529],[-1.836,7.888],[-0.722,2.406],[-5.046,15.048],[-3.348,5.436],[-4.117,5.674],[-2.686,2.958],[-8.98,4.201],[-6.278,0.433],[-4.54,-1.346],[-7.125,-10.52],[-2.917,-7.019],[0.194,-12.337],[-0.205,-9.616],[0.636,-7.747],[1.238,-8.936],[1.731,-8.168],[3.115,-12.706],[3.111,-8.027],[6.801,-15.406],[4.124,-5.358],[11.525,-6.429]],"o":[[-7.416,-1.836],[-4.026,-1.677],[-6.162,-13.255],[-1.788,-10.988],[-1.478,-11.733],[-0.33,-8.358],[0.249,-9.153],[0.609,-7.641],[1.384,-7.96],[0.575,-2.468],[4.561,-15.207],[2.027,-6.044],[3.661,-5.945],[2.371,-3.268],[6.856,-7.552],[5.485,-2.566],[4.806,-0.331],[11.513,3.413],[4.372,6.455],[4.5,10.828],[-0.151,9.587],[0.164,7.733],[-0.739,9.005],[-1.142,8.255],[-2.712,12.803],[-2.052,8.37],[-6.088,15.703],[-2.732,6.188],[-7.626,9.909],[-8.387,4.679]],"v":[[-25.542,171.224],[-48.766,165.112],[-58.461,154.757],[-72.745,113.369],[-79.44,80.628],[-81.341,45.115],[-81.849,20.029],[-80.005,-7.401],[-77.755,-30.277],[-72.065,-53.892],[-71.076,-61.464],[-56.979,-106.955],[-48.69,-124.312],[-36.216,-141.23],[-29.422,-151.255],[-4.56,-167.817],[14.039,-170.825],[28.528,-169.879],[57.917,-150.962],[71.174,-131.771],[79.685,-97.501],[81.911,-68.693],[80.221,-45.45],[77.844,-18.457],[72.979,6.108],[64.602,44.464],[56.992,69.202],[37.674,115.895],[27.278,133.448],[1.495,160.646]],"c":true},"ix":2},"nm":"패스 2","mn":"ADBE Vector Shape - Group","hd":false},{"ty":"mm","mm":1,"nm":"패스 병합 1","mn":"ADBE Vector Filter - Merge","hd":false},{"ty":"fl","c":{"a":0,"k":[0,0,0,1],"ix":4},"o":{"a":0,"k":100,"ix":5},"r":1,"bm":0,"nm":"칠 1","mn":"ADBE Vector Graphic - Fill","hd":false},{"ty":"tr","p":{"a":0,"k":[668.082,479.66],"ix":2},"a":{"a":0,"k":[0,0],"ix":1},"s":{"a":0,"k":[100,100],"ix":3},"r":{"a":0,"k":0,"ix":6},"o":{"a":0,"k":100,"ix":7},"sk":{"a":0,"k":0,"ix":4},"sa":{"a":0,"k":0,"ix":5},"nm":"변형"}],"nm":"그룹 2","np":4,"cix":2,"bm":0,"ix":2,"mn":"ADBE Vector Group","hd":false}],"ip":0,"op":90.0000036657751,"st":0,"bm":0},{"ddd":0,"ind":4,"ty":4,"nm":"몸 윤곽선","sr":1,"ks":{"o":{"a":0,"k":100,"ix":11},"r":{"a":0,"k":0,"ix":10},"p":{"a":0,"k":[750,750,0],"ix":2},"a":{"a":0,"k":[750,750,0],"ix":1},"s":{"a":0,"k":[100,100,100],"ix":6}},"ao":0,"shapes":[{"ty":"gr","it":[{"ind":0,"ty":"sh","ix":1,"ks":{"a":0,"k":{"i":[[-3.187,-0.168],[-0.128,-12.07],[-0.095,-5.438],[0.332,-1.162],[1.085,-3.745],[9.184,-3.177],[-0.797,3.745],[-0.977,3.323],[-1.78,6.628],[-0.657,2.757],[-1.332,6.706],[-0.687,5.599],[-3.538,-0.645]],"o":[[0,12.036],[0.057,5.436],[0.019,1.073],[-1.072,3.749],[-2.89,9.978],[-3.69,1.276],[0.715,-3.36],[1.934,-6.583],[0.735,-2.737],[1.585,-6.654],[1.098,-5.529],[0.403,-3.287],[2.545,0.464]],"v":[[15.896,-42.775],[15.936,-6.595],[16.679,9.709],[14.995,12.972],[12.059,24.298],[-7.56,42.649],[-15.901,35.454],[-12.392,25.662],[-6.979,5.799],[-4.848,-2.432],[-0.221,-22.422],[2.299,-39.161],[7.512,-43.279]],"c":true},"ix":2},"nm":"패스 1","mn":"ADBE Vector Shape - Group","hd":false},{"ty":"fl","c":{"a":0,"k":[1,1,1,1],"ix":4},"o":{"a":0,"k":100,"ix":5},"r":1,"bm":0,"nm":"칠 1","mn":"ADBE Vector Graphic - Fill","hd":false},{"ty":"tr","p":{"a":0,"k":[696.858,1086.432],"ix":2},"a":{"a":0,"k":[0,0],"ix":1},"s":{"a":0,"k":[100,100],"ix":3},"r":{"a":0,"k":0,"ix":6},"o":{"a":0,"k":100,"ix":7},"sk":{"a":0,"k":0,"ix":4},"sa":{"a":0,"k":0,"ix":5},"nm":"변형"}],"nm":"그룹 1","np":2,"cix":2,"bm":0,"ix":1,"mn":"ADBE Vector Group","hd":false},{"ty":"gr","it":[{"ind":0,"ty":"sh","ix":1,"ks":{"a":0,"k":{"i":[[-0.943,-4.202],[-1.117,-3.164],[-0.12,-0.597],[-0.88,-3.884],[3.224,-2.281],[3.119,2.588],[1.377,16.24],[1.046,13.584],[0.354,5.167],[-3.261,0.083],[-4.937,0.495],[-0.084,-2.862],[-0.178,-6.914],[0.111,-2.275],[-0.165,-0.357],[-4.206,-9.089]],"o":[[0.861,2.532],[0.211,0.597],[0.785,3.907],[0.966,4.268],[-3.289,2.325],[-13.181,-10.938],[-1.15,-13.576],[-0.397,-5.163],[-0.234,-3.419],[4.967,-0.126],[4.101,-0.411],[0.202,6.913],[0.059,2.273],[-0.024,0.486],[4.178,9.02],[1.374,2.97]],"v":[[11.797,19.62],[14.836,28.499],[15.787,30.174],[18.032,41.917],[13.86,51.365],[4.558,50.477],[-14.554,8.524],[-17.822,-32.219],[-18.765,-47.726],[-14.072,-52.559],[0.815,-53.278],[5.107,-48.373],[5.795,-27.635],[5.55,-20.807],[5.288,-19.377],[9.287,8.932]],"c":true},"ix":2},"nm":"패스 1","mn":"ADBE Vector Shape - Group","hd":false},{"ty":"fl","c":{"a":0,"k":[1,1,1,1],"ix":4},"o":{"a":0,"k":100,"ix":5},"r":1,"bm":0,"nm":"칠 1","mn":"ADBE Vector Graphic - Fill","hd":false},{"ty":"tr","p":{"a":0,"k":[986.778,1067.162],"ix":2},"a":{"a":0,"k":[0,0],"ix":1},"s":{"a":0,"k":[100,100],"ix":3},"r":{"a":0,"k":0,"ix":6},"o":{"a":0,"k":100,"ix":7},"sk":{"a":0,"k":0,"ix":4},"sa":{"a":0,"k":0,"ix":5},"nm":"변형"}],"nm":"그룹 2","np":2,"cix":2,"bm":0,"ix":2,"mn":"ADBE Vector Group","hd":false},{"ty":"gr","it":[{"ind":0,"ty":"sh","ix":1,"ks":{"a":0,"k":{"i":[[10.05,-4.828],[1.994,1.437],[2.891,4.321],[4.236,12.83],[1.206,14.135],[0.318,10.161],[-0.256,7.132],[-0.719,10.928],[-0.982,6.296],[-1.593,8.265],[-1.862,6.847],[-2.949,8.263],[-2.85,5.832],[-5.066,10.211],[-3.551,5.464],[-9.337,9.754],[-1.765,2.315],[-0.502,0.337],[-12.199,7.464],[-7.059,3.065],[-5.444,1.8],[-2.711,0.498],[-13.957,2.483],[-4.451,0.306],[-10.909,0.435],[-4.071,-0.033],[-12.9,-2.048],[-16.475,-5.742],[-8.435,-3.066],[-5.374,-3.298],[-10.073,-6.899],[-1.517,-1.021],[-8.885,-14.144],[-3.576,-15.751],[-1.547,-11.858],[-0.863,-13.946],[0.051,-5.472],[0.407,-6.658],[0.483,-9.693],[0.12,-5.716],[0.614,-8.408],[1.012,-6.811],[0.413,-3.129],[3.04,-9.353],[9.575,-8.124],[5.698,4.469],[2.727,7.169],[0.643,7.886],[0.822,5.455],[-0.048,4.738],[0.037,0.828],[0.009,11.452],[-1.117,2.968],[4.679,-0.036],[5.789,-0.425],[6.046,-0.665],[4.477,-0.571],[10.88,-1.674],[10.103,-2.39],[6.194,-2.141],[8.078,-1.399],[8.24,-0.782],[17.177,-1.362],[14.569,-0.915],[11.821,-0.682],[0.869,0.516],[2.98,-5.521],[-0.345,-4.37],[1.079,-7.285],[2.451,-9.03],[3.574,-8.823],[1.961,-2.75]],"o":[[-2.268,-1.615],[-4.241,-3.056],[-7.679,-11.476],[-4.433,-13.427],[-0.865,-10.137],[-0.223,-7.111],[0.392,-10.951],[0.416,-6.332],[1.298,-8.322],[1.342,-6.961],[2.306,-8.481],[2.171,-6.08],[5.004,-10.242],[2.912,-5.87],[7.334,-11.289],[1.999,-2.089],[0.379,-0.497],[11.883,-7.977],[6.517,-3.987],[5.267,-2.287],[2.561,-0.846],[13.943,-2.564],[4.378,-0.779],[10.894,-0.75],[4.045,-0.162],[13.1,0.108],[17.186,2.728],[8.477,2.954],[5.99,2.176],[10.393,6.379],[1.509,1.033],[14.11,9.491],[8.484,13.506],[2.658,11.71],[1.803,13.823],[0.339,5.477],[-0.063,6.661],[-0.592,9.688],[-0.285,5.708],[-0.178,8.44],[-0.5,6.848],[-0.463,3.121],[-1.287,9.74],[-3.995,12.297],[-5.419,4.598],[-6.206,-4.867],[-2.698,-7.091],[-0.444,-5.44],[-0.698,-4.623],[0.009,-0.827],[-0.502,-11.452],[-0.002,-2.878],[1.699,-4.514],[-5.821,0.044],[-6.055,0.445],[-4.491,0.495],[-10.919,1.391],[-10.283,1.583],[-6.723,1.591],[-8.182,2.828],[-8.138,1.41],[-17.156,1.627],[-14.551,1.154],[-11.817,0.742],[-1.019,0.058],[-5.436,-3.233],[-1.88,3.481],[0.568,7.171],[-1.38,9.314],[-2.479,9.133],[-1.285,3.171],[-6.316,8.857]],"v":[[-206.016,213.433],[-212.287,208.965],[-222.096,197.364],[-238.192,160.159],[-246.612,118.703],[-248.751,88.259],[-247.868,66.875],[-246.741,34.023],[-243.848,15.135],[-239.923,-9.823],[-234.873,-30.505],[-227.443,-55.797],[-219.131,-73.393],[-204.037,-104.078],[-195.045,-121.546],[-170.062,-153.175],[-164.76,-160.106],[-163.518,-161.508],[-127.749,-185.25],[-106.808,-194.93],[-90.783,-201.249],[-82.556,-202.159],[-40.752,-209.982],[-27.43,-211.25],[5.266,-213.271],[17.465,-212.237],[56.509,-209.063],[107.084,-196.535],[132.603,-187.927],[150.188,-180.442],[180.527,-159.938],[184.928,-156.652],[219.198,-120.534],[237.516,-76.42],[245.151,-41.236],[247.939,0.575],[248.922,17.002],[247.771,36.977],[246.033,66.042],[245.626,83.189],[245,108.501],[242.053,128.939],[240.702,138.309],[233.517,166.665],[212.87,196.755],[193.337,196.253],[180.576,177.826],[173.826,156.083],[169.715,139.979],[169.735,125.789],[169.634,123.306],[168.331,88.95],[172.147,80.297],[164.011,68.667],[146.555,68.755],[128.47,71.196],[114.928,72.041],[82.232,76.681],[51.477,81.951],[31.379,85.077],[6.938,87.786],[-17.736,90.523],[-69.221,95.206],[-112.924,98],[-148.378,100.189],[-151.461,99.483],[-165.362,103.375],[-167.64,114.271],[-170.245,136.122],[-174.771,163.979],[-185.028,190.609],[-189.525,199.837]],"c":true},"ix":2},"nm":"패스 1","mn":"ADBE Vector Shape - Group","hd":false},{"ty":"fl","c":{"a":0,"k":[1,1,1,1],"ix":4},"o":{"a":0,"k":100,"ix":5},"r":1,"bm":0,"nm":"칠 1","mn":"ADBE Vector Graphic - Fill","hd":false},{"ty":"tr","p":{"a":0,"k":[845.007,922.442],"ix":2},"a":{"a":0,"k":[0,0],"ix":1},"s":{"a":0,"k":[100,100],"ix":3},"r":{"a":0,"k":0,"ix":6},"o":{"a":0,"k":100,"ix":7},"sk":{"a":0,"k":0,"ix":4},"sa":{"a":0,"k":0,"ix":5},"nm":"변형"}],"nm":"그룹 3","np":2,"cix":2,"bm":0,"ix":3,"mn":"ADBE Vector Group","hd":false},{"ty":"gr","it":[{"ind":0,"ty":"sh","ix":1,"ks":{"a":0,"k":{"i":[[0,12.036],[2.545,0.464],[0.403,-3.287],[1.098,-5.529],[1.585,-6.654],[0.735,-2.737],[1.934,-6.583],[0.715,-3.36],[-3.69,1.276],[-2.89,9.978],[-1.072,3.749],[0.019,1.073],[0.057,5.436]],"o":[[-3.187,-0.168],[-3.538,-0.645],[-0.687,5.599],[-1.332,6.706],[-0.657,2.757],[-1.78,6.628],[-0.977,3.323],[-0.797,3.745],[9.184,-3.177],[1.085,-3.745],[0.332,-1.162],[-0.095,-5.438],[-0.128,-12.07]],"v":[[-131.755,121.048],[-140.14,120.543],[-145.353,124.662],[-147.872,141.4],[-152.5,161.39],[-154.63,169.622],[-160.044,189.485],[-163.553,199.277],[-155.212,206.471],[-135.593,188.121],[-132.656,176.794],[-130.973,173.532],[-131.716,157.227]],"c":true},"ix":2},"nm":"패스 1","mn":"ADBE Vector Shape - Group","hd":false},{"ind":1,"ty":"sh","ix":2,"ks":{"a":0,"k":{"i":[[0.861,2.531],[1.374,2.97],[4.179,9.02],[-0.024,0.486],[0.059,2.273],[0.202,6.913],[4.101,-0.412],[4.967,-0.126],[-0.235,-3.419],[-0.397,-5.162],[-1.151,-13.575],[-13.181,-10.938],[-3.288,2.325],[0.966,4.268],[0.785,3.907],[0.211,0.597]],"o":[[-0.943,-4.202],[-4.205,-9.089],[-0.165,-0.358],[0.111,-2.275],[-0.178,-6.914],[-0.084,-2.862],[-4.937,0.495],[-3.261,0.083],[0.354,5.167],[1.046,13.585],[1.376,16.241],[3.119,2.588],[3.225,-2.281],[-0.879,-3.885],[-0.12,-0.597],[-1.117,-3.164]],"v":[[154.065,164.172],[151.555,153.484],[147.557,125.175],[147.818,123.745],[148.063,116.917],[147.375,96.179],[143.083,91.274],[128.196,91.993],[123.504,96.826],[124.446,112.333],[127.716,153.075],[146.826,195.029],[156.128,195.917],[160.3,186.469],[158.055,174.726],[157.104,173.051]],"c":true},"ix":2},"nm":"패스 2","mn":"ADBE Vector Shape - Group","hd":false},{"ind":2,"ty":"sh","ix":3,"ks":{"a":0,"k":{"i":[[-2.268,-1.615],[-6.316,8.857],[-1.284,3.171],[-2.479,9.134],[-1.38,9.314],[0.567,7.171],[-1.88,3.481],[-5.436,-3.233],[-1.019,0.058],[-11.817,0.742],[-14.55,1.154],[-17.156,1.627],[-8.139,1.41],[-8.182,2.828],[-6.724,1.591],[-10.283,1.583],[-10.919,1.392],[-4.491,0.494],[-6.055,0.444],[-5.821,0.044],[1.698,-4.514],[-0.002,-2.878],[-0.502,-11.452],[0.009,-0.827],[-0.698,-4.623],[-0.444,-5.44],[-2.698,-7.091],[-6.206,-4.868],[-5.419,4.598],[-3.995,12.296],[-1.286,9.74],[-0.464,3.121],[-0.5,6.848],[-0.177,8.44],[-0.285,5.708],[-0.592,9.688],[-0.062,6.661],[0.339,5.477],[1.804,13.823],[2.658,11.71],[8.484,13.506],[14.11,9.491],[1.509,1.033],[10.393,6.379],[5.99,2.176],[8.476,2.954],[17.187,2.728],[13.1,0.108],[4.045,-0.162],[10.894,-0.75],[4.378,-0.778],[13.943,-2.564],[2.561,-0.846],[5.267,-2.286],[6.517,-3.987],[11.883,-7.977],[0.379,-0.497],[1.999,-2.088],[7.334,-11.289],[2.912,-5.87],[5.004,-10.241],[2.171,-6.08],[2.306,-8.481],[1.341,-6.96],[1.298,-8.322],[0.416,-6.332],[0.392,-10.951],[-0.223,-7.111],[-0.864,-10.137],[-4.433,-13.427],[-7.68,-11.477],[-4.24,-3.056]],"o":[[10.05,-4.828],[1.961,-2.75],[3.575,-8.823],[2.451,-9.03],[1.079,-7.285],[-0.346,-4.37],[2.981,-5.521],[0.869,0.516],[11.821,-0.682],[14.569,-0.915],[17.178,-1.362],[8.24,-0.782],[8.077,-1.399],[6.194,-2.141],[10.102,-2.39],[10.88,-1.674],[4.477,-0.571],[6.046,-0.665],[5.789,-0.426],[4.68,-0.036],[-1.118,2.968],[0.01,11.452],[0.037,0.828],[-0.048,4.738],[0.822,5.455],[0.643,7.886],[2.728,7.169],[5.698,4.468],[9.575,-8.124],[3.04,-9.354],[0.413,-3.128],[1.011,-6.811],[0.615,-8.407],[0.121,-5.716],[0.483,-9.693],[0.408,-6.658],[0.051,-5.472],[-0.864,-13.946],[-1.547,-11.858],[-3.576,-15.751],[-8.885,-14.144],[-1.517,-1.021],[-10.073,-6.899],[-5.373,-3.298],[-8.435,-3.065],[-16.476,-5.742],[-12.899,-2.048],[-4.07,-0.033],[-10.908,0.435],[-4.451,0.306],[-13.957,2.483],[-2.711,0.499],[-5.444,1.8],[-7.059,3.065],[-12.199,7.464],[-0.502,0.338],[-1.765,2.315],[-9.337,9.754],[-3.55,5.464],[-5.066,10.211],[-2.85,5.832],[-2.949,8.263],[-1.861,6.847],[-1.593,8.265],[-0.983,6.296],[-0.719,10.928],[-0.256,7.132],[0.318,10.161],[1.206,14.135],[4.236,12.83],[2.891,4.32],[1.994,1.437]],"v":[[-205.518,213.265],[-189.028,199.669],[-184.531,190.441],[-174.273,163.811],[-169.747,135.954],[-167.142,114.103],[-164.865,103.207],[-150.964,99.315],[-147.88,100.021],[-112.428,97.832],[-68.724,95.038],[-17.239,90.355],[7.436,87.618],[31.876,84.909],[51.975,81.783],[82.729,76.513],[115.425,71.873],[128.967,71.029],[147.052,68.588],[164.508,68.499],[172.646,80.129],[168.828,88.782],[170.131,123.138],[170.232,125.621],[170.212,139.811],[174.323,155.915],[181.073,177.658],[193.834,196.086],[213.366,196.587],[234.014,166.498],[241.199,138.141],[242.552,128.771],[245.497,108.333],[246.123,83.021],[246.531,65.874],[248.267,36.809],[249.419,16.834],[248.438,0.407],[245.648,-41.404],[238.013,-76.588],[219.694,-120.702],[185.425,-156.82],[181.024,-160.106],[150.685,-180.61],[133.1,-188.095],[107.582,-196.703],[57.006,-209.231],[17.962,-212.405],[5.763,-213.439],[-26.932,-211.418],[-40.255,-210.15],[-82.059,-202.327],[-90.286,-201.417],[-106.311,-195.098],[-127.252,-185.418],[-163.021,-161.676],[-164.263,-160.274],[-169.565,-153.343],[-194.548,-121.714],[-203.539,-104.246],[-218.634,-73.561],[-226.945,-55.965],[-234.376,-30.673],[-239.424,-9.991],[-243.35,14.967],[-246.244,33.855],[-247.371,66.707],[-248.254,88.091],[-246.115,118.535],[-237.695,159.991],[-221.598,197.197],[-211.789,208.797]],"c":true},"ix":2},"nm":"패스 3","mn":"ADBE Vector Shape - Group","hd":false},{"ind":3,"ty":"sh","ix":4,"ks":{"a":0,"k":{"i":[[3.847,1.548],[9.774,-0.541],[8.156,9.05],[4.24,9.963],[2.508,8.166],[2.602,8.782],[-0.335,21.575],[-1.106,12.939],[-2.383,15.341],[-2.84,10.243],[-2.617,7.363],[-3.293,7.39],[-4.972,9.347],[-5.29,7.605],[-9.864,11.054],[-7.69,6.215],[-4.575,2.599],[-7.571,3.5],[-6.609,2.073],[-12.16,2.643],[-9.719,1.184],[-7.612,0.447],[-7.342,-0.02],[-8.254,-0.564],[-6.701,0.197],[-13.861,-3.198],[-11.702,-5.365],[-7.879,-4.896],[-5.477,-3.045],[-4.735,-3.399],[-9.282,-8.763],[-8.296,-21.124],[-2.143,-19.142],[-0.727,-7.354],[-0.096,-5.122],[0.192,-8.275],[0.07,-1.753],[0.357,-10.448],[0.379,-9.413],[0.842,-11.581],[1.144,-9.749],[0.895,-2.585],[0.182,-0.786],[2.176,-6.167],[4.348,-7.197],[5.502,-5.024],[5.458,-2.237],[9.02,6.181],[4.595,2.515],[4.391,-2.718],[0.717,0.432],[3.313,1.295],[4.698,4.646],[3.936,7.341],[1.563,6.057],[0.411,5.098],[1.214,18.911],[0.308,1.2],[70.267,-3.838],[3.967,-15.117],[1.581,-4.484],[-0.346,-0.624],[1.327,-4.209],[7.687,-6.386],[9.232,-1.054],[4.232,4.496]],"o":[[-6.509,5.487],[-12.311,0.68],[-7.244,-8.037],[-3.356,-7.885],[-2.687,-8.751],[-6.247,-21.082],[0.202,-12.995],[1.323,-15.469],[1.629,-10.492],[2.082,-7.504],[2.72,-7.654],[4.302,-9.657],[4.373,-8.219],[8.477,-12.187],[6.499,-7.283],[4.142,-3.347],[7.235,-4.109],[6.324,-2.924],[11.88,-3.728],[9.538,-2.073],[7.573,-0.922],[7.323,-0.431],[8.283,0.022],[6.769,0.463],[14.569,-0.43],[12.616,2.911],[8.369,3.838],[5.323,3.307],[5.145,2.86],[10.414,7.475],[16.464,15.543],[7.01,17.847],[0.821,7.34],[0.506,5.134],[0.154,8.263],[-0.04,1.759],[-0.418,10.447],[-0.322,9.417],[-0.467,11.602],[-0.712,9.791],[-0.311,2.648],[-0.263,0.759],[-1.488,6.41],[-2.817,7.98],[-3.828,6.334],[-4.346,3.969],[-9.517,3.899],[-4.105,-2.813],[-3.631,2.346],[-1.099,0.68],[-4.14,-2.487],[-6.246,-2.442],[-5.901,-5.836],[-2.873,-5.358],[-1.297,-5.024],[-1.522,-18.885],[-0.05,-0.779],[-69.488,13.427],[-2.059,15.326],[2.734,3.768],[-0.375,1.064],[2.559,4.616],[-2.897,9.184],[-7.255,6.026],[-4.346,0.497],[-2.166,-2.301]],"v":[[-177.21,221.953],[-200.311,233.908],[-230.919,221.145],[-248.266,194.149],[-257.702,170.242],[-264.083,143.473],[-269.533,79.234],[-267.963,40.272],[-262.401,-5.989],[-255.38,-37.117],[-247.385,-59.145],[-239.351,-82.139],[-224.927,-110.432],[-211.265,-134.776],[-184.145,-170.117],[-161.338,-189.011],[-148.765,-198.834],[-126.264,-209.76],[-107.094,-218.059],[-71.027,-227.834],[-41.951,-231.914],[-19.169,-234.147],[2.852,-234.523],[27.694,-234.024],[47.901,-231.453],[90.172,-224.968],[127.25,-213.268],[152.644,-202.701],[168.844,-193.155],[184.424,-184.866],[214.785,-161.269],[251.81,-105.842],[266.371,-50.508],[268.078,-28.401],[270.177,-13.065],[269.439,11.75],[270.238,17.049],[268.757,48.381],[268.247,76.647],[266.248,111.427],[263.467,140.75],[260.799,148.491],[260.214,150.837],[255.618,170.019],[245.386,193.274],[230.778,210.315],[215.63,219.819],[187.512,217.444],[174.19,210.057],[161.86,217.973],[158.224,219.219],[146.307,219.039],[128.919,208.616],[114.092,188.32],[109.113,170.295],[105.394,155.203],[101.673,98.479],[100.988,95.738],[-108.892,119.445],[-111.577,164.875],[-111.965,177.619],[-113.112,180.708],[-114.221,193.557],[-129.427,216.803],[-153.437,228.817],[-167.09,226.274]],"c":true},"ix":2},"nm":"패스 4","mn":"ADBE Vector Shape - Group","hd":false},{"ty":"mm","mm":1,"nm":"패스 병합 1","mn":"ADBE Vector Filter - Merge","hd":false},{"ty":"fl","c":{"a":0,"k":[0,0,0,1],"ix":4},"o":{"a":0,"k":100,"ix":5},"r":1,"bm":0,"nm":"칠 1","mn":"ADBE Vector Graphic - Fill","hd":false},{"ty":"tr","p":{"a":0,"k":[844.51,922.609],"ix":2},"a":{"a":0,"k":[0,0],"ix":1},"s":{"a":0,"k":[100,100],"ix":3},"r":{"a":0,"k":0,"ix":6},"o":{"a":0,"k":100,"ix":7},"sk":{"a":0,"k":0,"ix":4},"sa":{"a":0,"k":0,"ix":5},"nm":"변형"}],"nm":"그룹 4","np":6,"cix":2,"bm":0,"ix":4,"mn":"ADBE Vector Group","hd":false}],"ip":0,"op":90.0000036657751,"st":0,"bm":0},{"ddd":0,"ind":5,"ty":4,"nm":"꼬리 윤곽선","sr":1,"ks":{"o":{"a":0,"k":100,"ix":11},"r":{"a":1,"k":[{"i":{"x":[0.833],"y":[0.833]},"o":{"x":[0.167],"y":[0.167]},"t":0,"s":[0]},{"t":90.0000036657751,"s":[360]}],"ix":10},"p":{"a":0,"k":[1073.146,748.604,0],"ix":2},"a":{"a":0,"k":[1063.31,736.756,0],"ix":1},"s":{"a":0,"k":[100,100,100],"ix":6}},"ao":0,"shapes":[{"ty":"gr","it":[{"ind":0,"ty":"sh","ix":1,"ks":{"a":0,"k":{"i":[[-0.227,-0.04],[0.777,-6.673],[6.583,-6.342],[9.035,-2.062],[5.827,-0.938],[5.398,3.49],[3.547,1.939],[4.203,9.67],[-6.926,9.796],[-5.565,3.864],[-8.204,2.994],[-6.684,1.121],[-6.62,-8.784],[-4.447,-10.582],[-0.122,-0.48]],"o":[[-0.843,6.666],[-1.182,10.143],[-7.069,6.811],[-6.205,1.416],[-6.701,1.079],[-3.409,-2.204],[-10.083,-5.512],[-5.209,-11.988],[4.002,-5.66],[7.123,-4.945],[6.286,-2.293],[10.898,-1.828],[7.373,9.784],[0.191,0.453],[0.227,0.04]],"v":[[56.162,-1.708],[53.647,18.29],[38.252,40.413],[12.907,50.226],[-4.836,49.995],[-22.597,45.571],[-32.716,38.798],[-50.953,13.726],[-45.318,-18.811],[-31.374,-34.284],[-7.787,-45.827],[12.121,-49.813],[42.538,-35.41],[55.105,-3.266],[55.481,-1.827]],"c":true},"ix":2},"nm":"패스 1","mn":"ADBE Vector Shape - Group","hd":false},{"ty":"fl","c":{"a":0,"k":[1,1,1,1],"ix":4},"o":{"a":0,"k":100,"ix":5},"r":1,"bm":0,"nm":"칠 1","mn":"ADBE Vector Graphic - Fill","hd":false},{"ty":"tr","p":{"a":0,"k":[1062.163,736.167],"ix":2},"a":{"a":0,"k":[0,0],"ix":1},"s":{"a":0,"k":[100,100],"ix":3},"r":{"a":0,"k":0,"ix":6},"o":{"a":0,"k":100,"ix":7},"sk":{"a":0,"k":0,"ix":4},"sa":{"a":0,"k":0,"ix":5},"nm":"변형"}],"nm":"그룹 1","np":2,"cix":2,"bm":0,"ix":1,"mn":"ADBE Vector Group","hd":false},{"ty":"gr","it":[{"ind":0,"ty":"sh","ix":1,"ks":{"a":0,"k":{"i":[[-0.843,6.666],[0.227,0.04],[0.191,0.453],[7.373,9.784],[10.898,-1.828],[6.286,-2.293],[7.123,-4.945],[4.002,-5.66],[-5.209,-11.988],[-10.083,-5.512],[-3.409,-2.204],[-6.701,1.079],[-6.205,1.416],[-7.069,6.811],[-1.182,10.143]],"o":[[-0.227,-0.04],[-0.122,-0.48],[-4.447,-10.582],[-6.62,-8.784],[-6.684,1.121],[-8.204,2.994],[-5.565,3.864],[-6.926,9.796],[4.203,9.67],[3.547,1.939],[5.398,3.49],[5.827,-0.938],[9.035,-2.062],[6.583,-6.342],[0.777,-6.673]],"v":[[54.931,-1.5],[54.25,-1.619],[53.874,-3.058],[41.307,-35.202],[10.89,-49.605],[-9.018,-45.619],[-32.605,-34.076],[-46.549,-18.603],[-52.184,13.934],[-33.947,39.006],[-23.828,45.779],[-6.067,50.203],[11.676,50.434],[37.021,40.621],[52.416,18.498]],"c":true},"ix":2},"nm":"패스 1","mn":"ADBE Vector Shape - Group","hd":false},{"ind":1,"ty":"sh","ix":2,"ks":{"a":0,"k":{"i":[[0,3.582],[-1.368,6.105],[-12.346,9.579],[-8.704,1.552],[-6.101,2.209],[-10.873,-3.671],[-2.419,-0.466],[-7.575,-11.167],[-2.667,-5.705],[-1.241,-3.252],[4.398,-14.923],[9.782,-8.235],[7.229,-3.355],[5.174,-0.576],[9.568,-0.545],[0.514,0.2],[6.763,5.248],[4.081,3.596],[3.409,17.573]],"o":[[-3.897,-4.744],[3.505,-15.644],[6.036,-4.684],[6.193,-1.104],[10.212,-3.697],[2.243,0.758],[13.492,2.599],[3.483,5.136],[1.483,3.17],[5.648,14.792],[-3.284,11.145],[-6.255,5.265],[-4.724,2.193],[-9.509,1.06],[-0.651,0.038],[-7.349,-2.862],[-4.34,-3.369],[-12.72,-11.206],[-0.453,-2.333]],"v":[[-74.588,8.06],[-74.813,-9.213],[-50.195,-47.26],[-29.969,-59.653],[-12.19,-67.557],[19.344,-69.664],[26.855,-69.675],[58.465,-48.446],[66.416,-31.339],[71.141,-21.963],[74.087,23.373],[55.656,53.562],[35.75,66.751],[20.565,71.032],[-8.124,72.777],[-10.044,73.135],[-32.625,66.094],[-46.757,57.435],[-74.526,16.473]],"c":true},"ix":2},"nm":"패스 2","mn":"ADBE Vector Shape - Group","hd":false},{"ty":"mm","mm":1,"nm":"패스 병합 1","mn":"ADBE Vector Filter - Merge","hd":false},{"ty":"fl","c":{"a":0,"k":[0,0,0,1],"ix":4},"o":{"a":0,"k":100,"ix":5},"r":1,"bm":0,"nm":"칠 1","mn":"ADBE Vector Graphic - Fill","hd":false},{"ty":"tr","p":{"a":0,"k":[1063.394,735.958],"ix":2},"a":{"a":0,"k":[0,0],"ix":1},"s":{"a":0,"k":[100,100],"ix":3},"r":{"a":0,"k":0,"ix":6},"o":{"a":0,"k":100,"ix":7},"sk":{"a":0,"k":0,"ix":4},"sa":{"a":0,"k":0,"ix":5},"nm":"변형"}],"nm":"그룹 2","np":4,"cix":2,"bm":0,"ix":2,"mn":"ADBE Vector Group","hd":false}],"ip":0,"op":90.0000036657751,"st":0,"bm":0}],"markers":[]}